⚠ [1358/1492] Replayed CGLMP5.Words
warning: CGLMP5/Words.lean:49:27: This simp argument is unused:
  Prod.fst

Hint: Omit it from the simp argument list.
  [apply] simp only [push, Prod.snd, hz, ↓reduceIte, hmz, eval_cons]

Note: This linter can be disabled with `set_option linter.unusedSimpArgs false`
warning: CGLMP5/Words.lean:49:37: This simp argument is unused:
  Prod.snd

Hint: Omit it from the simp argument list.
  [apply] simp only [push, Prod.fst, hz, ↓reduceIte, hmz, eval_cons]

Note: This linter can be disabled with `set_option linter.unusedSimpArgs false`
⚠ [2121/2179] Replayed CGLMP5.Root
warning: CGLMP5/Root.lean:148:63: Used `tac1 <;> tac2` where `(tac1; tac2)` would suffice

Note: This linter can be disabled with `set_option linter.unnecessarySeqFocus false`
warning: CGLMP5/Root.lean:148:77: Used `tac1 <;> tac2` where `(tac1; tac2)` would suffice

Note: This linter can be disabled with `set_option linter.unnecessarySeqFocus false`
warning: CGLMP5/Root.lean:148:89: Used `tac1 <;> tac2` where `(tac1; tac2)` would suffice

Note: This linter can be disabled with `set_option linter.unnecessarySeqFocus false`
⚠ [2123/2179] Replayed CGLMP5.ScalarDefs
warning: CGLMP5/ScalarDefs.lean:33:61: Unused tactic linter: `ring` does nothing

Note: This linter can be disabled with `set_option linter.unusedTactic false`
warning: CGLMP5/ScalarDefs.lean:33:61: this tactic is never executed

Note: This linter can be disabled with `set_option linter.unreachableTactic false`
⚠ [2150/2179] Replayed CGLMP5.SOSIntegerDataSoundness
warning: CGLMP5/SOSIntegerDataSoundness.lean:12:32: Unused tactic linter: `(fin_cases k <;>
    simp [targetAt, targetNumerator, targetDenominator, Scalar.zero, Scalar.ofCanonical])` does nothing

Note: This linter can be disabled with `set_option linter.unusedTactic false`
warning: CGLMP5/SOSIntegerDataSoundness.lean:12:32: this tactic is never executed

Note: This linter can be disabled with `set_option linter.unreachableTactic false`
warning: CGLMP5/SOSIntegerDataSoundness.lean:16:32: Unused tactic linter: `(fin_cases k <;>
    simp [targetAt, targetNumerator, targetDenominator, Scalar.zero, Scalar.ofCanonical])` does nothing

Note: This linter can be disabled with `set_option linter.unusedTactic false`
warning: CGLMP5/SOSIntegerDataSoundness.lean:16:32: this tactic is never executed

Note: This linter can be disabled with `set_option linter.unreachableTactic false`
⚠ [2155/2179] Replayed CGLMP5.ScalarTableRow00
warning: CGLMP5/ScalarTableRow00.lean:88:8: Unused tactic linter: `ring` does nothing

Note: This linter can be disabled with `set_option linter.unusedTactic false`
warning: CGLMP5/ScalarTableRow00.lean:92:8: Unused tactic linter: `ring` does nothing

Note: This linter can be disabled with `set_option linter.unusedTactic false`
warning: CGLMP5/ScalarTableRow00.lean:96:8: Unused tactic linter: `ring` does nothing

Note: This linter can be disabled with `set_option linter.unusedTactic false`
warning: CGLMP5/ScalarTableRow00.lean:100:8: Unused tactic linter: `ring` does nothing

Note: This linter can be disabled with `set_option linter.unusedTactic false`
warning: CGLMP5/ScalarTableRow00.lean:104:8: Unused tactic linter: `ring` does nothing

Note: This linter can be disabled with `set_option linter.unusedTactic false`
warning: CGLMP5/ScalarTableRow00.lean:108:8: Unused tactic linter: `ring` does nothing

Note: This linter can be disabled with `set_option linter.unusedTactic false`
warning: CGLMP5/ScalarTableRow00.lean:112:8: Unused tactic linter: `ring` does nothing

Note: This linter can be disabled with `set_option linter.unusedTactic false`
warning: CGLMP5/ScalarTableRow00.lean:116:8: Unused tactic linter: `ring` does nothing

Note: This linter can be disabled with `set_option linter.unusedTactic false`
warning: CGLMP5/ScalarTableRow00.lean:120:8: Unused tactic linter: `ring` does nothing

Note: This linter can be disabled with `set_option linter.unusedTactic false`
warning: CGLMP5/ScalarTableRow00.lean:124:8: Unused tactic linter: `ring` does nothing

Note: This linter can be disabled with `set_option linter.unusedTactic false`
warning: CGLMP5/ScalarTableRow00.lean:128:8: Unused tactic linter: `ring` does nothing

Note: This linter can be disabled with `set_option linter.unusedTactic false`
warning: CGLMP5/ScalarTableRow00.lean:132:8: Unused tactic linter: `ring` does nothing

Note: This linter can be disabled with `set_option linter.unusedTactic false`
warning: CGLMP5/ScalarTableRow00.lean:136:8: Unused tactic linter: `ring` does nothing

Note: This linter can be disabled with `set_option linter.unusedTactic false`
warning: CGLMP5/ScalarTableRow00.lean:140:8: Unused tactic linter: `ring` does nothing

Note: This linter can be disabled with `set_option linter.unusedTactic false`
warning: CGLMP5/ScalarTableRow00.lean:144:8: Unused tactic linter: `ring` does nothing

Note: This linter can be disabled with `set_option linter.unusedTactic false`
warning: CGLMP5/ScalarTableRow00.lean:148:8: Unused tactic linter: `ring` does nothing

Note: This linter can be disabled with `set_option linter.unusedTactic false`
warning: CGLMP5/ScalarTableRow00.lean:152:8: Unused tactic linter: `ring` does nothing

Note: This linter can be disabled with `set_option linter.unusedTactic false`
warning: CGLMP5/ScalarTableRow00.lean:156:8: Unused tactic linter: `ring` does nothing

Note: This linter can be disabled with `set_option linter.unusedTactic false`
warning: CGLMP5/ScalarTableRow00.lean:160:8: Unused tactic linter: `ring` does nothing

Note: This linter can be disabled with `set_option linter.unusedTactic false`
warning: CGLMP5/ScalarTableRow00.lean:164:8: Unused tactic linter: `ring` does nothing

Note: This linter can be disabled with `set_option linter.unusedTactic false`
warning: CGLMP5/ScalarTableRow00.lean:168:8: Unused tactic linter: `ring` does nothing

Note: This linter can be disabled with `set_option linter.unusedTactic false`
warning: CGLMP5/ScalarTableRow00.lean:172:8: Unused tactic linter: `ring` does nothing

Note: This linter can be disabled with `set_option linter.unusedTactic false`
warning: CGLMP5/ScalarTableRow00.lean:176:8: Unused tactic linter: `ring` does nothing

Note: This linter can be disabled with `set_option linter.unusedTactic false`
warning: CGLMP5/ScalarTableRow00.lean:180:8: Unused tactic linter: `ring` does nothing

Note: This linter can be disabled with `set_option linter.unusedTactic false`
warning: CGLMP5/ScalarTableRow00.lean:88:8: this tactic is never executed

Note: This linter can be disabled with `set_option linter.unreachableTactic false`
warning: CGLMP5/ScalarTableRow00.lean:92:8: this tactic is never executed

Note: This linter can be disabled with `set_option linter.unreachableTactic false`
warning: CGLMP5/ScalarTableRow00.lean:96:8: this tactic is never executed

Note: This linter can be disabled with `set_option linter.unreachableTactic false`
warning: CGLMP5/ScalarTableRow00.lean:100:8: this tactic is never executed

Note: This linter can be disabled with `set_option linter.unreachableTactic false`
warning: CGLMP5/ScalarTableRow00.lean:104:8: this tactic is never executed

Note: This linter can be disabled with `set_option linter.unreachableTactic false`
warning: CGLMP5/ScalarTableRow00.lean:108:8: this tactic is never executed

Note: This linter can be disabled with `set_option linter.unreachableTactic false`
warning: CGLMP5/ScalarTableRow00.lean:112:8: this tactic is never executed

Note: This linter can be disabled with `set_option linter.unreachableTactic false`
warning: CGLMP5/ScalarTableRow00.lean:116:8: this tactic is never executed

Note: This linter can be disabled with `set_option linter.unreachableTactic false`
warning: CGLMP5/ScalarTableRow00.lean:120:8: this tactic is never executed

Note: This linter can be disabled with `set_option linter.unreachableTactic false`
warning: CGLMP5/ScalarTableRow00.lean:124:8: this tactic is never executed

Note: This linter can be disabled with `set_option linter.unreachableTactic false`
warning: CGLMP5/ScalarTableRow00.lean:128:8: this tactic is never executed

Note: This linter can be disabled with `set_option linter.unreachableTactic false`
warning: CGLMP5/ScalarTableRow00.lean:132:8: this tactic is never executed

Note: This linter can be disabled with `set_option linter.unreachableTactic false`
warning: CGLMP5/ScalarTableRow00.lean:136:8: this tactic is never executed

Note: This linter can be disabled with `set_option linter.unreachableTactic false`
warning: CGLMP5/ScalarTableRow00.lean:140:8: this tactic is never executed

Note: This linter can be disabled with `set_option linter.unreachableTactic false`
warning: CGLMP5/ScalarTableRow00.lean:144:8: this tactic is never executed

Note: This linter can be disabled with `set_option linter.unreachableTactic false`
warning: CGLMP5/ScalarTableRow00.lean:148:8: this tactic is never executed

Note: This linter can be disabled with `set_option linter.unreachableTactic false`
warning: CGLMP5/ScalarTableRow00.lean:152:8: this tactic is never executed

Note: This linter can be disabled with `set_option linter.unreachableTactic false`
warning: CGLMP5/ScalarTableRow00.lean:156:8: this tactic is never executed

Note: This linter can be disabled with `set_option linter.unreachableTactic false`
warning: CGLMP5/ScalarTableRow00.lean:160:8: this tactic is never executed

Note: This linter can be disabled with `set_option linter.unreachableTactic false`
warning: CGLMP5/ScalarTableRow00.lean:164:8: this tactic is never executed

Note: This linter can be disabled with `set_option linter.unreachableTactic false`
warning: CGLMP5/ScalarTableRow00.lean:168:8: this tactic is never executed

Note: This linter can be disabled with `set_option linter.unreachableTactic false`
warning: CGLMP5/ScalarTableRow00.lean:172:8: this tactic is never executed

Note: This linter can be disabled with `set_option linter.unreachableTactic false`
warning: CGLMP5/ScalarTableRow00.lean:176:8: this tactic is never executed

Note: This linter can be disabled with `set_option linter.unreachableTactic false`
warning: CGLMP5/ScalarTableRow00.lean:180:8: this tactic is never executed

Note: This linter can be disabled with `set_option linter.unreachableTactic false`
⚠ [2156/2179] Replayed CGLMP5.ScalarTableRow01
warning: CGLMP5/ScalarTableRow01.lean:88:8: Unused tactic linter: `ring` does nothing

Note: This linter can be disabled with `set_option linter.unusedTactic false`
warning: CGLMP5/ScalarTableRow01.lean:96:8: Unused tactic linter: `ring` does nothing

Note: This linter can be disabled with `set_option linter.unusedTactic false`
warning: CGLMP5/ScalarTableRow01.lean:104:8: Unused tactic linter: `ring` does nothing

Note: This linter can be disabled with `set_option linter.unusedTactic false`
warning: CGLMP5/ScalarTableRow01.lean:112:8: Unused tactic linter: `ring` does nothing

Note: This linter can be disabled with `set_option linter.unusedTactic false`
warning: CGLMP5/ScalarTableRow01.lean:136:8: Unused tactic linter: `ring` does nothing

Note: This linter can be disabled with `set_option linter.unusedTactic false`
warning: CGLMP5/ScalarTableRow01.lean:88:8: this tactic is never executed

Note: This linter can be disabled with `set_option linter.unreachableTactic false`
warning: CGLMP5/ScalarTableRow01.lean:96:8: this tactic is never executed

Note: This linter can be disabled with `set_option linter.unreachableTactic false`
warning: CGLMP5/ScalarTableRow01.lean:104:8: this tactic is never executed

Note: This linter can be disabled with `set_option linter.unreachableTactic false`
warning: CGLMP5/ScalarTableRow01.lean:112:8: this tactic is never executed

Note: This linter can be disabled with `set_option linter.unreachableTactic false`
warning: CGLMP5/ScalarTableRow01.lean:136:8: this tactic is never executed

Note: This linter can be disabled with `set_option linter.unreachableTactic false`
warning: CGLMP5/ScalarTableRow01.lean:92:4: Used `tac1 <;> tac2` where `(tac1; tac2)` would suffice

Note: This linter can be disabled with `set_option linter.unnecessarySeqFocus false`
warning: CGLMP5/ScalarTableRow01.lean:100:4: Used `tac1 <;> tac2` where `(tac1; tac2)` would suffice

Note: This linter can be disabled with `set_option linter.unnecessarySeqFocus false`
warning: CGLMP5/ScalarTableRow01.lean:108:4: Used `tac1 <;> tac2` where `(tac1; tac2)` would suffice

Note: This linter can be disabled with `set_option linter.unnecessarySeqFocus false`
warning: CGLMP5/ScalarTableRow01.lean:116:4: Used `tac1 <;> tac2` where `(tac1; tac2)` would suffice

Note: This linter can be disabled with `set_option linter.unnecessarySeqFocus false`
warning: CGLMP5/ScalarTableRow01.lean:120:4: Used `tac1 <;> tac2` where `(tac1; tac2)` would suffice

Note: This linter can be disabled with `set_option linter.unnecessarySeqFocus false`
warning: CGLMP5/ScalarTableRow01.lean:124:4: Used `tac1 <;> tac2` where `(tac1; tac2)` would suffice

Note: This linter can be disabled with `set_option linter.unnecessarySeqFocus false`
warning: CGLMP5/ScalarTableRow01.lean:128:4: Used `tac1 <;> tac2` where `(tac1; tac2)` would suffice

Note: This linter can be disabled with `set_option linter.unnecessarySeqFocus false`
warning: CGLMP5/ScalarTableRow01.lean:132:4: Used `tac1 <;> tac2` where `(tac1; tac2)` would suffice

Note: This linter can be disabled with `set_option linter.unnecessarySeqFocus false`
warning: CGLMP5/ScalarTableRow01.lean:140:4: Used `tac1 <;> tac2` where `(tac1; tac2)` would suffice

Note: This linter can be disabled with `set_option linter.unnecessarySeqFocus false`
warning: CGLMP5/ScalarTableRow01.lean:144:4: Used `tac1 <;> tac2` where `(tac1; tac2)` would suffice

Note: This linter can be disabled with `set_option linter.unnecessarySeqFocus false`
warning: CGLMP5/ScalarTableRow01.lean:148:4: Used `tac1 <;> tac2` where `(tac1; tac2)` would suffice

Note: This linter can be disabled with `set_option linter.unnecessarySeqFocus false`
warning: CGLMP5/ScalarTableRow01.lean:152:4: Used `tac1 <;> tac2` where `(tac1; tac2)` would suffice

Note: This linter can be disabled with `set_option linter.unnecessarySeqFocus false`
warning: CGLMP5/ScalarTableRow01.lean:156:4: Used `tac1 <;> tac2` where `(tac1; tac2)` would suffice

Note: This linter can be disabled with `set_option linter.unnecessarySeqFocus false`
warning: CGLMP5/ScalarTableRow01.lean:160:4: Used `tac1 <;> tac2` where `(tac1; tac2)` would suffice

Note: This linter can be disabled with `set_option linter.unnecessarySeqFocus false`
warning: CGLMP5/ScalarTableRow01.lean:164:4: Used `tac1 <;> tac2` where `(tac1; tac2)` would suffice

Note: This linter can be disabled with `set_option linter.unnecessarySeqFocus false`
warning: CGLMP5/ScalarTableRow01.lean:168:4: Used `tac1 <;> tac2` where `(tac1; tac2)` would suffice

Note: This linter can be disabled with `set_option linter.unnecessarySeqFocus false`
warning: CGLMP5/ScalarTableRow01.lean:172:4: Used `tac1 <;> tac2` where `(tac1; tac2)` would suffice

Note: This linter can be disabled with `set_option linter.unnecessarySeqFocus false`
warning: CGLMP5/ScalarTableRow01.lean:176:4: Used `tac1 <;> tac2` where `(tac1; tac2)` would suffice

Note: This linter can be disabled with `set_option linter.unnecessarySeqFocus false`
warning: CGLMP5/ScalarTableRow01.lean:180:4: Used `tac1 <;> tac2` where `(tac1; tac2)` would suffice

Note: This linter can be disabled with `set_option linter.unnecessarySeqFocus false`
⚠ [2157/2179] Replayed CGLMP5.ScalarTableRow02
warning: CGLMP5/ScalarTableRow02.lean:88:8: Unused tactic linter: `ring` does nothing

Note: This linter can be disabled with `set_option linter.unusedTactic false`
warning: CGLMP5/ScalarTableRow02.lean:112:8: Unused tactic linter: `ring` does nothing

Note: This linter can be disabled with `set_option linter.unusedTactic false`
warning: CGLMP5/ScalarTableRow02.lean:136:8: Unused tactic linter: `ring` does nothing

Note: This linter can be disabled with `set_option linter.unusedTactic false`
warning: CGLMP5/ScalarTableRow02.lean:88:8: this tactic is never executed

Note: This linter can be disabled with `set_option linter.unreachableTactic false`
warning: CGLMP5/ScalarTableRow02.lean:112:8: this tactic is never executed

Note: This linter can be disabled with `set_option linter.unreachableTactic false`
warning: CGLMP5/ScalarTableRow02.lean:136:8: this tactic is never executed

Note: This linter can be disabled with `set_option linter.unreachableTactic false`
warning: CGLMP5/ScalarTableRow02.lean:92:4: Used `tac1 <;> tac2` where `(tac1; tac2)` would suffice

Note: This linter can be disabled with `set_option linter.unnecessarySeqFocus false`
warning: CGLMP5/ScalarTableRow02.lean:96:4: Used `tac1 <;> tac2` where `(tac1; tac2)` would suffice

Note: This linter can be disabled with `set_option linter.unnecessarySeqFocus false`
warning: CGLMP5/ScalarTableRow02.lean:100:4: Used `tac1 <;> tac2` where `(tac1; tac2)` would suffice

Note: This linter can be disabled with `set_option linter.unnecessarySeqFocus false`
warning: CGLMP5/ScalarTableRow02.lean:104:4: Used `tac1 <;> tac2` where `(tac1; tac2)` would suffice

Note: This linter can be disabled with `set_option linter.unnecessarySeqFocus false`
warning: CGLMP5/ScalarTableRow02.lean:108:4: Used `tac1 <;> tac2` where `(tac1; tac2)` would suffice

Note: This linter can be disabled with `set_option linter.unnecessarySeqFocus false`
warning: CGLMP5/ScalarTableRow02.lean:116:4: Used `tac1 <;> tac2` where `(tac1; tac2)` would suffice

Note: This linter can be disabled with `set_option linter.unnecessarySeqFocus false`
warning: CGLMP5/ScalarTableRow02.lean:120:4: Used `tac1 <;> tac2` where `(tac1; tac2)` would suffice

Note: This linter can be disabled with `set_option linter.unnecessarySeqFocus false`
warning: CGLMP5/ScalarTableRow02.lean:124:4: Used `tac1 <;> tac2` where `(tac1; tac2)` would suffice

Note: This linter can be disabled with `set_option linter.unnecessarySeqFocus false`
warning: CGLMP5/ScalarTableRow02.lean:128:4: Used `tac1 <;> tac2` where `(tac1; tac2)` would suffice

Note: This linter can be disabled with `set_option linter.unnecessarySeqFocus false`
warning: CGLMP5/ScalarTableRow02.lean:132:4: Used `tac1 <;> tac2` where `(tac1; tac2)` would suffice

Note: This linter can be disabled with `set_option linter.unnecessarySeqFocus false`
warning: CGLMP5/ScalarTableRow02.lean:140:4: Used `tac1 <;> tac2` where `(tac1; tac2)` would suffice

Note: This linter can be disabled with `set_option linter.unnecessarySeqFocus false`
warning: CGLMP5/ScalarTableRow02.lean:144:4: Used `tac1 <;> tac2` where `(tac1; tac2)` would suffice

Note: This linter can be disabled with `set_option linter.unnecessarySeqFocus false`
warning: CGLMP5/ScalarTableRow02.lean:148:4: Used `tac1 <;> tac2` where `(tac1; tac2)` would suffice

Note: This linter can be disabled with `set_option linter.unnecessarySeqFocus false`
warning: CGLMP5/ScalarTableRow02.lean:152:4: Used `tac1 <;> tac2` where `(tac1; tac2)` would suffice

Note: This linter can be disabled with `set_option linter.unnecessarySeqFocus false`
warning: CGLMP5/ScalarTableRow02.lean:156:4: Used `tac1 <;> tac2` where `(tac1; tac2)` would suffice

Note: This linter can be disabled with `set_option linter.unnecessarySeqFocus false`
warning: CGLMP5/ScalarTableRow02.lean:160:4: Used `tac1 <;> tac2` where `(tac1; tac2)` would suffice

Note: This linter can be disabled with `set_option linter.unnecessarySeqFocus false`
warning: CGLMP5/ScalarTableRow02.lean:164:4: Used `tac1 <;> tac2` where `(tac1; tac2)` would suffice

Note: This linter can be disabled with `set_option linter.unnecessarySeqFocus false`
warning: CGLMP5/ScalarTableRow02.lean:168:4: Used `tac1 <;> tac2` where `(tac1; tac2)` would suffice

Note: This linter can be disabled with `set_option linter.unnecessarySeqFocus false`
warning: CGLMP5/ScalarTableRow02.lean:172:4: Used `tac1 <;> tac2` where `(tac1; tac2)` would suffice

Note: This linter can be disabled with `set_option linter.unnecessarySeqFocus false`
warning: CGLMP5/ScalarTableRow02.lean:176:4: Used `tac1 <;> tac2` where `(tac1; tac2)` would suffice

Note: This linter can be disabled with `set_option linter.unnecessarySeqFocus false`
warning: CGLMP5/ScalarTableRow02.lean:180:4: Used `tac1 <;> tac2` where `(tac1; tac2)` would suffice

Note: This linter can be disabled with `set_option linter.unnecessarySeqFocus false`
⚠ [2158/2179] Replayed CGLMP5.ScalarTableRow03
warning: CGLMP5/ScalarTableRow03.lean:88:8: Unused tactic linter: `ring` does nothing

Note: This linter can be disabled with `set_option linter.unusedTactic false`
warning: CGLMP5/ScalarTableRow03.lean:112:8: Unused tactic linter: `ring` does nothing

Note: This linter can be disabled with `set_option linter.unusedTactic false`
warning: CGLMP5/ScalarTableRow03.lean:136:8: Unused tactic linter: `ring` does nothing

Note: This linter can be disabled with `set_option linter.unusedTactic false`
warning: CGLMP5/ScalarTableRow03.lean:88:8: this tactic is never executed

Note: This linter can be disabled with `set_option linter.unreachableTactic false`
warning: CGLMP5/ScalarTableRow03.lean:112:8: this tactic is never executed

Note: This linter can be disabled with `set_option linter.unreachableTactic false`
warning: CGLMP5/ScalarTableRow03.lean:136:8: this tactic is never executed

Note: This linter can be disabled with `set_option linter.unreachableTactic false`
warning: CGLMP5/ScalarTableRow03.lean:92:4: Used `tac1 <;> tac2` where `(tac1; tac2)` would suffice

Note: This linter can be disabled with `set_option linter.unnecessarySeqFocus false`
warning: CGLMP5/ScalarTableRow03.lean:96:4: Used `tac1 <;> tac2` where `(tac1; tac2)` would suffice

Note: This linter can be disabled with `set_option linter.unnecessarySeqFocus false`
warning: CGLMP5/ScalarTableRow03.lean:100:4: Used `tac1 <;> tac2` where `(tac1; tac2)` would suffice

Note: This linter can be disabled with `set_option linter.unnecessarySeqFocus false`
warning: CGLMP5/ScalarTableRow03.lean:104:4: Used `tac1 <;> tac2` where `(tac1; tac2)` would suffice

Note: This linter can be disabled with `set_option linter.unnecessarySeqFocus false`
warning: CGLMP5/ScalarTableRow03.lean:108:4: Used `tac1 <;> tac2` where `(tac1; tac2)` would suffice

Note: This linter can be disabled with `set_option linter.unnecessarySeqFocus false`
warning: CGLMP5/ScalarTableRow03.lean:116:4: Used `tac1 <;> tac2` where `(tac1; tac2)` would suffice

Note: This linter can be disabled with `set_option linter.unnecessarySeqFocus false`
warning: CGLMP5/ScalarTableRow03.lean:120:4: Used `tac1 <;> tac2` where `(tac1; tac2)` would suffice

Note: This linter can be disabled with `set_option linter.unnecessarySeqFocus false`
warning: CGLMP5/ScalarTableRow03.lean:124:4: Used `tac1 <;> tac2` where `(tac1; tac2)` would suffice

Note: This linter can be disabled with `set_option linter.unnecessarySeqFocus false`
warning: CGLMP5/ScalarTableRow03.lean:128:4: Used `tac1 <;> tac2` where `(tac1; tac2)` would suffice

Note: This linter can be disabled with `set_option linter.unnecessarySeqFocus false`
warning: CGLMP5/ScalarTableRow03.lean:132:4: Used `tac1 <;> tac2` where `(tac1; tac2)` would suffice

Note: This linter can be disabled with `set_option linter.unnecessarySeqFocus false`
warning: CGLMP5/ScalarTableRow03.lean:140:4: Used `tac1 <;> tac2` where `(tac1; tac2)` would suffice

Note: This linter can be disabled with `set_option linter.unnecessarySeqFocus false`
warning: CGLMP5/ScalarTableRow03.lean:144:4: Used `tac1 <;> tac2` where `(tac1; tac2)` would suffice

Note: This linter can be disabled with `set_option linter.unnecessarySeqFocus false`
warning: CGLMP5/ScalarTableRow03.lean:148:4: Used `tac1 <;> tac2` where `(tac1; tac2)` would suffice

Note: This linter can be disabled with `set_option linter.unnecessarySeqFocus false`
warning: CGLMP5/ScalarTableRow03.lean:152:4: Used `tac1 <;> tac2` where `(tac1; tac2)` would suffice

Note: This linter can be disabled with `set_option linter.unnecessarySeqFocus false`
warning: CGLMP5/ScalarTableRow03.lean:156:4: Used `tac1 <;> tac2` where `(tac1; tac2)` would suffice

Note: This linter can be disabled with `set_option linter.unnecessarySeqFocus false`
warning: CGLMP5/ScalarTableRow03.lean:160:4: Used `tac1 <;> tac2` where `(tac1; tac2)` would suffice

Note: This linter can be disabled with `set_option linter.unnecessarySeqFocus false`
warning: CGLMP5/ScalarTableRow03.lean:164:4: Used `tac1 <;> tac2` where `(tac1; tac2)` would suffice

Note: This linter can be disabled with `set_option linter.unnecessarySeqFocus false`
warning: CGLMP5/ScalarTableRow03.lean:168:4: Used `tac1 <;> tac2` where `(tac1; tac2)` would suffice

Note: This linter can be disabled with `set_option linter.unnecessarySeqFocus false`
warning: CGLMP5/ScalarTableRow03.lean:172:4: Used `tac1 <;> tac2` where `(tac1; tac2)` would suffice

Note: This linter can be disabled with `set_option linter.unnecessarySeqFocus false`
warning: CGLMP5/ScalarTableRow03.lean:176:4: Used `tac1 <;> tac2` where `(tac1; tac2)` would suffice

Note: This linter can be disabled with `set_option linter.unnecessarySeqFocus false`
warning: CGLMP5/ScalarTableRow03.lean:180:4: Used `tac1 <;> tac2` where `(tac1; tac2)` would suffice

Note: This linter can be disabled with `set_option linter.unnecessarySeqFocus false`
⚠ [2159/2179] Replayed CGLMP5.ScalarTableRow04
warning: CGLMP5/ScalarTableRow04.lean:88:8: Unused tactic linter: `ring` does nothing

Note: This linter can be disabled with `set_option linter.unusedTactic false`
warning: CGLMP5/ScalarTableRow04.lean:112:8: Unused tactic linter: `ring` does nothing

Note: This linter can be disabled with `set_option linter.unusedTactic false`
warning: CGLMP5/ScalarTableRow04.lean:136:8: Unused tactic linter: `ring` does nothing

Note: This linter can be disabled with `set_option linter.unusedTactic false`
warning: CGLMP5/ScalarTableRow04.lean:88:8: this tactic is never executed

Note: This linter can be disabled with `set_option linter.unreachableTactic false`
warning: CGLMP5/ScalarTableRow04.lean:112:8: this tactic is never executed

Note: This linter can be disabled with `set_option linter.unreachableTactic false`
warning: CGLMP5/ScalarTableRow04.lean:136:8: this tactic is never executed

Note: This linter can be disabled with `set_option linter.unreachableTactic false`
warning: CGLMP5/ScalarTableRow04.lean:92:4: Used `tac1 <;> tac2` where `(tac1; tac2)` would suffice

Note: This linter can be disabled with `set_option linter.unnecessarySeqFocus false`
warning: CGLMP5/ScalarTableRow04.lean:96:4: Used `tac1 <;> tac2` where `(tac1; tac2)` would suffice

Note: This linter can be disabled with `set_option linter.unnecessarySeqFocus false`
warning: CGLMP5/ScalarTableRow04.lean:100:4: Used `tac1 <;> tac2` where `(tac1; tac2)` would suffice

Note: This linter can be disabled with `set_option linter.unnecessarySeqFocus false`
warning: CGLMP5/ScalarTableRow04.lean:104:4: Used `tac1 <;> tac2` where `(tac1; tac2)` would suffice

Note: This linter can be disabled with `set_option linter.unnecessarySeqFocus false`
warning: CGLMP5/ScalarTableRow04.lean:108:4: Used `tac1 <;> tac2` where `(tac1; tac2)` would suffice

Note: This linter can be disabled with `set_option linter.unnecessarySeqFocus false`
warning: CGLMP5/ScalarTableRow04.lean:116:4: Used `tac1 <;> tac2` where `(tac1; tac2)` would suffice

Note: This linter can be disabled with `set_option linter.unnecessarySeqFocus false`
warning: CGLMP5/ScalarTableRow04.lean:120:4: Used `tac1 <;> tac2` where `(tac1; tac2)` would suffice

Note: This linter can be disabled with `set_option linter.unnecessarySeqFocus false`
warning: CGLMP5/ScalarTableRow04.lean:124:4: Used `tac1 <;> tac2` where `(tac1; tac2)` would suffice

Note: This linter can be disabled with `set_option linter.unnecessarySeqFocus false`
warning: CGLMP5/ScalarTableRow04.lean:128:4: Used `tac1 <;> tac2` where `(tac1; tac2)` would suffice

Note: This linter can be disabled with `set_option linter.unnecessarySeqFocus false`
warning: CGLMP5/ScalarTableRow04.lean:132:4: Used `tac1 <;> tac2` where `(tac1; tac2)` would suffice

Note: This linter can be disabled with `set_option linter.unnecessarySeqFocus false`
warning: CGLMP5/ScalarTableRow04.lean:140:4: Used `tac1 <;> tac2` where `(tac1; tac2)` would suffice

Note: This linter can be disabled with `set_option linter.unnecessarySeqFocus false`
warning: CGLMP5/ScalarTableRow04.lean:144:4: Used `tac1 <;> tac2` where `(tac1; tac2)` would suffice

Note: This linter can be disabled with `set_option linter.unnecessarySeqFocus false`
warning: CGLMP5/ScalarTableRow04.lean:148:4: Used `tac1 <;> tac2` where `(tac1; tac2)` would suffice

Note: This linter can be disabled with `set_option linter.unnecessarySeqFocus false`
warning: CGLMP5/ScalarTableRow04.lean:152:4: Used `tac1 <;> tac2` where `(tac1; tac2)` would suffice

Note: This linter can be disabled with `set_option linter.unnecessarySeqFocus false`
warning: CGLMP5/ScalarTableRow04.lean:156:4: Used `tac1 <;> tac2` where `(tac1; tac2)` would suffice

Note: This linter can be disabled with `set_option linter.unnecessarySeqFocus false`
warning: CGLMP5/ScalarTableRow04.lean:160:4: Used `tac1 <;> tac2` where `(tac1; tac2)` would suffice

Note: This linter can be disabled with `set_option linter.unnecessarySeqFocus false`
warning: CGLMP5/ScalarTableRow04.lean:164:4: Used `tac1 <;> tac2` where `(tac1; tac2)` would suffice

Note: This linter can be disabled with `set_option linter.unnecessarySeqFocus false`
warning: CGLMP5/ScalarTableRow04.lean:168:4: Used `tac1 <;> tac2` where `(tac1; tac2)` would suffice

Note: This linter can be disabled with `set_option linter.unnecessarySeqFocus false`
warning: CGLMP5/ScalarTableRow04.lean:172:4: Used `tac1 <;> tac2` where `(tac1; tac2)` would suffice

Note: This linter can be disabled with `set_option linter.unnecessarySeqFocus false`
warning: CGLMP5/ScalarTableRow04.lean:176:4: Used `tac1 <;> tac2` where `(tac1; tac2)` would suffice

Note: This linter can be disabled with `set_option linter.unnecessarySeqFocus false`
warning: CGLMP5/ScalarTableRow04.lean:180:4: Used `tac1 <;> tac2` where `(tac1; tac2)` would suffice

Note: This linter can be disabled with `set_option linter.unnecessarySeqFocus false`
⚠ [2160/2179] Replayed CGLMP5.ScalarTableRow05
warning: CGLMP5/ScalarTableRow05.lean:88:8: Unused tactic linter: `ring` does nothing

Note: This linter can be disabled with `set_option linter.unusedTactic false`
warning: CGLMP5/ScalarTableRow05.lean:112:8: Unused tactic linter: `ring` does nothing

Note: This linter can be disabled with `set_option linter.unusedTactic false`
warning: CGLMP5/ScalarTableRow05.lean:136:8: Unused tactic linter: `ring` does nothing

Note: This linter can be disabled with `set_option linter.unusedTactic false`
warning: CGLMP5/ScalarTableRow05.lean:88:8: this tactic is never executed

Note: This linter can be disabled with `set_option linter.unreachableTactic false`
warning: CGLMP5/ScalarTableRow05.lean:112:8: this tactic is never executed

Note: This linter can be disabled with `set_option linter.unreachableTactic false`
warning: CGLMP5/ScalarTableRow05.lean:136:8: this tactic is never executed

Note: This linter can be disabled with `set_option linter.unreachableTactic false`
warning: CGLMP5/ScalarTableRow05.lean:92:4: Used `tac1 <;> tac2` where `(tac1; tac2)` would suffice

Note: This linter can be disabled with `set_option linter.unnecessarySeqFocus false`
warning: CGLMP5/ScalarTableRow05.lean:96:4: Used `tac1 <;> tac2` where `(tac1; tac2)` would suffice

Note: This linter can be disabled with `set_option linter.unnecessarySeqFocus false`
warning: CGLMP5/ScalarTableRow05.lean:100:4: Used `tac1 <;> tac2` where `(tac1; tac2)` would suffice

Note: This linter can be disabled with `set_option linter.unnecessarySeqFocus false`
warning: CGLMP5/ScalarTableRow05.lean:104:4: Used `tac1 <;> tac2` where `(tac1; tac2)` would suffice

Note: This linter can be disabled with `set_option linter.unnecessarySeqFocus false`
warning: CGLMP5/ScalarTableRow05.lean:108:4: Used `tac1 <;> tac2` where `(tac1; tac2)` would suffice

Note: This linter can be disabled with `set_option linter.unnecessarySeqFocus false`
warning: CGLMP5/ScalarTableRow05.lean:116:4: Used `tac1 <;> tac2` where `(tac1; tac2)` would suffice

Note: This linter can be disabled with `set_option linter.unnecessarySeqFocus false`
warning: CGLMP5/ScalarTableRow05.lean:120:4: Used `tac1 <;> tac2` where `(tac1; tac2)` would suffice

Note: This linter can be disabled with `set_option linter.unnecessarySeqFocus false`
warning: CGLMP5/ScalarTableRow05.lean:124:4: Used `tac1 <;> tac2` where `(tac1; tac2)` would suffice

Note: This linter can be disabled with `set_option linter.unnecessarySeqFocus false`
warning: CGLMP5/ScalarTableRow05.lean:128:4: Used `tac1 <;> tac2` where `(tac1; tac2)` would suffice

Note: This linter can be disabled with `set_option linter.unnecessarySeqFocus false`
warning: CGLMP5/ScalarTableRow05.lean:132:4: Used `tac1 <;> tac2` where `(tac1; tac2)` would suffice

Note: This linter can be disabled with `set_option linter.unnecessarySeqFocus false`
warning: CGLMP5/ScalarTableRow05.lean:140:4: Used `tac1 <;> tac2` where `(tac1; tac2)` would suffice

Note: This linter can be disabled with `set_option linter.unnecessarySeqFocus false`
warning: CGLMP5/ScalarTableRow05.lean:144:4: Used `tac1 <;> tac2` where `(tac1; tac2)` would suffice

Note: This linter can be disabled with `set_option linter.unnecessarySeqFocus false`
warning: CGLMP5/ScalarTableRow05.lean:148:4: Used `tac1 <;> tac2` where `(tac1; tac2)` would suffice

Note: This linter can be disabled with `set_option linter.unnecessarySeqFocus false`
warning: CGLMP5/ScalarTableRow05.lean:152:4: Used `tac1 <;> tac2` where `(tac1; tac2)` would suffice

Note: This linter can be disabled with `set_option linter.unnecessarySeqFocus false`
warning: CGLMP5/ScalarTableRow05.lean:156:4: Used `tac1 <;> tac2` where `(tac1; tac2)` would suffice

Note: This linter can be disabled with `set_option linter.unnecessarySeqFocus false`
warning: CGLMP5/ScalarTableRow05.lean:160:4: Used `tac1 <;> tac2` where `(tac1; tac2)` would suffice

Note: This linter can be disabled with `set_option linter.unnecessarySeqFocus false`
warning: CGLMP5/ScalarTableRow05.lean:164:4: Used `tac1 <;> tac2` where `(tac1; tac2)` would suffice

Note: This linter can be disabled with `set_option linter.unnecessarySeqFocus false`
warning: CGLMP5/ScalarTableRow05.lean:168:4: Used `tac1 <;> tac2` where `(tac1; tac2)` would suffice

Note: This linter can be disabled with `set_option linter.unnecessarySeqFocus false`
warning: CGLMP5/ScalarTableRow05.lean:172:4: Used `tac1 <;> tac2` where `(tac1; tac2)` would suffice

Note: This linter can be disabled with `set_option linter.unnecessarySeqFocus false`
warning: CGLMP5/ScalarTableRow05.lean:176:4: Used `tac1 <;> tac2` where `(tac1; tac2)` would suffice

Note: This linter can be disabled with `set_option linter.unnecessarySeqFocus false`
warning: CGLMP5/ScalarTableRow05.lean:180:4: Used `tac1 <;> tac2` where `(tac1; tac2)` would suffice

Note: This linter can be disabled with `set_option linter.unnecessarySeqFocus false`
⚠ [2161/2179] Replayed CGLMP5.ScalarTableRow06
warning: CGLMP5/ScalarTableRow06.lean:88:8: Unused tactic linter: `ring` does nothing

Note: This linter can be disabled with `set_option linter.unusedTactic false`
warning: CGLMP5/ScalarTableRow06.lean:136:8: Unused tactic linter: `ring` does nothing

Note: This linter can be disabled with `set_option linter.unusedTactic false`
warning: CGLMP5/ScalarTableRow06.lean:88:8: this tactic is never executed

Note: This linter can be disabled with `set_option linter.unreachableTactic false`
warning: CGLMP5/ScalarTableRow06.lean:136:8: this tactic is never executed

Note: This linter can be disabled with `set_option linter.unreachableTactic false`
warning: CGLMP5/ScalarTableRow06.lean:92:4: Used `tac1 <;> tac2` where `(tac1; tac2)` would suffice

Note: This linter can be disabled with `set_option linter.unnecessarySeqFocus false`
warning: CGLMP5/ScalarTableRow06.lean:96:4: Used `tac1 <;> tac2` where `(tac1; tac2)` would suffice

Note: This linter can be disabled with `set_option linter.unnecessarySeqFocus false`
warning: CGLMP5/ScalarTableRow06.lean:100:4: Used `tac1 <;> tac2` where `(tac1; tac2)` would suffice

Note: This linter can be disabled with `set_option linter.unnecessarySeqFocus false`
warning: CGLMP5/ScalarTableRow06.lean:104:4: Used `tac1 <;> tac2` where `(tac1; tac2)` would suffice

Note: This linter can be disabled with `set_option linter.unnecessarySeqFocus false`
warning: CGLMP5/ScalarTableRow06.lean:108:4: Used `tac1 <;> tac2` where `(tac1; tac2)` would suffice

Note: This linter can be disabled with `set_option linter.unnecessarySeqFocus false`
warning: CGLMP5/ScalarTableRow06.lean:112:4: Used `tac1 <;> tac2` where `(tac1; tac2)` would suffice

Note: This linter can be disabled with `set_option linter.unnecessarySeqFocus false`
warning: CGLMP5/ScalarTableRow06.lean:116:4: Used `tac1 <;> tac2` where `(tac1; tac2)` would suffice

Note: This linter can be disabled with `set_option linter.unnecessarySeqFocus false`
warning: CGLMP5/ScalarTableRow06.lean:120:4: Used `tac1 <;> tac2` where `(tac1; tac2)` would suffice

Note: This linter can be disabled with `set_option linter.unnecessarySeqFocus false`
warning: CGLMP5/ScalarTableRow06.lean:124:4: Used `tac1 <;> tac2` where `(tac1; tac2)` would suffice

Note: This linter can be disabled with `set_option linter.unnecessarySeqFocus false`
warning: CGLMP5/ScalarTableRow06.lean:128:4: Used `tac1 <;> tac2` where `(tac1; tac2)` would suffice

Note: This linter can be disabled with `set_option linter.unnecessarySeqFocus false`
warning: CGLMP5/ScalarTableRow06.lean:132:4: Used `tac1 <;> tac2` where `(tac1; tac2)` would suffice

Note: This linter can be disabled with `set_option linter.unnecessarySeqFocus false`
warning: CGLMP5/ScalarTableRow06.lean:140:4: Used `tac1 <;> tac2` where `(tac1; tac2)` would suffice

Note: This linter can be disabled with `set_option linter.unnecessarySeqFocus false`
warning: CGLMP5/ScalarTableRow06.lean:144:4: Used `tac1 <;> tac2` where `(tac1; tac2)` would suffice

Note: This linter can be disabled with `set_option linter.unnecessarySeqFocus false`
warning: CGLMP5/ScalarTableRow06.lean:148:4: Used `tac1 <;> tac2` where `(tac1; tac2)` would suffice

Note: This linter can be disabled with `set_option linter.unnecessarySeqFocus false`
warning: CGLMP5/ScalarTableRow06.lean:152:4: Used `tac1 <;> tac2` where `(tac1; tac2)` would suffice

Note: This linter can be disabled with `set_option linter.unnecessarySeqFocus false`
warning: CGLMP5/ScalarTableRow06.lean:156:4: Used `tac1 <;> tac2` where `(tac1; tac2)` would suffice

Note: This linter can be disabled with `set_option linter.unnecessarySeqFocus false`
warning: CGLMP5/ScalarTableRow06.lean:160:4: Used `tac1 <;> tac2` where `(tac1; tac2)` would suffice

Note: This linter can be disabled with `set_option linter.unnecessarySeqFocus false`
warning: CGLMP5/ScalarTableRow06.lean:164:4: Used `tac1 <;> tac2` where `(tac1; tac2)` would suffice

Note: This linter can be disabled with `set_option linter.unnecessarySeqFocus false`
warning: CGLMP5/ScalarTableRow06.lean:168:4: Used `tac1 <;> tac2` where `(tac1; tac2)` would suffice

Note: This linter can be disabled with `set_option linter.unnecessarySeqFocus false`
warning: CGLMP5/ScalarTableRow06.lean:172:4: Used `tac1 <;> tac2` where `(tac1; tac2)` would suffice

Note: This linter can be disabled with `set_option linter.unnecessarySeqFocus false`
warning: CGLMP5/ScalarTableRow06.lean:176:4: Used `tac1 <;> tac2` where `(tac1; tac2)` would suffice

Note: This linter can be disabled with `set_option linter.unnecessarySeqFocus false`
warning: CGLMP5/ScalarTableRow06.lean:180:4: Used `tac1 <;> tac2` where `(tac1; tac2)` would suffice

Note: This linter can be disabled with `set_option linter.unnecessarySeqFocus false`
⚠ [2162/2179] Replayed CGLMP5.ScalarTableRow07
warning: CGLMP5/ScalarTableRow07.lean:88:8: Unused tactic linter: `ring` does nothing

Note: This linter can be disabled with `set_option linter.unusedTactic false`
warning: CGLMP5/ScalarTableRow07.lean:136:8: Unused tactic linter: `ring` does nothing

Note: This linter can be disabled with `set_option linter.unusedTactic false`
warning: CGLMP5/ScalarTableRow07.lean:88:8: this tactic is never executed

Note: This linter can be disabled with `set_option linter.unreachableTactic false`
warning: CGLMP5/ScalarTableRow07.lean:136:8: this tactic is never executed

Note: This linter can be disabled with `set_option linter.unreachableTactic false`
warning: CGLMP5/ScalarTableRow07.lean:92:4: Used `tac1 <;> tac2` where `(tac1; tac2)` would suffice

Note: This linter can be disabled with `set_option linter.unnecessarySeqFocus false`
warning: CGLMP5/ScalarTableRow07.lean:96:4: Used `tac1 <;> tac2` where `(tac1; tac2)` would suffice

Note: This linter can be disabled with `set_option linter.unnecessarySeqFocus false`
warning: CGLMP5/ScalarTableRow07.lean:100:4: Used `tac1 <;> tac2` where `(tac1; tac2)` would suffice

Note: This linter can be disabled with `set_option linter.unnecessarySeqFocus false`
warning: CGLMP5/ScalarTableRow07.lean:104:4: Used `tac1 <;> tac2` where `(tac1; tac2)` would suffice

Note: This linter can be disabled with `set_option linter.unnecessarySeqFocus false`
warning: CGLMP5/ScalarTableRow07.lean:108:4: Used `tac1 <;> tac2` where `(tac1; tac2)` would suffice

Note: This linter can be disabled with `set_option linter.unnecessarySeqFocus false`
warning: CGLMP5/ScalarTableRow07.lean:112:4: Used `tac1 <;> tac2` where `(tac1; tac2)` would suffice

Note: This linter can be disabled with `set_option linter.unnecessarySeqFocus false`
warning: CGLMP5/ScalarTableRow07.lean:116:4: Used `tac1 <;> tac2` where `(tac1; tac2)` would suffice

Note: This linter can be disabled with `set_option linter.unnecessarySeqFocus false`
warning: CGLMP5/ScalarTableRow07.lean:120:4: Used `tac1 <;> tac2` where `(tac1; tac2)` would suffice

Note: This linter can be disabled with `set_option linter.unnecessarySeqFocus false`
warning: CGLMP5/ScalarTableRow07.lean:124:4: Used `tac1 <;> tac2` where `(tac1; tac2)` would suffice

Note: This linter can be disabled with `set_option linter.unnecessarySeqFocus false`
warning: CGLMP5/ScalarTableRow07.lean:128:4: Used `tac1 <;> tac2` where `(tac1; tac2)` would suffice

Note: This linter can be disabled with `set_option linter.unnecessarySeqFocus false`
warning: CGLMP5/ScalarTableRow07.lean:132:4: Used `tac1 <;> tac2` where `(tac1; tac2)` would suffice

Note: This linter can be disabled with `set_option linter.unnecessarySeqFocus false`
warning: CGLMP5/ScalarTableRow07.lean:140:4: Used `tac1 <;> tac2` where `(tac1; tac2)` would suffice

Note: This linter can be disabled with `set_option linter.unnecessarySeqFocus false`
warning: CGLMP5/ScalarTableRow07.lean:144:4: Used `tac1 <;> tac2` where `(tac1; tac2)` would suffice

Note: This linter can be disabled with `set_option linter.unnecessarySeqFocus false`
warning: CGLMP5/ScalarTableRow07.lean:148:4: Used `tac1 <;> tac2` where `(tac1; tac2)` would suffice

Note: This linter can be disabled with `set_option linter.unnecessarySeqFocus false`
warning: CGLMP5/ScalarTableRow07.lean:152:4: Used `tac1 <;> tac2` where `(tac1; tac2)` would suffice

Note: This linter can be disabled with `set_option linter.unnecessarySeqFocus false`
warning: CGLMP5/ScalarTableRow07.lean:156:4: Used `tac1 <;> tac2` where `(tac1; tac2)` would suffice

Note: This linter can be disabled with `set_option linter.unnecessarySeqFocus false`
warning: CGLMP5/ScalarTableRow07.lean:160:4: Used `tac1 <;> tac2` where `(tac1; tac2)` would suffice

Note: This linter can be disabled with `set_option linter.unnecessarySeqFocus false`
warning: CGLMP5/ScalarTableRow07.lean:164:4: Used `tac1 <;> tac2` where `(tac1; tac2)` would suffice

Note: This linter can be disabled with `set_option linter.unnecessarySeqFocus false`
warning: CGLMP5/ScalarTableRow07.lean:168:4: Used `tac1 <;> tac2` where `(tac1; tac2)` would suffice

Note: This linter can be disabled with `set_option linter.unnecessarySeqFocus false`
warning: CGLMP5/ScalarTableRow07.lean:172:4: Used `tac1 <;> tac2` where `(tac1; tac2)` would suffice

Note: This linter can be disabled with `set_option linter.unnecessarySeqFocus false`
warning: CGLMP5/ScalarTableRow07.lean:176:4: Used `tac1 <;> tac2` where `(tac1; tac2)` would suffice

Note: This linter can be disabled with `set_option linter.unnecessarySeqFocus false`
warning: CGLMP5/ScalarTableRow07.lean:180:4: Used `tac1 <;> tac2` where `(tac1; tac2)` would suffice

Note: This linter can be disabled with `set_option linter.unnecessarySeqFocus false`
⚠ [2163/2179] Replayed CGLMP5.ScalarTableRow08
warning: CGLMP5/ScalarTableRow08.lean:88:8: Unused tactic linter: `ring` does nothing

Note: This linter can be disabled with `set_option linter.unusedTactic false`
warning: CGLMP5/ScalarTableRow08.lean:136:8: Unused tactic linter: `ring` does nothing

Note: This linter can be disabled with `set_option linter.unusedTactic false`
warning: CGLMP5/ScalarTableRow08.lean:88:8: this tactic is never executed

Note: This linter can be disabled with `set_option linter.unreachableTactic false`
warning: CGLMP5/ScalarTableRow08.lean:136:8: this tactic is never executed

Note: This linter can be disabled with `set_option linter.unreachableTactic false`
warning: CGLMP5/ScalarTableRow08.lean:92:4: Used `tac1 <;> tac2` where `(tac1; tac2)` would suffice

Note: This linter can be disabled with `set_option linter.unnecessarySeqFocus false`
warning: CGLMP5/ScalarTableRow08.lean:96:4: Used `tac1 <;> tac2` where `(tac1; tac2)` would suffice

Note: This linter can be disabled with `set_option linter.unnecessarySeqFocus false`
warning: CGLMP5/ScalarTableRow08.lean:100:4: Used `tac1 <;> tac2` where `(tac1; tac2)` would suffice

Note: This linter can be disabled with `set_option linter.unnecessarySeqFocus false`
warning: CGLMP5/ScalarTableRow08.lean:104:4: Used `tac1 <;> tac2` where `(tac1; tac2)` would suffice

Note: This linter can be disabled with `set_option linter.unnecessarySeqFocus false`
warning: CGLMP5/ScalarTableRow08.lean:108:4: Used `tac1 <;> tac2` where `(tac1; tac2)` would suffice

Note: This linter can be disabled with `set_option linter.unnecessarySeqFocus false`
warning: CGLMP5/ScalarTableRow08.lean:112:4: Used `tac1 <;> tac2` where `(tac1; tac2)` would suffice

Note: This linter can be disabled with `set_option linter.unnecessarySeqFocus false`
warning: CGLMP5/ScalarTableRow08.lean:116:4: Used `tac1 <;> tac2` where `(tac1; tac2)` would suffice

Note: This linter can be disabled with `set_option linter.unnecessarySeqFocus false`
warning: CGLMP5/ScalarTableRow08.lean:120:4: Used `tac1 <;> tac2` where `(tac1; tac2)` would suffice

Note: This linter can be disabled with `set_option linter.unnecessarySeqFocus false`
warning: CGLMP5/ScalarTableRow08.lean:124:4: Used `tac1 <;> tac2` where `(tac1; tac2)` would suffice

Note: This linter can be disabled with `set_option linter.unnecessarySeqFocus false`
warning: CGLMP5/ScalarTableRow08.lean:128:4: Used `tac1 <;> tac2` where `(tac1; tac2)` would suffice

Note: This linter can be disabled with `set_option linter.unnecessarySeqFocus false`
warning: CGLMP5/ScalarTableRow08.lean:132:4: Used `tac1 <;> tac2` where `(tac1; tac2)` would suffice

Note: This linter can be disabled with `set_option linter.unnecessarySeqFocus false`
warning: CGLMP5/ScalarTableRow08.lean:140:4: Used `tac1 <;> tac2` where `(tac1; tac2)` would suffice

Note: This linter can be disabled with `set_option linter.unnecessarySeqFocus false`
warning: CGLMP5/ScalarTableRow08.lean:144:4: Used `tac1 <;> tac2` where `(tac1; tac2)` would suffice

Note: This linter can be disabled with `set_option linter.unnecessarySeqFocus false`
warning: CGLMP5/ScalarTableRow08.lean:148:4: Used `tac1 <;> tac2` where `(tac1; tac2)` would suffice

Note: This linter can be disabled with `set_option linter.unnecessarySeqFocus false`
warning: CGLMP5/ScalarTableRow08.lean:152:4: Used `tac1 <;> tac2` where `(tac1; tac2)` would suffice

Note: This linter can be disabled with `set_option linter.unnecessarySeqFocus false`
warning: CGLMP5/ScalarTableRow08.lean:156:4: Used `tac1 <;> tac2` where `(tac1; tac2)` would suffice

Note: This linter can be disabled with `set_option linter.unnecessarySeqFocus false`
warning: CGLMP5/ScalarTableRow08.lean:160:4: Used `tac1 <;> tac2` where `(tac1; tac2)` would suffice

Note: This linter can be disabled with `set_option linter.unnecessarySeqFocus false`
warning: CGLMP5/ScalarTableRow08.lean:164:4: Used `tac1 <;> tac2` where `(tac1; tac2)` would suffice

Note: This linter can be disabled with `set_option linter.unnecessarySeqFocus false`
warning: CGLMP5/ScalarTableRow08.lean:168:4: Used `tac1 <;> tac2` where `(tac1; tac2)` would suffice

Note: This linter can be disabled with `set_option linter.unnecessarySeqFocus false`
warning: CGLMP5/ScalarTableRow08.lean:172:4: Used `tac1 <;> tac2` where `(tac1; tac2)` would suffice

Note: This linter can be disabled with `set_option linter.unnecessarySeqFocus false`
warning: CGLMP5/ScalarTableRow08.lean:176:4: Used `tac1 <;> tac2` where `(tac1; tac2)` would suffice

Note: This linter can be disabled with `set_option linter.unnecessarySeqFocus false`
warning: CGLMP5/ScalarTableRow08.lean:180:4: Used `tac1 <;> tac2` where `(tac1; tac2)` would suffice

Note: This linter can be disabled with `set_option linter.unnecessarySeqFocus false`
⚠ [2164/2179] Replayed CGLMP5.ScalarTableRow09
warning: CGLMP5/ScalarTableRow09.lean:88:8: Unused tactic linter: `ring` does nothing

Note: This linter can be disabled with `set_option linter.unusedTactic false`
warning: CGLMP5/ScalarTableRow09.lean:136:8: Unused tactic linter: `ring` does nothing

Note: This linter can be disabled with `set_option linter.unusedTactic false`
warning: CGLMP5/ScalarTableRow09.lean:88:8: this tactic is never executed

Note: This linter can be disabled with `set_option linter.unreachableTactic false`
warning: CGLMP5/ScalarTableRow09.lean:136:8: this tactic is never executed

Note: This linter can be disabled with `set_option linter.unreachableTactic false`
warning: CGLMP5/ScalarTableRow09.lean:92:4: Used `tac1 <;> tac2` where `(tac1; tac2)` would suffice

Note: This linter can be disabled with `set_option linter.unnecessarySeqFocus false`
warning: CGLMP5/ScalarTableRow09.lean:96:4: Used `tac1 <;> tac2` where `(tac1; tac2)` would suffice

Note: This linter can be disabled with `set_option linter.unnecessarySeqFocus false`
warning: CGLMP5/ScalarTableRow09.lean:100:4: Used `tac1 <;> tac2` where `(tac1; tac2)` would suffice

Note: This linter can be disabled with `set_option linter.unnecessarySeqFocus false`
warning: CGLMP5/ScalarTableRow09.lean:104:4: Used `tac1 <;> tac2` where `(tac1; tac2)` would suffice

Note: This linter can be disabled with `set_option linter.unnecessarySeqFocus false`
warning: CGLMP5/ScalarTableRow09.lean:108:4: Used `tac1 <;> tac2` where `(tac1; tac2)` would suffice

Note: This linter can be disabled with `set_option linter.unnecessarySeqFocus false`
warning: CGLMP5/ScalarTableRow09.lean:112:4: Used `tac1 <;> tac2` where `(tac1; tac2)` would suffice

Note: This linter can be disabled with `set_option linter.unnecessarySeqFocus false`
warning: CGLMP5/ScalarTableRow09.lean:116:4: Used `tac1 <;> tac2` where `(tac1; tac2)` would suffice

Note: This linter can be disabled with `set_option linter.unnecessarySeqFocus false`
warning: CGLMP5/ScalarTableRow09.lean:120:4: Used `tac1 <;> tac2` where `(tac1; tac2)` would suffice

Note: This linter can be disabled with `set_option linter.unnecessarySeqFocus false`
warning: CGLMP5/ScalarTableRow09.lean:124:4: Used `tac1 <;> tac2` where `(tac1; tac2)` would suffice

Note: This linter can be disabled with `set_option linter.unnecessarySeqFocus false`
warning: CGLMP5/ScalarTableRow09.lean:128:4: Used `tac1 <;> tac2` where `(tac1; tac2)` would suffice

Note: This linter can be disabled with `set_option linter.unnecessarySeqFocus false`
warning: CGLMP5/ScalarTableRow09.lean:132:4: Used `tac1 <;> tac2` where `(tac1; tac2)` would suffice

Note: This linter can be disabled with `set_option linter.unnecessarySeqFocus false`
warning: CGLMP5/ScalarTableRow09.lean:140:4: Used `tac1 <;> tac2` where `(tac1; tac2)` would suffice

Note: This linter can be disabled with `set_option linter.unnecessarySeqFocus false`
warning: CGLMP5/ScalarTableRow09.lean:144:4: Used `tac1 <;> tac2` where `(tac1; tac2)` would suffice

Note: This linter can be disabled with `set_option linter.unnecessarySeqFocus false`
warning: CGLMP5/ScalarTableRow09.lean:148:4: Used `tac1 <;> tac2` where `(tac1; tac2)` would suffice

Note: This linter can be disabled with `set_option linter.unnecessarySeqFocus false`
warning: CGLMP5/ScalarTableRow09.lean:152:4: Used `tac1 <;> tac2` where `(tac1; tac2)` would suffice

Note: This linter can be disabled with `set_option linter.unnecessarySeqFocus false`
warning: CGLMP5/ScalarTableRow09.lean:156:4: Used `tac1 <;> tac2` where `(tac1; tac2)` would suffice

Note: This linter can be disabled with `set_option linter.unnecessarySeqFocus false`
warning: CGLMP5/ScalarTableRow09.lean:160:4: Used `tac1 <;> tac2` where `(tac1; tac2)` would suffice

Note: This linter can be disabled with `set_option linter.unnecessarySeqFocus false`
warning: CGLMP5/ScalarTableRow09.lean:164:4: Used `tac1 <;> tac2` where `(tac1; tac2)` would suffice

Note: This linter can be disabled with `set_option linter.unnecessarySeqFocus false`
warning: CGLMP5/ScalarTableRow09.lean:168:4: Used `tac1 <;> tac2` where `(tac1; tac2)` would suffice

Note: This linter can be disabled with `set_option linter.unnecessarySeqFocus false`
warning: CGLMP5/ScalarTableRow09.lean:172:4: Used `tac1 <;> tac2` where `(tac1; tac2)` would suffice

Note: This linter can be disabled with `set_option linter.unnecessarySeqFocus false`
warning: CGLMP5/ScalarTableRow09.lean:176:4: Used `tac1 <;> tac2` where `(tac1; tac2)` would suffice

Note: This linter can be disabled with `set_option linter.unnecessarySeqFocus false`
warning: CGLMP5/ScalarTableRow09.lean:180:4: Used `tac1 <;> tac2` where `(tac1; tac2)` would suffice

Note: This linter can be disabled with `set_option linter.unnecessarySeqFocus false`
⚠ [2165/2179] Replayed CGLMP5.ScalarTableRow10
warning: CGLMP5/ScalarTableRow10.lean:88:8: Unused tactic linter: `ring` does nothing

Note: This linter can be disabled with `set_option linter.unusedTactic false`
warning: CGLMP5/ScalarTableRow10.lean:136:8: Unused tactic linter: `ring` does nothing

Note: This linter can be disabled with `set_option linter.unusedTactic false`
warning: CGLMP5/ScalarTableRow10.lean:88:8: this tactic is never executed

Note: This linter can be disabled with `set_option linter.unreachableTactic false`
warning: CGLMP5/ScalarTableRow10.lean:136:8: this tactic is never executed

Note: This linter can be disabled with `set_option linter.unreachableTactic false`
warning: CGLMP5/ScalarTableRow10.lean:92:4: Used `tac1 <;> tac2` where `(tac1; tac2)` would suffice

Note: This linter can be disabled with `set_option linter.unnecessarySeqFocus false`
warning: CGLMP5/ScalarTableRow10.lean:96:4: Used `tac1 <;> tac2` where `(tac1; tac2)` would suffice

Note: This linter can be disabled with `set_option linter.unnecessarySeqFocus false`
warning: CGLMP5/ScalarTableRow10.lean:100:4: Used `tac1 <;> tac2` where `(tac1; tac2)` would suffice

Note: This linter can be disabled with `set_option linter.unnecessarySeqFocus false`
warning: CGLMP5/ScalarTableRow10.lean:104:4: Used `tac1 <;> tac2` where `(tac1; tac2)` would suffice

Note: This linter can be disabled with `set_option linter.unnecessarySeqFocus false`
warning: CGLMP5/ScalarTableRow10.lean:108:4: Used `tac1 <;> tac2` where `(tac1; tac2)` would suffice

Note: This linter can be disabled with `set_option linter.unnecessarySeqFocus false`
warning: CGLMP5/ScalarTableRow10.lean:112:4: Used `tac1 <;> tac2` where `(tac1; tac2)` would suffice

Note: This linter can be disabled with `set_option linter.unnecessarySeqFocus false`
warning: CGLMP5/ScalarTableRow10.lean:116:4: Used `tac1 <;> tac2` where `(tac1; tac2)` would suffice

Note: This linter can be disabled with `set_option linter.unnecessarySeqFocus false`
warning: CGLMP5/ScalarTableRow10.lean:120:4: Used `tac1 <;> tac2` where `(tac1; tac2)` would suffice

Note: This linter can be disabled with `set_option linter.unnecessarySeqFocus false`
warning: CGLMP5/ScalarTableRow10.lean:124:4: Used `tac1 <;> tac2` where `(tac1; tac2)` would suffice

Note: This linter can be disabled with `set_option linter.unnecessarySeqFocus false`
warning: CGLMP5/ScalarTableRow10.lean:128:4: Used `tac1 <;> tac2` where `(tac1; tac2)` would suffice

Note: This linter can be disabled with `set_option linter.unnecessarySeqFocus false`
warning: CGLMP5/ScalarTableRow10.lean:132:4: Used `tac1 <;> tac2` where `(tac1; tac2)` would suffice

Note: This linter can be disabled with `set_option linter.unnecessarySeqFocus false`
warning: CGLMP5/ScalarTableRow10.lean:140:4: Used `tac1 <;> tac2` where `(tac1; tac2)` would suffice

Note: This linter can be disabled with `set_option linter.unnecessarySeqFocus false`
warning: CGLMP5/ScalarTableRow10.lean:144:4: Used `tac1 <;> tac2` where `(tac1; tac2)` would suffice

Note: This linter can be disabled with `set_option linter.unnecessarySeqFocus false`
warning: CGLMP5/ScalarTableRow10.lean:148:4: Used `tac1 <;> tac2` where `(tac1; tac2)` would suffice

Note: This linter can be disabled with `set_option linter.unnecessarySeqFocus false`
warning: CGLMP5/ScalarTableRow10.lean:152:4: Used `tac1 <;> tac2` where `(tac1; tac2)` would suffice

Note: This linter can be disabled with `set_option linter.unnecessarySeqFocus false`
warning: CGLMP5/ScalarTableRow10.lean:156:4: Used `tac1 <;> tac2` where `(tac1; tac2)` would suffice

Note: This linter can be disabled with `set_option linter.unnecessarySeqFocus false`
warning: CGLMP5/ScalarTableRow10.lean:160:4: Used `tac1 <;> tac2` where `(tac1; tac2)` would suffice

Note: This linter can be disabled with `set_option linter.unnecessarySeqFocus false`
warning: CGLMP5/ScalarTableRow10.lean:164:4: Used `tac1 <;> tac2` where `(tac1; tac2)` would suffice

Note: This linter can be disabled with `set_option linter.unnecessarySeqFocus false`
warning: CGLMP5/ScalarTableRow10.lean:168:4: Used `tac1 <;> tac2` where `(tac1; tac2)` would suffice

Note: This linter can be disabled with `set_option linter.unnecessarySeqFocus false`
warning: CGLMP5/ScalarTableRow10.lean:172:4: Used `tac1 <;> tac2` where `(tac1; tac2)` would suffice

Note: This linter can be disabled with `set_option linter.unnecessarySeqFocus false`
warning: CGLMP5/ScalarTableRow10.lean:176:4: Used `tac1 <;> tac2` where `(tac1; tac2)` would suffice

Note: This linter can be disabled with `set_option linter.unnecessarySeqFocus false`
warning: CGLMP5/ScalarTableRow10.lean:180:4: Used `tac1 <;> tac2` where `(tac1; tac2)` would suffice

Note: This linter can be disabled with `set_option linter.unnecessarySeqFocus false`
⚠ [2166/2179] Replayed CGLMP5.ScalarTableRow11
warning: CGLMP5/ScalarTableRow11.lean:88:8: Unused tactic linter: `ring` does nothing

Note: This linter can be disabled with `set_option linter.unusedTactic false`
warning: CGLMP5/ScalarTableRow11.lean:136:8: Unused tactic linter: `ring` does nothing

Note: This linter can be disabled with `set_option linter.unusedTactic false`
warning: CGLMP5/ScalarTableRow11.lean:88:8: this tactic is never executed

Note: This linter can be disabled with `set_option linter.unreachableTactic false`
warning: CGLMP5/ScalarTableRow11.lean:136:8: this tactic is never executed

Note: This linter can be disabled with `set_option linter.unreachableTactic false`
warning: CGLMP5/ScalarTableRow11.lean:92:4: Used `tac1 <;> tac2` where `(tac1; tac2)` would suffice

Note: This linter can be disabled with `set_option linter.unnecessarySeqFocus false`
warning: CGLMP5/ScalarTableRow11.lean:96:4: Used `tac1 <;> tac2` where `(tac1; tac2)` would suffice

Note: This linter can be disabled with `set_option linter.unnecessarySeqFocus false`
warning: CGLMP5/ScalarTableRow11.lean:100:4: Used `tac1 <;> tac2` where `(tac1; tac2)` would suffice

Note: This linter can be disabled with `set_option linter.unnecessarySeqFocus false`
warning: CGLMP5/ScalarTableRow11.lean:104:4: Used `tac1 <;> tac2` where `(tac1; tac2)` would suffice

Note: This linter can be disabled with `set_option linter.unnecessarySeqFocus false`
warning: CGLMP5/ScalarTableRow11.lean:108:4: Used `tac1 <;> tac2` where `(tac1; tac2)` would suffice

Note: This linter can be disabled with `set_option linter.unnecessarySeqFocus false`
warning: CGLMP5/ScalarTableRow11.lean:112:4: Used `tac1 <;> tac2` where `(tac1; tac2)` would suffice

Note: This linter can be disabled with `set_option linter.unnecessarySeqFocus false`
warning: CGLMP5/ScalarTableRow11.lean:116:4: Used `tac1 <;> tac2` where `(tac1; tac2)` would suffice

Note: This linter can be disabled with `set_option linter.unnecessarySeqFocus false`
warning: CGLMP5/ScalarTableRow11.lean:120:4: Used `tac1 <;> tac2` where `(tac1; tac2)` would suffice

Note: This linter can be disabled with `set_option linter.unnecessarySeqFocus false`
warning: CGLMP5/ScalarTableRow11.lean:124:4: Used `tac1 <;> tac2` where `(tac1; tac2)` would suffice

Note: This linter can be disabled with `set_option linter.unnecessarySeqFocus false`
warning: CGLMP5/ScalarTableRow11.lean:128:4: Used `tac1 <;> tac2` where `(tac1; tac2)` would suffice

Note: This linter can be disabled with `set_option linter.unnecessarySeqFocus false`
warning: CGLMP5/ScalarTableRow11.lean:132:4: Used `tac1 <;> tac2` where `(tac1; tac2)` would suffice

Note: This linter can be disabled with `set_option linter.unnecessarySeqFocus false`
warning: CGLMP5/ScalarTableRow11.lean:140:4: Used `tac1 <;> tac2` where `(tac1; tac2)` would suffice

Note: This linter can be disabled with `set_option linter.unnecessarySeqFocus false`
warning: CGLMP5/ScalarTableRow11.lean:144:4: Used `tac1 <;> tac2` where `(tac1; tac2)` would suffice

Note: This linter can be disabled with `set_option linter.unnecessarySeqFocus false`
warning: CGLMP5/ScalarTableRow11.lean:148:4: Used `tac1 <;> tac2` where `(tac1; tac2)` would suffice

Note: This linter can be disabled with `set_option linter.unnecessarySeqFocus false`
warning: CGLMP5/ScalarTableRow11.lean:152:4: Used `tac1 <;> tac2` where `(tac1; tac2)` would suffice

Note: This linter can be disabled with `set_option linter.unnecessarySeqFocus false`
warning: CGLMP5/ScalarTableRow11.lean:156:4: Used `tac1 <;> tac2` where `(tac1; tac2)` would suffice

Note: This linter can be disabled with `set_option linter.unnecessarySeqFocus false`
warning: CGLMP5/ScalarTableRow11.lean:160:4: Used `tac1 <;> tac2` where `(tac1; tac2)` would suffice

Note: This linter can be disabled with `set_option linter.unnecessarySeqFocus false`
warning: CGLMP5/ScalarTableRow11.lean:164:4: Used `tac1 <;> tac2` where `(tac1; tac2)` would suffice

Note: This linter can be disabled with `set_option linter.unnecessarySeqFocus false`
warning: CGLMP5/ScalarTableRow11.lean:168:4: Used `tac1 <;> tac2` where `(tac1; tac2)` would suffice

Note: This linter can be disabled with `set_option linter.unnecessarySeqFocus false`
warning: CGLMP5/ScalarTableRow11.lean:172:4: Used `tac1 <;> tac2` where `(tac1; tac2)` would suffice

Note: This linter can be disabled with `set_option linter.unnecessarySeqFocus false`
warning: CGLMP5/ScalarTableRow11.lean:176:4: Used `tac1 <;> tac2` where `(tac1; tac2)` would suffice

Note: This linter can be disabled with `set_option linter.unnecessarySeqFocus false`
warning: CGLMP5/ScalarTableRow11.lean:180:4: Used `tac1 <;> tac2` where `(tac1; tac2)` would suffice

Note: This linter can be disabled with `set_option linter.unnecessarySeqFocus false`
⚠ [2167/2179] Replayed CGLMP5.ScalarTableRow12
warning: CGLMP5/ScalarTableRow12.lean:88:8: Unused tactic linter: `ring` does nothing

Note: This linter can be disabled with `set_option linter.unusedTactic false`
warning: CGLMP5/ScalarTableRow12.lean:136:8: Unused tactic linter: `linear_combination -(1) * Complex.I_sq` does nothing

Note: This linter can be disabled with `set_option linter.unusedTactic false`
warning: CGLMP5/ScalarTableRow12.lean:88:8: this tactic is never executed

Note: This linter can be disabled with `set_option linter.unreachableTactic false`
warning: CGLMP5/ScalarTableRow12.lean:136:8: this tactic is never executed

Note: This linter can be disabled with `set_option linter.unreachableTactic false`
warning: CGLMP5/ScalarTableRow12.lean:92:4: Used `tac1 <;> tac2` where `(tac1; tac2)` would suffice

Note: This linter can be disabled with `set_option linter.unnecessarySeqFocus false`
warning: CGLMP5/ScalarTableRow12.lean:96:4: Used `tac1 <;> tac2` where `(tac1; tac2)` would suffice

Note: This linter can be disabled with `set_option linter.unnecessarySeqFocus false`
warning: CGLMP5/ScalarTableRow12.lean:100:4: Used `tac1 <;> tac2` where `(tac1; tac2)` would suffice

Note: This linter can be disabled with `set_option linter.unnecessarySeqFocus false`
warning: CGLMP5/ScalarTableRow12.lean:104:4: Used `tac1 <;> tac2` where `(tac1; tac2)` would suffice

Note: This linter can be disabled with `set_option linter.unnecessarySeqFocus false`
warning: CGLMP5/ScalarTableRow12.lean:108:4: Used `tac1 <;> tac2` where `(tac1; tac2)` would suffice

Note: This linter can be disabled with `set_option linter.unnecessarySeqFocus false`
warning: CGLMP5/ScalarTableRow12.lean:112:4: Used `tac1 <;> tac2` where `(tac1; tac2)` would suffice

Note: This linter can be disabled with `set_option linter.unnecessarySeqFocus false`
warning: CGLMP5/ScalarTableRow12.lean:116:4: Used `tac1 <;> tac2` where `(tac1; tac2)` would suffice

Note: This linter can be disabled with `set_option linter.unnecessarySeqFocus false`
warning: CGLMP5/ScalarTableRow12.lean:120:4: Used `tac1 <;> tac2` where `(tac1; tac2)` would suffice

Note: This linter can be disabled with `set_option linter.unnecessarySeqFocus false`
warning: CGLMP5/ScalarTableRow12.lean:124:4: Used `tac1 <;> tac2` where `(tac1; tac2)` would suffice

Note: This linter can be disabled with `set_option linter.unnecessarySeqFocus false`
warning: CGLMP5/ScalarTableRow12.lean:128:4: Used `tac1 <;> tac2` where `(tac1; tac2)` would suffice

Note: This linter can be disabled with `set_option linter.unnecessarySeqFocus false`
warning: CGLMP5/ScalarTableRow12.lean:132:4: Used `tac1 <;> tac2` where `(tac1; tac2)` would suffice

Note: This linter can be disabled with `set_option linter.unnecessarySeqFocus false`
warning: CGLMP5/ScalarTableRow12.lean:140:4: Used `tac1 <;> tac2` where `(tac1; tac2)` would suffice

Note: This linter can be disabled with `set_option linter.unnecessarySeqFocus false`
warning: CGLMP5/ScalarTableRow12.lean:144:4: Used `tac1 <;> tac2` where `(tac1; tac2)` would suffice

Note: This linter can be disabled with `set_option linter.unnecessarySeqFocus false`
warning: CGLMP5/ScalarTableRow12.lean:148:4: Used `tac1 <;> tac2` where `(tac1; tac2)` would suffice

Note: This linter can be disabled with `set_option linter.unnecessarySeqFocus false`
warning: CGLMP5/ScalarTableRow12.lean:152:4: Used `tac1 <;> tac2` where `(tac1; tac2)` would suffice

Note: This linter can be disabled with `set_option linter.unnecessarySeqFocus false`
warning: CGLMP5/ScalarTableRow12.lean:156:4: Used `tac1 <;> tac2` where `(tac1; tac2)` would suffice

Note: This linter can be disabled with `set_option linter.unnecessarySeqFocus false`
warning: CGLMP5/ScalarTableRow12.lean:160:4: Used `tac1 <;> tac2` where `(tac1; tac2)` would suffice

Note: This linter can be disabled with `set_option linter.unnecessarySeqFocus false`
warning: CGLMP5/ScalarTableRow12.lean:164:4: Used `tac1 <;> tac2` where `(tac1; tac2)` would suffice

Note: This linter can be disabled with `set_option linter.unnecessarySeqFocus false`
warning: CGLMP5/ScalarTableRow12.lean:168:4: Used `tac1 <;> tac2` where `(tac1; tac2)` would suffice

Note: This linter can be disabled with `set_option linter.unnecessarySeqFocus false`
warning: CGLMP5/ScalarTableRow12.lean:172:4: Used `tac1 <;> tac2` where `(tac1; tac2)` would suffice

Note: This linter can be disabled with `set_option linter.unnecessarySeqFocus false`
warning: CGLMP5/ScalarTableRow12.lean:176:4: Used `tac1 <;> tac2` where `(tac1; tac2)` would suffice

Note: This linter can be disabled with `set_option linter.unnecessarySeqFocus false`
warning: CGLMP5/ScalarTableRow12.lean:180:4: Used `tac1 <;> tac2` where `(tac1; tac2)` would suffice

Note: This linter can be disabled with `set_option linter.unnecessarySeqFocus false`
⚠ [2168/2179] Replayed CGLMP5.ScalarTableRow13
warning: CGLMP5/ScalarTableRow13.lean:88:8: Unused tactic linter: `ring` does nothing

Note: This linter can be disabled with `set_option linter.unusedTactic false`
warning: CGLMP5/ScalarTableRow13.lean:88:8: this tactic is never executed

Note: This linter can be disabled with `set_option linter.unreachableTactic false`
warning: CGLMP5/ScalarTableRow13.lean:92:4: Used `tac1 <;> tac2` where `(tac1; tac2)` would suffice

Note: This linter can be disabled with `set_option linter.unnecessarySeqFocus false`
warning: CGLMP5/ScalarTableRow13.lean:96:4: Used `tac1 <;> tac2` where `(tac1; tac2)` would suffice

Note: This linter can be disabled with `set_option linter.unnecessarySeqFocus false`
warning: CGLMP5/ScalarTableRow13.lean:100:4: Used `tac1 <;> tac2` where `(tac1; tac2)` would suffice

Note: This linter can be disabled with `set_option linter.unnecessarySeqFocus false`
warning: CGLMP5/ScalarTableRow13.lean:104:4: Used `tac1 <;> tac2` where `(tac1; tac2)` would suffice

Note: This linter can be disabled with `set_option linter.unnecessarySeqFocus false`
warning: CGLMP5/ScalarTableRow13.lean:108:4: Used `tac1 <;> tac2` where `(tac1; tac2)` would suffice

Note: This linter can be disabled with `set_option linter.unnecessarySeqFocus false`
warning: CGLMP5/ScalarTableRow13.lean:112:4: Used `tac1 <;> tac2` where `(tac1; tac2)` would suffice

Note: This linter can be disabled with `set_option linter.unnecessarySeqFocus false`
warning: CGLMP5/ScalarTableRow13.lean:116:4: Used `tac1 <;> tac2` where `(tac1; tac2)` would suffice

Note: This linter can be disabled with `set_option linter.unnecessarySeqFocus false`
warning: CGLMP5/ScalarTableRow13.lean:120:4: Used `tac1 <;> tac2` where `(tac1; tac2)` would suffice

Note: This linter can be disabled with `set_option linter.unnecessarySeqFocus false`
warning: CGLMP5/ScalarTableRow13.lean:124:4: Used `tac1 <;> tac2` where `(tac1; tac2)` would suffice

Note: This linter can be disabled with `set_option linter.unnecessarySeqFocus false`
warning: CGLMP5/ScalarTableRow13.lean:128:4: Used `tac1 <;> tac2` where `(tac1; tac2)` would suffice

Note: This linter can be disabled with `set_option linter.unnecessarySeqFocus false`
warning: CGLMP5/ScalarTableRow13.lean:132:4: Used `tac1 <;> tac2` where `(tac1; tac2)` would suffice

Note: This linter can be disabled with `set_option linter.unnecessarySeqFocus false`
warning: CGLMP5/ScalarTableRow13.lean:136:4: Used `tac1 <;> tac2` where `(tac1; tac2)` would suffice

Note: This linter can be disabled with `set_option linter.unnecessarySeqFocus false`
warning: CGLMP5/ScalarTableRow13.lean:140:4: Used `tac1 <;> tac2` where `(tac1; tac2)` would suffice

Note: This linter can be disabled with `set_option linter.unnecessarySeqFocus false`
warning: CGLMP5/ScalarTableRow13.lean:144:4: Used `tac1 <;> tac2` where `(tac1; tac2)` would suffice

Note: This linter can be disabled with `set_option linter.unnecessarySeqFocus false`
warning: CGLMP5/ScalarTableRow13.lean:148:4: Used `tac1 <;> tac2` where `(tac1; tac2)` would suffice

Note: This linter can be disabled with `set_option linter.unnecessarySeqFocus false`
warning: CGLMP5/ScalarTableRow13.lean:152:4: Used `tac1 <;> tac2` where `(tac1; tac2)` would suffice

Note: This linter can be disabled with `set_option linter.unnecessarySeqFocus false`
warning: CGLMP5/ScalarTableRow13.lean:156:4: Used `tac1 <;> tac2` where `(tac1; tac2)` would suffice

Note: This linter can be disabled with `set_option linter.unnecessarySeqFocus false`
warning: CGLMP5/ScalarTableRow13.lean:160:4: Used `tac1 <;> tac2` where `(tac1; tac2)` would suffice

Note: This linter can be disabled with `set_option linter.unnecessarySeqFocus false`
warning: CGLMP5/ScalarTableRow13.lean:164:4: Used `tac1 <;> tac2` where `(tac1; tac2)` would suffice

Note: This linter can be disabled with `set_option linter.unnecessarySeqFocus false`
warning: CGLMP5/ScalarTableRow13.lean:168:4: Used `tac1 <;> tac2` where `(tac1; tac2)` would suffice

Note: This linter can be disabled with `set_option linter.unnecessarySeqFocus false`
warning: CGLMP5/ScalarTableRow13.lean:172:4: Used `tac1 <;> tac2` where `(tac1; tac2)` would suffice

Note: This linter can be disabled with `set_option linter.unnecessarySeqFocus false`
warning: CGLMP5/ScalarTableRow13.lean:176:4: Used `tac1 <;> tac2` where `(tac1; tac2)` would suffice

Note: This linter can be disabled with `set_option linter.unnecessarySeqFocus false`
warning: CGLMP5/ScalarTableRow13.lean:180:4: Used `tac1 <;> tac2` where `(tac1; tac2)` would suffice

Note: This linter can be disabled with `set_option linter.unnecessarySeqFocus false`
⚠ [2169/2179] Replayed CGLMP5.ScalarTableRow14
warning: CGLMP5/ScalarTableRow14.lean:88:8: Unused tactic linter: `ring` does nothing

Note: This linter can be disabled with `set_option linter.unusedTactic false`
warning: CGLMP5/ScalarTableRow14.lean:88:8: this tactic is never executed

Note: This linter can be disabled with `set_option linter.unreachableTactic false`
warning: CGLMP5/ScalarTableRow14.lean:92:4: Used `tac1 <;> tac2` where `(tac1; tac2)` would suffice

Note: This linter can be disabled with `set_option linter.unnecessarySeqFocus false`
warning: CGLMP5/ScalarTableRow14.lean:96:4: Used `tac1 <;> tac2` where `(tac1; tac2)` would suffice

Note: This linter can be disabled with `set_option linter.unnecessarySeqFocus false`
warning: CGLMP5/ScalarTableRow14.lean:100:4: Used `tac1 <;> tac2` where `(tac1; tac2)` would suffice

Note: This linter can be disabled with `set_option linter.unnecessarySeqFocus false`
warning: CGLMP5/ScalarTableRow14.lean:104:4: Used `tac1 <;> tac2` where `(tac1; tac2)` would suffice

Note: This linter can be disabled with `set_option linter.unnecessarySeqFocus false`
warning: CGLMP5/ScalarTableRow14.lean:108:4: Used `tac1 <;> tac2` where `(tac1; tac2)` would suffice

Note: This linter can be disabled with `set_option linter.unnecessarySeqFocus false`
warning: CGLMP5/ScalarTableRow14.lean:112:4: Used `tac1 <;> tac2` where `(tac1; tac2)` would suffice

Note: This linter can be disabled with `set_option linter.unnecessarySeqFocus false`
warning: CGLMP5/ScalarTableRow14.lean:116:4: Used `tac1 <;> tac2` where `(tac1; tac2)` would suffice

Note: This linter can be disabled with `set_option linter.unnecessarySeqFocus false`
warning: CGLMP5/ScalarTableRow14.lean:120:4: Used `tac1 <;> tac2` where `(tac1; tac2)` would suffice

Note: This linter can be disabled with `set_option linter.unnecessarySeqFocus false`
warning: CGLMP5/ScalarTableRow14.lean:124:4: Used `tac1 <;> tac2` where `(tac1; tac2)` would suffice

Note: This linter can be disabled with `set_option linter.unnecessarySeqFocus false`
warning: CGLMP5/ScalarTableRow14.lean:128:4: Used `tac1 <;> tac2` where `(tac1; tac2)` would suffice

Note: This linter can be disabled with `set_option linter.unnecessarySeqFocus false`
warning: CGLMP5/ScalarTableRow14.lean:132:4: Used `tac1 <;> tac2` where `(tac1; tac2)` would suffice

Note: This linter can be disabled with `set_option linter.unnecessarySeqFocus false`
warning: CGLMP5/ScalarTableRow14.lean:136:4: Used `tac1 <;> tac2` where `(tac1; tac2)` would suffice

Note: This linter can be disabled with `set_option linter.unnecessarySeqFocus false`
warning: CGLMP5/ScalarTableRow14.lean:140:4: Used `tac1 <;> tac2` where `(tac1; tac2)` would suffice

Note: This linter can be disabled with `set_option linter.unnecessarySeqFocus false`
warning: CGLMP5/ScalarTableRow14.lean:144:4: Used `tac1 <;> tac2` where `(tac1; tac2)` would suffice

Note: This linter can be disabled with `set_option linter.unnecessarySeqFocus false`
warning: CGLMP5/ScalarTableRow14.lean:148:4: Used `tac1 <;> tac2` where `(tac1; tac2)` would suffice

Note: This linter can be disabled with `set_option linter.unnecessarySeqFocus false`
warning: CGLMP5/ScalarTableRow14.lean:152:4: Used `tac1 <;> tac2` where `(tac1; tac2)` would suffice

Note: This linter can be disabled with `set_option linter.unnecessarySeqFocus false`
warning: CGLMP5/ScalarTableRow14.lean:156:4: Used `tac1 <;> tac2` where `(tac1; tac2)` would suffice

Note: This linter can be disabled with `set_option linter.unnecessarySeqFocus false`
warning: CGLMP5/ScalarTableRow14.lean:160:4: Used `tac1 <;> tac2` where `(tac1; tac2)` would suffice

Note: This linter can be disabled with `set_option linter.unnecessarySeqFocus false`
warning: CGLMP5/ScalarTableRow14.lean:164:4: Used `tac1 <;> tac2` where `(tac1; tac2)` would suffice

Note: This linter can be disabled with `set_option linter.unnecessarySeqFocus false`
warning: CGLMP5/ScalarTableRow14.lean:168:4: Used `tac1 <;> tac2` where `(tac1; tac2)` would suffice

Note: This linter can be disabled with `set_option linter.unnecessarySeqFocus false`
warning: CGLMP5/ScalarTableRow14.lean:172:4: Used `tac1 <;> tac2` where `(tac1; tac2)` would suffice

Note: This linter can be disabled with `set_option linter.unnecessarySeqFocus false`
warning: CGLMP5/ScalarTableRow14.lean:176:4: Used `tac1 <;> tac2` where `(tac1; tac2)` would suffice

Note: This linter can be disabled with `set_option linter.unnecessarySeqFocus false`
warning: CGLMP5/ScalarTableRow14.lean:180:4: Used `tac1 <;> tac2` where `(tac1; tac2)` would suffice

Note: This linter can be disabled with `set_option linter.unnecessarySeqFocus false`
⚠ [2170/2179] Replayed CGLMP5.ScalarTableRow15
warning: CGLMP5/ScalarTableRow15.lean:88:8: Unused tactic linter: `ring` does nothing

Note: This linter can be disabled with `set_option linter.unusedTactic false`
warning: CGLMP5/ScalarTableRow15.lean:88:8: this tactic is never executed

Note: This linter can be disabled with `set_option linter.unreachableTactic false`
warning: CGLMP5/ScalarTableRow15.lean:92:4: Used `tac1 <;> tac2` where `(tac1; tac2)` would suffice

Note: This linter can be disabled with `set_option linter.unnecessarySeqFocus false`
warning: CGLMP5/ScalarTableRow15.lean:96:4: Used `tac1 <;> tac2` where `(tac1; tac2)` would suffice

Note: This linter can be disabled with `set_option linter.unnecessarySeqFocus false`
warning: CGLMP5/ScalarTableRow15.lean:100:4: Used `tac1 <;> tac2` where `(tac1; tac2)` would suffice

Note: This linter can be disabled with `set_option linter.unnecessarySeqFocus false`
warning: CGLMP5/ScalarTableRow15.lean:104:4: Used `tac1 <;> tac2` where `(tac1; tac2)` would suffice

Note: This linter can be disabled with `set_option linter.unnecessarySeqFocus false`
warning: CGLMP5/ScalarTableRow15.lean:108:4: Used `tac1 <;> tac2` where `(tac1; tac2)` would suffice

Note: This linter can be disabled with `set_option linter.unnecessarySeqFocus false`
warning: CGLMP5/ScalarTableRow15.lean:112:4: Used `tac1 <;> tac2` where `(tac1; tac2)` would suffice

Note: This linter can be disabled with `set_option linter.unnecessarySeqFocus false`
warning: CGLMP5/ScalarTableRow15.lean:116:4: Used `tac1 <;> tac2` where `(tac1; tac2)` would suffice

Note: This linter can be disabled with `set_option linter.unnecessarySeqFocus false`
warning: CGLMP5/ScalarTableRow15.lean:120:4: Used `tac1 <;> tac2` where `(tac1; tac2)` would suffice

Note: This linter can be disabled with `set_option linter.unnecessarySeqFocus false`
warning: CGLMP5/ScalarTableRow15.lean:124:4: Used `tac1 <;> tac2` where `(tac1; tac2)` would suffice

Note: This linter can be disabled with `set_option linter.unnecessarySeqFocus false`
warning: CGLMP5/ScalarTableRow15.lean:128:4: Used `tac1 <;> tac2` where `(tac1; tac2)` would suffice

Note: This linter can be disabled with `set_option linter.unnecessarySeqFocus false`
warning: CGLMP5/ScalarTableRow15.lean:132:4: Used `tac1 <;> tac2` where `(tac1; tac2)` would suffice

Note: This linter can be disabled with `set_option linter.unnecessarySeqFocus false`
warning: CGLMP5/ScalarTableRow15.lean:136:4: Used `tac1 <;> tac2` where `(tac1; tac2)` would suffice

Note: This linter can be disabled with `set_option linter.unnecessarySeqFocus false`
warning: CGLMP5/ScalarTableRow15.lean:140:4: Used `tac1 <;> tac2` where `(tac1; tac2)` would suffice

Note: This linter can be disabled with `set_option linter.unnecessarySeqFocus false`
warning: CGLMP5/ScalarTableRow15.lean:144:4: Used `tac1 <;> tac2` where `(tac1; tac2)` would suffice

Note: This linter can be disabled with `set_option linter.unnecessarySeqFocus false`
warning: CGLMP5/ScalarTableRow15.lean:148:4: Used `tac1 <;> tac2` where `(tac1; tac2)` would suffice

Note: This linter can be disabled with `set_option linter.unnecessarySeqFocus false`
warning: CGLMP5/ScalarTableRow15.lean:152:4: Used `tac1 <;> tac2` where `(tac1; tac2)` would suffice

Note: This linter can be disabled with `set_option linter.unnecessarySeqFocus false`
warning: CGLMP5/ScalarTableRow15.lean:156:4: Used `tac1 <;> tac2` where `(tac1; tac2)` would suffice

Note: This linter can be disabled with `set_option linter.unnecessarySeqFocus false`
warning: CGLMP5/ScalarTableRow15.lean:160:4: Used `tac1 <;> tac2` where `(tac1; tac2)` would suffice

Note: This linter can be disabled with `set_option linter.unnecessarySeqFocus false`
warning: CGLMP5/ScalarTableRow15.lean:164:4: Used `tac1 <;> tac2` where `(tac1; tac2)` would suffice

Note: This linter can be disabled with `set_option linter.unnecessarySeqFocus false`
warning: CGLMP5/ScalarTableRow15.lean:168:4: Used `tac1 <;> tac2` where `(tac1; tac2)` would suffice

Note: This linter can be disabled with `set_option linter.unnecessarySeqFocus false`
warning: CGLMP5/ScalarTableRow15.lean:172:4: Used `tac1 <;> tac2` where `(tac1; tac2)` would suffice

Note: This linter can be disabled with `set_option linter.unnecessarySeqFocus false`
warning: CGLMP5/ScalarTableRow15.lean:176:4: Used `tac1 <;> tac2` where `(tac1; tac2)` would suffice

Note: This linter can be disabled with `set_option linter.unnecessarySeqFocus false`
warning: CGLMP5/ScalarTableRow15.lean:180:4: Used `tac1 <;> tac2` where `(tac1; tac2)` would suffice

Note: This linter can be disabled with `set_option linter.unnecessarySeqFocus false`
⚠ [2171/2179] Replayed CGLMP5.ScalarTableRow16
warning: CGLMP5/ScalarTableRow16.lean:88:8: Unused tactic linter: `ring` does nothing

Note: This linter can be disabled with `set_option linter.unusedTactic false`
warning: CGLMP5/ScalarTableRow16.lean:88:8: this tactic is never executed

Note: This linter can be disabled with `set_option linter.unreachableTactic false`
warning: CGLMP5/ScalarTableRow16.lean:92:4: Used `tac1 <;> tac2` where `(tac1; tac2)` would suffice

Note: This linter can be disabled with `set_option linter.unnecessarySeqFocus false`
warning: CGLMP5/ScalarTableRow16.lean:96:4: Used `tac1 <;> tac2` where `(tac1; tac2)` would suffice

Note: This linter can be disabled with `set_option linter.unnecessarySeqFocus false`
warning: CGLMP5/ScalarTableRow16.lean:100:4: Used `tac1 <;> tac2` where `(tac1; tac2)` would suffice

Note: This linter can be disabled with `set_option linter.unnecessarySeqFocus false`
warning: CGLMP5/ScalarTableRow16.lean:104:4: Used `tac1 <;> tac2` where `(tac1; tac2)` would suffice

Note: This linter can be disabled with `set_option linter.unnecessarySeqFocus false`
warning: CGLMP5/ScalarTableRow16.lean:108:4: Used `tac1 <;> tac2` where `(tac1; tac2)` would suffice

Note: This linter can be disabled with `set_option linter.unnecessarySeqFocus false`
warning: CGLMP5/ScalarTableRow16.lean:112:4: Used `tac1 <;> tac2` where `(tac1; tac2)` would suffice

Note: This linter can be disabled with `set_option linter.unnecessarySeqFocus false`
warning: CGLMP5/ScalarTableRow16.lean:116:4: Used `tac1 <;> tac2` where `(tac1; tac2)` would suffice

Note: This linter can be disabled with `set_option linter.unnecessarySeqFocus false`
warning: CGLMP5/ScalarTableRow16.lean:120:4: Used `tac1 <;> tac2` where `(tac1; tac2)` would suffice

Note: This linter can be disabled with `set_option linter.unnecessarySeqFocus false`
warning: CGLMP5/ScalarTableRow16.lean:124:4: Used `tac1 <;> tac2` where `(tac1; tac2)` would suffice

Note: This linter can be disabled with `set_option linter.unnecessarySeqFocus false`
warning: CGLMP5/ScalarTableRow16.lean:128:4: Used `tac1 <;> tac2` where `(tac1; tac2)` would suffice

Note: This linter can be disabled with `set_option linter.unnecessarySeqFocus false`
warning: CGLMP5/ScalarTableRow16.lean:132:4: Used `tac1 <;> tac2` where `(tac1; tac2)` would suffice

Note: This linter can be disabled with `set_option linter.unnecessarySeqFocus false`
warning: CGLMP5/ScalarTableRow16.lean:136:4: Used `tac1 <;> tac2` where `(tac1; tac2)` would suffice

Note: This linter can be disabled with `set_option linter.unnecessarySeqFocus false`
warning: CGLMP5/ScalarTableRow16.lean:140:4: Used `tac1 <;> tac2` where `(tac1; tac2)` would suffice

Note: This linter can be disabled with `set_option linter.unnecessarySeqFocus false`
warning: CGLMP5/ScalarTableRow16.lean:144:4: Used `tac1 <;> tac2` where `(tac1; tac2)` would suffice

Note: This linter can be disabled with `set_option linter.unnecessarySeqFocus false`
warning: CGLMP5/ScalarTableRow16.lean:148:4: Used `tac1 <;> tac2` where `(tac1; tac2)` would suffice

Note: This linter can be disabled with `set_option linter.unnecessarySeqFocus false`
warning: CGLMP5/ScalarTableRow16.lean:152:4: Used `tac1 <;> tac2` where `(tac1; tac2)` would suffice

Note: This linter can be disabled with `set_option linter.unnecessarySeqFocus false`
warning: CGLMP5/ScalarTableRow16.lean:156:4: Used `tac1 <;> tac2` where `(tac1; tac2)` would suffice

Note: This linter can be disabled with `set_option linter.unnecessarySeqFocus false`
warning: CGLMP5/ScalarTableRow16.lean:160:4: Used `tac1 <;> tac2` where `(tac1; tac2)` would suffice

Note: This linter can be disabled with `set_option linter.unnecessarySeqFocus false`
warning: CGLMP5/ScalarTableRow16.lean:164:4: Used `tac1 <;> tac2` where `(tac1; tac2)` would suffice

Note: This linter can be disabled with `set_option linter.unnecessarySeqFocus false`
warning: CGLMP5/ScalarTableRow16.lean:168:4: Used `tac1 <;> tac2` where `(tac1; tac2)` would suffice

Note: This linter can be disabled with `set_option linter.unnecessarySeqFocus false`
warning: CGLMP5/ScalarTableRow16.lean:172:4: Used `tac1 <;> tac2` where `(tac1; tac2)` would suffice

Note: This linter can be disabled with `set_option linter.unnecessarySeqFocus false`
warning: CGLMP5/ScalarTableRow16.lean:176:4: Used `tac1 <;> tac2` where `(tac1; tac2)` would suffice

Note: This linter can be disabled with `set_option linter.unnecessarySeqFocus false`
warning: CGLMP5/ScalarTableRow16.lean:180:4: Used `tac1 <;> tac2` where `(tac1; tac2)` would suffice

Note: This linter can be disabled with `set_option linter.unnecessarySeqFocus false`
⚠ [2172/2179] Replayed CGLMP5.ScalarTableRow17
warning: CGLMP5/ScalarTableRow17.lean:88:8: Unused tactic linter: `ring` does nothing

Note: This linter can be disabled with `set_option linter.unusedTactic false`
warning: CGLMP5/ScalarTableRow17.lean:88:8: this tactic is never executed

Note: This linter can be disabled with `set_option linter.unreachableTactic false`
warning: CGLMP5/ScalarTableRow17.lean:92:4: Used `tac1 <;> tac2` where `(tac1; tac2)` would suffice

Note: This linter can be disabled with `set_option linter.unnecessarySeqFocus false`
warning: CGLMP5/ScalarTableRow17.lean:96:4: Used `tac1 <;> tac2` where `(tac1; tac2)` would suffice

Note: This linter can be disabled with `set_option linter.unnecessarySeqFocus false`
warning: CGLMP5/ScalarTableRow17.lean:100:4: Used `tac1 <;> tac2` where `(tac1; tac2)` would suffice

Note: This linter can be disabled with `set_option linter.unnecessarySeqFocus false`
warning: CGLMP5/ScalarTableRow17.lean:104:4: Used `tac1 <;> tac2` where `(tac1; tac2)` would suffice

Note: This linter can be disabled with `set_option linter.unnecessarySeqFocus false`
warning: CGLMP5/ScalarTableRow17.lean:108:4: Used `tac1 <;> tac2` where `(tac1; tac2)` would suffice

Note: This linter can be disabled with `set_option linter.unnecessarySeqFocus false`
warning: CGLMP5/ScalarTableRow17.lean:112:4: Used `tac1 <;> tac2` where `(tac1; tac2)` would suffice

Note: This linter can be disabled with `set_option linter.unnecessarySeqFocus false`
warning: CGLMP5/ScalarTableRow17.lean:116:4: Used `tac1 <;> tac2` where `(tac1; tac2)` would suffice

Note: This linter can be disabled with `set_option linter.unnecessarySeqFocus false`
warning: CGLMP5/ScalarTableRow17.lean:120:4: Used `tac1 <;> tac2` where `(tac1; tac2)` would suffice

Note: This linter can be disabled with `set_option linter.unnecessarySeqFocus false`
warning: CGLMP5/ScalarTableRow17.lean:124:4: Used `tac1 <;> tac2` where `(tac1; tac2)` would suffice

Note: This linter can be disabled with `set_option linter.unnecessarySeqFocus false`
warning: CGLMP5/ScalarTableRow17.lean:128:4: Used `tac1 <;> tac2` where `(tac1; tac2)` would suffice

Note: This linter can be disabled with `set_option linter.unnecessarySeqFocus false`
warning: CGLMP5/ScalarTableRow17.lean:132:4: Used `tac1 <;> tac2` where `(tac1; tac2)` would suffice

Note: This linter can be disabled with `set_option linter.unnecessarySeqFocus false`
warning: CGLMP5/ScalarTableRow17.lean:136:4: Used `tac1 <;> tac2` where `(tac1; tac2)` would suffice

Note: This linter can be disabled with `set_option linter.unnecessarySeqFocus false`
warning: CGLMP5/ScalarTableRow17.lean:140:4: Used `tac1 <;> tac2` where `(tac1; tac2)` would suffice

Note: This linter can be disabled with `set_option linter.unnecessarySeqFocus false`
warning: CGLMP5/ScalarTableRow17.lean:144:4: Used `tac1 <;> tac2` where `(tac1; tac2)` would suffice

Note: This linter can be disabled with `set_option linter.unnecessarySeqFocus false`
warning: CGLMP5/ScalarTableRow17.lean:148:4: Used `tac1 <;> tac2` where `(tac1; tac2)` would suffice

Note: This linter can be disabled with `set_option linter.unnecessarySeqFocus false`
warning: CGLMP5/ScalarTableRow17.lean:152:4: Used `tac1 <;> tac2` where `(tac1; tac2)` would suffice

Note: This linter can be disabled with `set_option linter.unnecessarySeqFocus false`
warning: CGLMP5/ScalarTableRow17.lean:156:4: Used `tac1 <;> tac2` where `(tac1; tac2)` would suffice

Note: This linter can be disabled with `set_option linter.unnecessarySeqFocus false`
warning: CGLMP5/ScalarTableRow17.lean:160:4: Used `tac1 <;> tac2` where `(tac1; tac2)` would suffice

Note: This linter can be disabled with `set_option linter.unnecessarySeqFocus false`
warning: CGLMP5/ScalarTableRow17.lean:164:4: Used `tac1 <;> tac2` where `(tac1; tac2)` would suffice

Note: This linter can be disabled with `set_option linter.unnecessarySeqFocus false`
warning: CGLMP5/ScalarTableRow17.lean:168:4: Used `tac1 <;> tac2` where `(tac1; tac2)` would suffice

Note: This linter can be disabled with `set_option linter.unnecessarySeqFocus false`
warning: CGLMP5/ScalarTableRow17.lean:172:4: Used `tac1 <;> tac2` where `(tac1; tac2)` would suffice

Note: This linter can be disabled with `set_option linter.unnecessarySeqFocus false`
warning: CGLMP5/ScalarTableRow17.lean:176:4: Used `tac1 <;> tac2` where `(tac1; tac2)` would suffice

Note: This linter can be disabled with `set_option linter.unnecessarySeqFocus false`
warning: CGLMP5/ScalarTableRow17.lean:180:4: Used `tac1 <;> tac2` where `(tac1; tac2)` would suffice

Note: This linter can be disabled with `set_option linter.unnecessarySeqFocus false`
⚠ [2173/2179] Replayed CGLMP5.ScalarTableRow18
warning: CGLMP5/ScalarTableRow18.lean:88:8: Unused tactic linter: `ring` does nothing

Note: This linter can be disabled with `set_option linter.unusedTactic false`
warning: CGLMP5/ScalarTableRow18.lean:88:8: this tactic is never executed

Note: This linter can be disabled with `set_option linter.unreachableTactic false`
warning: CGLMP5/ScalarTableRow18.lean:92:4: Used `tac1 <;> tac2` where `(tac1; tac2)` would suffice

Note: This linter can be disabled with `set_option linter.unnecessarySeqFocus false`
warning: CGLMP5/ScalarTableRow18.lean:96:4: Used `tac1 <;> tac2` where `(tac1; tac2)` would suffice

Note: This linter can be disabled with `set_option linter.unnecessarySeqFocus false`
warning: CGLMP5/ScalarTableRow18.lean:100:4: Used `tac1 <;> tac2` where `(tac1; tac2)` would suffice

Note: This linter can be disabled with `set_option linter.unnecessarySeqFocus false`
warning: CGLMP5/ScalarTableRow18.lean:104:4: Used `tac1 <;> tac2` where `(tac1; tac2)` would suffice

Note: This linter can be disabled with `set_option linter.unnecessarySeqFocus false`
warning: CGLMP5/ScalarTableRow18.lean:108:4: Used `tac1 <;> tac2` where `(tac1; tac2)` would suffice

Note: This linter can be disabled with `set_option linter.unnecessarySeqFocus false`
warning: CGLMP5/ScalarTableRow18.lean:112:4: Used `tac1 <;> tac2` where `(tac1; tac2)` would suffice

Note: This linter can be disabled with `set_option linter.unnecessarySeqFocus false`
warning: CGLMP5/ScalarTableRow18.lean:116:4: Used `tac1 <;> tac2` where `(tac1; tac2)` would suffice

Note: This linter can be disabled with `set_option linter.unnecessarySeqFocus false`
warning: CGLMP5/ScalarTableRow18.lean:120:4: Used `tac1 <;> tac2` where `(tac1; tac2)` would suffice

Note: This linter can be disabled with `set_option linter.unnecessarySeqFocus false`
warning: CGLMP5/ScalarTableRow18.lean:124:4: Used `tac1 <;> tac2` where `(tac1; tac2)` would suffice

Note: This linter can be disabled with `set_option linter.unnecessarySeqFocus false`
warning: CGLMP5/ScalarTableRow18.lean:128:4: Used `tac1 <;> tac2` where `(tac1; tac2)` would suffice

Note: This linter can be disabled with `set_option linter.unnecessarySeqFocus false`
warning: CGLMP5/ScalarTableRow18.lean:132:4: Used `tac1 <;> tac2` where `(tac1; tac2)` would suffice

Note: This linter can be disabled with `set_option linter.unnecessarySeqFocus false`
warning: CGLMP5/ScalarTableRow18.lean:136:4: Used `tac1 <;> tac2` where `(tac1; tac2)` would suffice

Note: This linter can be disabled with `set_option linter.unnecessarySeqFocus false`
warning: CGLMP5/ScalarTableRow18.lean:140:4: Used `tac1 <;> tac2` where `(tac1; tac2)` would suffice

Note: This linter can be disabled with `set_option linter.unnecessarySeqFocus false`
warning: CGLMP5/ScalarTableRow18.lean:144:4: Used `tac1 <;> tac2` where `(tac1; tac2)` would suffice

Note: This linter can be disabled with `set_option linter.unnecessarySeqFocus false`
warning: CGLMP5/ScalarTableRow18.lean:148:4: Used `tac1 <;> tac2` where `(tac1; tac2)` would suffice

Note: This linter can be disabled with `set_option linter.unnecessarySeqFocus false`
warning: CGLMP5/ScalarTableRow18.lean:152:4: Used `tac1 <;> tac2` where `(tac1; tac2)` would suffice

Note: This linter can be disabled with `set_option linter.unnecessarySeqFocus false`
warning: CGLMP5/ScalarTableRow18.lean:156:4: Used `tac1 <;> tac2` where `(tac1; tac2)` would suffice

Note: This linter can be disabled with `set_option linter.unnecessarySeqFocus false`
warning: CGLMP5/ScalarTableRow18.lean:160:4: Used `tac1 <;> tac2` where `(tac1; tac2)` would suffice

Note: This linter can be disabled with `set_option linter.unnecessarySeqFocus false`
warning: CGLMP5/ScalarTableRow18.lean:164:4: Used `tac1 <;> tac2` where `(tac1; tac2)` would suffice

Note: This linter can be disabled with `set_option linter.unnecessarySeqFocus false`
warning: CGLMP5/ScalarTableRow18.lean:168:4: Used `tac1 <;> tac2` where `(tac1; tac2)` would suffice

Note: This linter can be disabled with `set_option linter.unnecessarySeqFocus false`
warning: CGLMP5/ScalarTableRow18.lean:172:4: Used `tac1 <;> tac2` where `(tac1; tac2)` would suffice

Note: This linter can be disabled with `set_option linter.unnecessarySeqFocus false`
warning: CGLMP5/ScalarTableRow18.lean:176:4: Used `tac1 <;> tac2` where `(tac1; tac2)` would suffice

Note: This linter can be disabled with `set_option linter.unnecessarySeqFocus false`
warning: CGLMP5/ScalarTableRow18.lean:180:4: Used `tac1 <;> tac2` where `(tac1; tac2)` would suffice

Note: This linter can be disabled with `set_option linter.unnecessarySeqFocus false`
⚠ [2174/2179] Replayed CGLMP5.ScalarTableRow19
warning: CGLMP5/ScalarTableRow19.lean:88:8: Unused tactic linter: `ring` does nothing

Note: This linter can be disabled with `set_option linter.unusedTactic false`
warning: CGLMP5/ScalarTableRow19.lean:88:8: this tactic is never executed

Note: This linter can be disabled with `set_option linter.unreachableTactic false`
warning: CGLMP5/ScalarTableRow19.lean:92:4: Used `tac1 <;> tac2` where `(tac1; tac2)` would suffice

Note: This linter can be disabled with `set_option linter.unnecessarySeqFocus false`
warning: CGLMP5/ScalarTableRow19.lean:96:4: Used `tac1 <;> tac2` where `(tac1; tac2)` would suffice

Note: This linter can be disabled with `set_option linter.unnecessarySeqFocus false`
warning: CGLMP5/ScalarTableRow19.lean:100:4: Used `tac1 <;> tac2` where `(tac1; tac2)` would suffice

Note: This linter can be disabled with `set_option linter.unnecessarySeqFocus false`
warning: CGLMP5/ScalarTableRow19.lean:104:4: Used `tac1 <;> tac2` where `(tac1; tac2)` would suffice

Note: This linter can be disabled with `set_option linter.unnecessarySeqFocus false`
warning: CGLMP5/ScalarTableRow19.lean:108:4: Used `tac1 <;> tac2` where `(tac1; tac2)` would suffice

Note: This linter can be disabled with `set_option linter.unnecessarySeqFocus false`
warning: CGLMP5/ScalarTableRow19.lean:112:4: Used `tac1 <;> tac2` where `(tac1; tac2)` would suffice

Note: This linter can be disabled with `set_option linter.unnecessarySeqFocus false`
warning: CGLMP5/ScalarTableRow19.lean:116:4: Used `tac1 <;> tac2` where `(tac1; tac2)` would suffice

Note: This linter can be disabled with `set_option linter.unnecessarySeqFocus false`
warning: CGLMP5/ScalarTableRow19.lean:120:4: Used `tac1 <;> tac2` where `(tac1; tac2)` would suffice

Note: This linter can be disabled with `set_option linter.unnecessarySeqFocus false`
warning: CGLMP5/ScalarTableRow19.lean:124:4: Used `tac1 <;> tac2` where `(tac1; tac2)` would suffice

Note: This linter can be disabled with `set_option linter.unnecessarySeqFocus false`
warning: CGLMP5/ScalarTableRow19.lean:128:4: Used `tac1 <;> tac2` where `(tac1; tac2)` would suffice

Note: This linter can be disabled with `set_option linter.unnecessarySeqFocus false`
warning: CGLMP5/ScalarTableRow19.lean:132:4: Used `tac1 <;> tac2` where `(tac1; tac2)` would suffice

Note: This linter can be disabled with `set_option linter.unnecessarySeqFocus false`
warning: CGLMP5/ScalarTableRow19.lean:136:4: Used `tac1 <;> tac2` where `(tac1; tac2)` would suffice

Note: This linter can be disabled with `set_option linter.unnecessarySeqFocus false`
warning: CGLMP5/ScalarTableRow19.lean:140:4: Used `tac1 <;> tac2` where `(tac1; tac2)` would suffice

Note: This linter can be disabled with `set_option linter.unnecessarySeqFocus false`
warning: CGLMP5/ScalarTableRow19.lean:144:4: Used `tac1 <;> tac2` where `(tac1; tac2)` would suffice

Note: This linter can be disabled with `set_option linter.unnecessarySeqFocus false`
warning: CGLMP5/ScalarTableRow19.lean:148:4: Used `tac1 <;> tac2` where `(tac1; tac2)` would suffice

Note: This linter can be disabled with `set_option linter.unnecessarySeqFocus false`
warning: CGLMP5/ScalarTableRow19.lean:152:4: Used `tac1 <;> tac2` where `(tac1; tac2)` would suffice

Note: This linter can be disabled with `set_option linter.unnecessarySeqFocus false`
warning: CGLMP5/ScalarTableRow19.lean:156:4: Used `tac1 <;> tac2` where `(tac1; tac2)` would suffice

Note: This linter can be disabled with `set_option linter.unnecessarySeqFocus false`
warning: CGLMP5/ScalarTableRow19.lean:160:4: Used `tac1 <;> tac2` where `(tac1; tac2)` would suffice

Note: This linter can be disabled with `set_option linter.unnecessarySeqFocus false`
warning: CGLMP5/ScalarTableRow19.lean:164:4: Used `tac1 <;> tac2` where `(tac1; tac2)` would suffice

Note: This linter can be disabled with `set_option linter.unnecessarySeqFocus false`
warning: CGLMP5/ScalarTableRow19.lean:168:4: Used `tac1 <;> tac2` where `(tac1; tac2)` would suffice

Note: This linter can be disabled with `set_option linter.unnecessarySeqFocus false`
warning: CGLMP5/ScalarTableRow19.lean:172:4: Used `tac1 <;> tac2` where `(tac1; tac2)` would suffice

Note: This linter can be disabled with `set_option linter.unnecessarySeqFocus false`
warning: CGLMP5/ScalarTableRow19.lean:176:4: Used `tac1 <;> tac2` where `(tac1; tac2)` would suffice

Note: This linter can be disabled with `set_option linter.unnecessarySeqFocus false`
warning: CGLMP5/ScalarTableRow19.lean:180:4: Used `tac1 <;> tac2` where `(tac1; tac2)` would suffice

Note: This linter can be disabled with `set_option linter.unnecessarySeqFocus false`
⚠ [2175/2179] Replayed CGLMP5.ScalarTableRow20
warning: CGLMP5/ScalarTableRow20.lean:88:8: Unused tactic linter: `ring` does nothing

Note: This linter can be disabled with `set_option linter.unusedTactic false`
warning: CGLMP5/ScalarTableRow20.lean:88:8: this tactic is never executed

Note: This linter can be disabled with `set_option linter.unreachableTactic false`
warning: CGLMP5/ScalarTableRow20.lean:92:4: Used `tac1 <;> tac2` where `(tac1; tac2)` would suffice

Note: This linter can be disabled with `set_option linter.unnecessarySeqFocus false`
warning: CGLMP5/ScalarTableRow20.lean:96:4: Used `tac1 <;> tac2` where `(tac1; tac2)` would suffice

Note: This linter can be disabled with `set_option linter.unnecessarySeqFocus false`
warning: CGLMP5/ScalarTableRow20.lean:100:4: Used `tac1 <;> tac2` where `(tac1; tac2)` would suffice

Note: This linter can be disabled with `set_option linter.unnecessarySeqFocus false`
warning: CGLMP5/ScalarTableRow20.lean:104:4: Used `tac1 <;> tac2` where `(tac1; tac2)` would suffice

Note: This linter can be disabled with `set_option linter.unnecessarySeqFocus false`
warning: CGLMP5/ScalarTableRow20.lean:108:4: Used `tac1 <;> tac2` where `(tac1; tac2)` would suffice

Note: This linter can be disabled with `set_option linter.unnecessarySeqFocus false`
warning: CGLMP5/ScalarTableRow20.lean:112:4: Used `tac1 <;> tac2` where `(tac1; tac2)` would suffice

Note: This linter can be disabled with `set_option linter.unnecessarySeqFocus false`
warning: CGLMP5/ScalarTableRow20.lean:116:4: Used `tac1 <;> tac2` where `(tac1; tac2)` would suffice

Note: This linter can be disabled with `set_option linter.unnecessarySeqFocus false`
warning: CGLMP5/ScalarTableRow20.lean:120:4: Used `tac1 <;> tac2` where `(tac1; tac2)` would suffice

Note: This linter can be disabled with `set_option linter.unnecessarySeqFocus false`
warning: CGLMP5/ScalarTableRow20.lean:124:4: Used `tac1 <;> tac2` where `(tac1; tac2)` would suffice

Note: This linter can be disabled with `set_option linter.unnecessarySeqFocus false`
warning: CGLMP5/ScalarTableRow20.lean:128:4: Used `tac1 <;> tac2` where `(tac1; tac2)` would suffice

Note: This linter can be disabled with `set_option linter.unnecessarySeqFocus false`
warning: CGLMP5/ScalarTableRow20.lean:132:4: Used `tac1 <;> tac2` where `(tac1; tac2)` would suffice

Note: This linter can be disabled with `set_option linter.unnecessarySeqFocus false`
warning: CGLMP5/ScalarTableRow20.lean:136:4: Used `tac1 <;> tac2` where `(tac1; tac2)` would suffice

Note: This linter can be disabled with `set_option linter.unnecessarySeqFocus false`
warning: CGLMP5/ScalarTableRow20.lean:140:4: Used `tac1 <;> tac2` where `(tac1; tac2)` would suffice

Note: This linter can be disabled with `set_option linter.unnecessarySeqFocus false`
warning: CGLMP5/ScalarTableRow20.lean:144:4: Used `tac1 <;> tac2` where `(tac1; tac2)` would suffice

Note: This linter can be disabled with `set_option linter.unnecessarySeqFocus false`
warning: CGLMP5/ScalarTableRow20.lean:148:4: Used `tac1 <;> tac2` where `(tac1; tac2)` would suffice

Note: This linter can be disabled with `set_option linter.unnecessarySeqFocus false`
warning: CGLMP5/ScalarTableRow20.lean:152:4: Used `tac1 <;> tac2` where `(tac1; tac2)` would suffice

Note: This linter can be disabled with `set_option linter.unnecessarySeqFocus false`
warning: CGLMP5/ScalarTableRow20.lean:156:4: Used `tac1 <;> tac2` where `(tac1; tac2)` would suffice

Note: This linter can be disabled with `set_option linter.unnecessarySeqFocus false`
warning: CGLMP5/ScalarTableRow20.lean:160:4: Used `tac1 <;> tac2` where `(tac1; tac2)` would suffice

Note: This linter can be disabled with `set_option linter.unnecessarySeqFocus false`
warning: CGLMP5/ScalarTableRow20.lean:164:4: Used `tac1 <;> tac2` where `(tac1; tac2)` would suffice

Note: This linter can be disabled with `set_option linter.unnecessarySeqFocus false`
warning: CGLMP5/ScalarTableRow20.lean:168:4: Used `tac1 <;> tac2` where `(tac1; tac2)` would suffice

Note: This linter can be disabled with `set_option linter.unnecessarySeqFocus false`
warning: CGLMP5/ScalarTableRow20.lean:172:4: Used `tac1 <;> tac2` where `(tac1; tac2)` would suffice

Note: This linter can be disabled with `set_option linter.unnecessarySeqFocus false`
warning: CGLMP5/ScalarTableRow20.lean:176:4: Used `tac1 <;> tac2` where `(tac1; tac2)` would suffice

Note: This linter can be disabled with `set_option linter.unnecessarySeqFocus false`
warning: CGLMP5/ScalarTableRow20.lean:180:4: Used `tac1 <;> tac2` where `(tac1; tac2)` would suffice

Note: This linter can be disabled with `set_option linter.unnecessarySeqFocus false`
⚠ [2176/2179] Replayed CGLMP5.ScalarTableRow21
warning: CGLMP5/ScalarTableRow21.lean:88:8: Unused tactic linter: `ring` does nothing

Note: This linter can be disabled with `set_option linter.unusedTactic false`
warning: CGLMP5/ScalarTableRow21.lean:88:8: this tactic is never executed

Note: This linter can be disabled with `set_option linter.unreachableTactic false`
warning: CGLMP5/ScalarTableRow21.lean:92:4: Used `tac1 <;> tac2` where `(tac1; tac2)` would suffice

Note: This linter can be disabled with `set_option linter.unnecessarySeqFocus false`
warning: CGLMP5/ScalarTableRow21.lean:96:4: Used `tac1 <;> tac2` where `(tac1; tac2)` would suffice

Note: This linter can be disabled with `set_option linter.unnecessarySeqFocus false`
warning: CGLMP5/ScalarTableRow21.lean:100:4: Used `tac1 <;> tac2` where `(tac1; tac2)` would suffice

Note: This linter can be disabled with `set_option linter.unnecessarySeqFocus false`
warning: CGLMP5/ScalarTableRow21.lean:104:4: Used `tac1 <;> tac2` where `(tac1; tac2)` would suffice

Note: This linter can be disabled with `set_option linter.unnecessarySeqFocus false`
warning: CGLMP5/ScalarTableRow21.lean:108:4: Used `tac1 <;> tac2` where `(tac1; tac2)` would suffice

Note: This linter can be disabled with `set_option linter.unnecessarySeqFocus false`
warning: CGLMP5/ScalarTableRow21.lean:112:4: Used `tac1 <;> tac2` where `(tac1; tac2)` would suffice

Note: This linter can be disabled with `set_option linter.unnecessarySeqFocus false`
warning: CGLMP5/ScalarTableRow21.lean:116:4: Used `tac1 <;> tac2` where `(tac1; tac2)` would suffice

Note: This linter can be disabled with `set_option linter.unnecessarySeqFocus false`
warning: CGLMP5/ScalarTableRow21.lean:120:4: Used `tac1 <;> tac2` where `(tac1; tac2)` would suffice

Note: This linter can be disabled with `set_option linter.unnecessarySeqFocus false`
warning: CGLMP5/ScalarTableRow21.lean:124:4: Used `tac1 <;> tac2` where `(tac1; tac2)` would suffice

Note: This linter can be disabled with `set_option linter.unnecessarySeqFocus false`
warning: CGLMP5/ScalarTableRow21.lean:128:4: Used `tac1 <;> tac2` where `(tac1; tac2)` would suffice

Note: This linter can be disabled with `set_option linter.unnecessarySeqFocus false`
warning: CGLMP5/ScalarTableRow21.lean:132:4: Used `tac1 <;> tac2` where `(tac1; tac2)` would suffice

Note: This linter can be disabled with `set_option linter.unnecessarySeqFocus false`
warning: CGLMP5/ScalarTableRow21.lean:136:4: Used `tac1 <;> tac2` where `(tac1; tac2)` would suffice

Note: This linter can be disabled with `set_option linter.unnecessarySeqFocus false`
warning: CGLMP5/ScalarTableRow21.lean:140:4: Used `tac1 <;> tac2` where `(tac1; tac2)` would suffice

Note: This linter can be disabled with `set_option linter.unnecessarySeqFocus false`
warning: CGLMP5/ScalarTableRow21.lean:144:4: Used `tac1 <;> tac2` where `(tac1; tac2)` would suffice

Note: This linter can be disabled with `set_option linter.unnecessarySeqFocus false`
warning: CGLMP5/ScalarTableRow21.lean:148:4: Used `tac1 <;> tac2` where `(tac1; tac2)` would suffice

Note: This linter can be disabled with `set_option linter.unnecessarySeqFocus false`
warning: CGLMP5/ScalarTableRow21.lean:152:4: Used `tac1 <;> tac2` where `(tac1; tac2)` would suffice

Note: This linter can be disabled with `set_option linter.unnecessarySeqFocus false`
warning: CGLMP5/ScalarTableRow21.lean:156:4: Used `tac1 <;> tac2` where `(tac1; tac2)` would suffice

Note: This linter can be disabled with `set_option linter.unnecessarySeqFocus false`
warning: CGLMP5/ScalarTableRow21.lean:160:4: Used `tac1 <;> tac2` where `(tac1; tac2)` would suffice

Note: This linter can be disabled with `set_option linter.unnecessarySeqFocus false`
warning: CGLMP5/ScalarTableRow21.lean:164:4: Used `tac1 <;> tac2` where `(tac1; tac2)` would suffice

Note: This linter can be disabled with `set_option linter.unnecessarySeqFocus false`
warning: CGLMP5/ScalarTableRow21.lean:168:4: Used `tac1 <;> tac2` where `(tac1; tac2)` would suffice

Note: This linter can be disabled with `set_option linter.unnecessarySeqFocus false`
warning: CGLMP5/ScalarTableRow21.lean:172:4: Used `tac1 <;> tac2` where `(tac1; tac2)` would suffice

Note: This linter can be disabled with `set_option linter.unnecessarySeqFocus false`
warning: CGLMP5/ScalarTableRow21.lean:176:4: Used `tac1 <;> tac2` where `(tac1; tac2)` would suffice

Note: This linter can be disabled with `set_option linter.unnecessarySeqFocus false`
warning: CGLMP5/ScalarTableRow21.lean:180:4: Used `tac1 <;> tac2` where `(tac1; tac2)` would suffice

Note: This linter can be disabled with `set_option linter.unnecessarySeqFocus false`
⚠ [2177/2179] Replayed CGLMP5.ScalarTableRow22
warning: CGLMP5/ScalarTableRow22.lean:88:8: Unused tactic linter: `ring` does nothing

Note: This linter can be disabled with `set_option linter.unusedTactic false`
warning: CGLMP5/ScalarTableRow22.lean:88:8: this tactic is never executed

Note: This linter can be disabled with `set_option linter.unreachableTactic false`
warning: CGLMP5/ScalarTableRow22.lean:92:4: Used `tac1 <;> tac2` where `(tac1; tac2)` would suffice

Note: This linter can be disabled with `set_option linter.unnecessarySeqFocus false`
warning: CGLMP5/ScalarTableRow22.lean:96:4: Used `tac1 <;> tac2` where `(tac1; tac2)` would suffice

Note: This linter can be disabled with `set_option linter.unnecessarySeqFocus false`
warning: CGLMP5/ScalarTableRow22.lean:100:4: Used `tac1 <;> tac2` where `(tac1; tac2)` would suffice

Note: This linter can be disabled with `set_option linter.unnecessarySeqFocus false`
warning: CGLMP5/ScalarTableRow22.lean:104:4: Used `tac1 <;> tac2` where `(tac1; tac2)` would suffice

Note: This linter can be disabled with `set_option linter.unnecessarySeqFocus false`
warning: CGLMP5/ScalarTableRow22.lean:108:4: Used `tac1 <;> tac2` where `(tac1; tac2)` would suffice

Note: This linter can be disabled with `set_option linter.unnecessarySeqFocus false`
warning: CGLMP5/ScalarTableRow22.lean:112:4: Used `tac1 <;> tac2` where `(tac1; tac2)` would suffice

Note: This linter can be disabled with `set_option linter.unnecessarySeqFocus false`
warning: CGLMP5/ScalarTableRow22.lean:116:4: Used `tac1 <;> tac2` where `(tac1; tac2)` would suffice

Note: This linter can be disabled with `set_option linter.unnecessarySeqFocus false`
warning: CGLMP5/ScalarTableRow22.lean:120:4: Used `tac1 <;> tac2` where `(tac1; tac2)` would suffice

Note: This linter can be disabled with `set_option linter.unnecessarySeqFocus false`
warning: CGLMP5/ScalarTableRow22.lean:124:4: Used `tac1 <;> tac2` where `(tac1; tac2)` would suffice

Note: This linter can be disabled with `set_option linter.unnecessarySeqFocus false`
warning: CGLMP5/ScalarTableRow22.lean:128:4: Used `tac1 <;> tac2` where `(tac1; tac2)` would suffice

Note: This linter can be disabled with `set_option linter.unnecessarySeqFocus false`
warning: CGLMP5/ScalarTableRow22.lean:132:4: Used `tac1 <;> tac2` where `(tac1; tac2)` would suffice

Note: This linter can be disabled with `set_option linter.unnecessarySeqFocus false`
warning: CGLMP5/ScalarTableRow22.lean:136:4: Used `tac1 <;> tac2` where `(tac1; tac2)` would suffice

Note: This linter can be disabled with `set_option linter.unnecessarySeqFocus false`
warning: CGLMP5/ScalarTableRow22.lean:140:4: Used `tac1 <;> tac2` where `(tac1; tac2)` would suffice

Note: This linter can be disabled with `set_option linter.unnecessarySeqFocus false`
warning: CGLMP5/ScalarTableRow22.lean:144:4: Used `tac1 <;> tac2` where `(tac1; tac2)` would suffice

Note: This linter can be disabled with `set_option linter.unnecessarySeqFocus false`
warning: CGLMP5/ScalarTableRow22.lean:148:4: Used `tac1 <;> tac2` where `(tac1; tac2)` would suffice

Note: This linter can be disabled with `set_option linter.unnecessarySeqFocus false`
warning: CGLMP5/ScalarTableRow22.lean:152:4: Used `tac1 <;> tac2` where `(tac1; tac2)` would suffice

Note: This linter can be disabled with `set_option linter.unnecessarySeqFocus false`
warning: CGLMP5/ScalarTableRow22.lean:156:4: Used `tac1 <;> tac2` where `(tac1; tac2)` would suffice

Note: This linter can be disabled with `set_option linter.unnecessarySeqFocus false`
warning: CGLMP5/ScalarTableRow22.lean:160:4: Used `tac1 <;> tac2` where `(tac1; tac2)` would suffice

Note: This linter can be disabled with `set_option linter.unnecessarySeqFocus false`
warning: CGLMP5/ScalarTableRow22.lean:164:4: Used `tac1 <;> tac2` where `(tac1; tac2)` would suffice

Note: This linter can be disabled with `set_option linter.unnecessarySeqFocus false`
warning: CGLMP5/ScalarTableRow22.lean:168:4: Used `tac1 <;> tac2` where `(tac1; tac2)` would suffice

Note: This linter can be disabled with `set_option linter.unnecessarySeqFocus false`
warning: CGLMP5/ScalarTableRow22.lean:172:4: Used `tac1 <;> tac2` where `(tac1; tac2)` would suffice

Note: This linter can be disabled with `set_option linter.unnecessarySeqFocus false`
warning: CGLMP5/ScalarTableRow22.lean:176:4: Used `tac1 <;> tac2` where `(tac1; tac2)` would suffice

Note: This linter can be disabled with `set_option linter.unnecessarySeqFocus false`
warning: CGLMP5/ScalarTableRow22.lean:180:4: Used `tac1 <;> tac2` where `(tac1; tac2)` would suffice

Note: This linter can be disabled with `set_option linter.unnecessarySeqFocus false`
⚠ [2178/2179] Replayed CGLMP5.ScalarTableRow23
warning: CGLMP5/ScalarTableRow23.lean:88:8: Unused tactic linter: `ring` does nothing

Note: This linter can be disabled with `set_option linter.unusedTactic false`
warning: CGLMP5/ScalarTableRow23.lean:88:8: this tactic is never executed

Note: This linter can be disabled with `set_option linter.unreachableTactic false`
warning: CGLMP5/ScalarTableRow23.lean:92:4: Used `tac1 <;> tac2` where `(tac1; tac2)` would suffice

Note: This linter can be disabled with `set_option linter.unnecessarySeqFocus false`
warning: CGLMP5/ScalarTableRow23.lean:96:4: Used `tac1 <;> tac2` where `(tac1; tac2)` would suffice

Note: This linter can be disabled with `set_option linter.unnecessarySeqFocus false`
warning: CGLMP5/ScalarTableRow23.lean:100:4: Used `tac1 <;> tac2` where `(tac1; tac2)` would suffice

Note: This linter can be disabled with `set_option linter.unnecessarySeqFocus false`
warning: CGLMP5/ScalarTableRow23.lean:104:4: Used `tac1 <;> tac2` where `(tac1; tac2)` would suffice

Note: This linter can be disabled with `set_option linter.unnecessarySeqFocus false`
warning: CGLMP5/ScalarTableRow23.lean:108:4: Used `tac1 <;> tac2` where `(tac1; tac2)` would suffice

Note: This linter can be disabled with `set_option linter.unnecessarySeqFocus false`
warning: CGLMP5/ScalarTableRow23.lean:112:4: Used `tac1 <;> tac2` where `(tac1; tac2)` would suffice

Note: This linter can be disabled with `set_option linter.unnecessarySeqFocus false`
warning: CGLMP5/ScalarTableRow23.lean:116:4: Used `tac1 <;> tac2` where `(tac1; tac2)` would suffice

Note: This linter can be disabled with `set_option linter.unnecessarySeqFocus false`
warning: CGLMP5/ScalarTableRow23.lean:120:4: Used `tac1 <;> tac2` where `(tac1; tac2)` would suffice

Note: This linter can be disabled with `set_option linter.unnecessarySeqFocus false`
warning: CGLMP5/ScalarTableRow23.lean:124:4: Used `tac1 <;> tac2` where `(tac1; tac2)` would suffice

Note: This linter can be disabled with `set_option linter.unnecessarySeqFocus false`
warning: CGLMP5/ScalarTableRow23.lean:128:4: Used `tac1 <;> tac2` where `(tac1; tac2)` would suffice

Note: This linter can be disabled with `set_option linter.unnecessarySeqFocus false`
warning: CGLMP5/ScalarTableRow23.lean:132:4: Used `tac1 <;> tac2` where `(tac1; tac2)` would suffice

Note: This linter can be disabled with `set_option linter.unnecessarySeqFocus false`
warning: CGLMP5/ScalarTableRow23.lean:136:4: Used `tac1 <;> tac2` where `(tac1; tac2)` would suffice

Note: This linter can be disabled with `set_option linter.unnecessarySeqFocus false`
warning: CGLMP5/ScalarTableRow23.lean:140:4: Used `tac1 <;> tac2` where `(tac1; tac2)` would suffice

Note: This linter can be disabled with `set_option linter.unnecessarySeqFocus false`
warning: CGLMP5/ScalarTableRow23.lean:144:4: Used `tac1 <;> tac2` where `(tac1; tac2)` would suffice

Note: This linter can be disabled with `set_option linter.unnecessarySeqFocus false`
warning: CGLMP5/ScalarTableRow23.lean:148:4: Used `tac1 <;> tac2` where `(tac1; tac2)` would suffice

Note: This linter can be disabled with `set_option linter.unnecessarySeqFocus false`
warning: CGLMP5/ScalarTableRow23.lean:152:4: Used `tac1 <;> tac2` where `(tac1; tac2)` would suffice

Note: This linter can be disabled with `set_option linter.unnecessarySeqFocus false`
warning: CGLMP5/ScalarTableRow23.lean:156:4: Used `tac1 <;> tac2` where `(tac1; tac2)` would suffice

Note: This linter can be disabled with `set_option linter.unnecessarySeqFocus false`
warning: CGLMP5/ScalarTableRow23.lean:160:4: Used `tac1 <;> tac2` where `(tac1; tac2)` would suffice

Note: This linter can be disabled with `set_option linter.unnecessarySeqFocus false`
warning: CGLMP5/ScalarTableRow23.lean:164:4: Used `tac1 <;> tac2` where `(tac1; tac2)` would suffice

Note: This linter can be disabled with `set_option linter.unnecessarySeqFocus false`
warning: CGLMP5/ScalarTableRow23.lean:168:4: Used `tac1 <;> tac2` where `(tac1; tac2)` would suffice

Note: This linter can be disabled with `set_option linter.unnecessarySeqFocus false`
warning: CGLMP5/ScalarTableRow23.lean:172:4: Used `tac1 <;> tac2` where `(tac1; tac2)` would suffice

Note: This linter can be disabled with `set_option linter.unnecessarySeqFocus false`
warning: CGLMP5/ScalarTableRow23.lean:176:4: Used `tac1 <;> tac2` where `(tac1; tac2)` would suffice

Note: This linter can be disabled with `set_option linter.unnecessarySeqFocus false`
warning: CGLMP5/ScalarTableRow23.lean:180:4: Used `tac1 <;> tac2` where `(tac1; tac2)` would suffice

Note: This linter can be disabled with `set_option linter.unnecessarySeqFocus false`
All targets up-to-date (2179 jobs).
