START_ROW 0
[limited-build] ticket195 acquired slot1: lake build CGLMP5.ScalarTableRow00
⚠ [2119/2122] Replayed CGLMP5.Root
warning: CGLMP5/Root.lean:148:63: Used `tac1 <;> tac2` where `(tac1; tac2)` would suffice

Note: This linter can be disabled with `set_option linter.unnecessarySeqFocus false`
warning: CGLMP5/Root.lean:148:77: Used `tac1 <;> tac2` where `(tac1; tac2)` would suffice

Note: This linter can be disabled with `set_option linter.unnecessarySeqFocus false`
warning: CGLMP5/Root.lean:148:89: Used `tac1 <;> tac2` where `(tac1; tac2)` would suffice

Note: This linter can be disabled with `set_option linter.unnecessarySeqFocus false`
⚠ [2120/2122] Replayed CGLMP5.ScalarDefs
warning: CGLMP5/ScalarDefs.lean:33:61: Unused tactic linter: `ring` does nothing

Note: This linter can be disabled with `set_option linter.unusedTactic false`
warning: CGLMP5/ScalarDefs.lean:33:61: this tactic is never executed

Note: This linter can be disabled with `set_option linter.unreachableTactic false`
⚠ [2122/2122] Built CGLMP5.ScalarTableRow00 (52s)
warning: CGLMP5/ScalarTableRow00.lean:88:8: Unused tactic linter: `ring` does nothing

Note: This linter can be disabled with `set_option linter.unusedTactic false`
warning: CGLMP5/ScalarTableRow00.lean:92:8: Unused tactic linter: `ring` does nothing

Note: This linter can be disabled with `set_option linter.unusedTactic false`
warning: CGLMP5/ScalarTableRow00.lean:96:8: Unused tactic linter: `ring` does nothing

Note: This linter can be disabled with `set_option linter.unusedTactic false`
warning: CGLMP5/ScalarTableRow00.lean:100:8: Unused tactic linter: `ring` does nothing

Note: This linter can be disabled with `set_option linter.unusedTactic false`
warning: CGLMP5/ScalarTableRow00.lean:104:8: Unused tactic linter: `ring` does nothing

Note: This linter can be disabled with `set_option linter.unusedTactic false`
warning: CGLMP5/ScalarTableRow00.lean:108:8: Unused tactic linter: `ring` does nothing

Note: This linter can be disabled with `set_option linter.unusedTactic false`
warning: CGLMP5/ScalarTableRow00.lean:112:8: Unused tactic linter: `ring` does nothing

Note: This linter can be disabled with `set_option linter.unusedTactic false`
warning: CGLMP5/ScalarTableRow00.lean:116:8: Unused tactic linter: `ring` does nothing

Note: This linter can be disabled with `set_option linter.unusedTactic false`
warning: CGLMP5/ScalarTableRow00.lean:120:8: Unused tactic linter: `ring` does nothing

Note: This linter can be disabled with `set_option linter.unusedTactic false`
warning: CGLMP5/ScalarTableRow00.lean:124:8: Unused tactic linter: `ring` does nothing

Note: This linter can be disabled with `set_option linter.unusedTactic false`
warning: CGLMP5/ScalarTableRow00.lean:128:8: Unused tactic linter: `ring` does nothing

Note: This linter can be disabled with `set_option linter.unusedTactic false`
warning: CGLMP5/ScalarTableRow00.lean:132:8: Unused tactic linter: `ring` does nothing

Note: This linter can be disabled with `set_option linter.unusedTactic false`
warning: CGLMP5/ScalarTableRow00.lean:136:8: Unused tactic linter: `ring` does nothing

Note: This linter can be disabled with `set_option linter.unusedTactic false`
warning: CGLMP5/ScalarTableRow00.lean:140:8: Unused tactic linter: `ring` does nothing

Note: This linter can be disabled with `set_option linter.unusedTactic false`
warning: CGLMP5/ScalarTableRow00.lean:144:8: Unused tactic linter: `ring` does nothing

Note: This linter can be disabled with `set_option linter.unusedTactic false`
warning: CGLMP5/ScalarTableRow00.lean:148:8: Unused tactic linter: `ring` does nothing

Note: This linter can be disabled with `set_option linter.unusedTactic false`
warning: CGLMP5/ScalarTableRow00.lean:152:8: Unused tactic linter: `ring` does nothing

Note: This linter can be disabled with `set_option linter.unusedTactic false`
warning: CGLMP5/ScalarTableRow00.lean:156:8: Unused tactic linter: `ring` does nothing

Note: This linter can be disabled with `set_option linter.unusedTactic false`
warning: CGLMP5/ScalarTableRow00.lean:160:8: Unused tactic linter: `ring` does nothing

Note: This linter can be disabled with `set_option linter.unusedTactic false`
warning: CGLMP5/ScalarTableRow00.lean:164:8: Unused tactic linter: `ring` does nothing

Note: This linter can be disabled with `set_option linter.unusedTactic false`
warning: CGLMP5/ScalarTableRow00.lean:168:8: Unused tactic linter: `ring` does nothing

Note: This linter can be disabled with `set_option linter.unusedTactic false`
warning: CGLMP5/ScalarTableRow00.lean:172:8: Unused tactic linter: `ring` does nothing

Note: This linter can be disabled with `set_option linter.unusedTactic false`
warning: CGLMP5/ScalarTableRow00.lean:176:8: Unused tactic linter: `ring` does nothing

Note: This linter can be disabled with `set_option linter.unusedTactic false`
warning: CGLMP5/ScalarTableRow00.lean:180:8: Unused tactic linter: `ring` does nothing

Note: This linter can be disabled with `set_option linter.unusedTactic false`
warning: CGLMP5/ScalarTableRow00.lean:88:8: this tactic is never executed

Note: This linter can be disabled with `set_option linter.unreachableTactic false`
warning: CGLMP5/ScalarTableRow00.lean:92:8: this tactic is never executed

Note: This linter can be disabled with `set_option linter.unreachableTactic false`
warning: CGLMP5/ScalarTableRow00.lean:96:8: this tactic is never executed

Note: This linter can be disabled with `set_option linter.unreachableTactic false`
warning: CGLMP5/ScalarTableRow00.lean:100:8: this tactic is never executed

Note: This linter can be disabled with `set_option linter.unreachableTactic false`
warning: CGLMP5/ScalarTableRow00.lean:104:8: this tactic is never executed

Note: This linter can be disabled with `set_option linter.unreachableTactic false`
warning: CGLMP5/ScalarTableRow00.lean:108:8: this tactic is never executed

Note: This linter can be disabled with `set_option linter.unreachableTactic false`
warning: CGLMP5/ScalarTableRow00.lean:112:8: this tactic is never executed

Note: This linter can be disabled with `set_option linter.unreachableTactic false`
warning: CGLMP5/ScalarTableRow00.lean:116:8: this tactic is never executed

Note: This linter can be disabled with `set_option linter.unreachableTactic false`
warning: CGLMP5/ScalarTableRow00.lean:120:8: this tactic is never executed

Note: This linter can be disabled with `set_option linter.unreachableTactic false`
warning: CGLMP5/ScalarTableRow00.lean:124:8: this tactic is never executed

Note: This linter can be disabled with `set_option linter.unreachableTactic false`
warning: CGLMP5/ScalarTableRow00.lean:128:8: this tactic is never executed

Note: This linter can be disabled with `set_option linter.unreachableTactic false`
warning: CGLMP5/ScalarTableRow00.lean:132:8: this tactic is never executed

Note: This linter can be disabled with `set_option linter.unreachableTactic false`
warning: CGLMP5/ScalarTableRow00.lean:136:8: this tactic is never executed

Note: This linter can be disabled with `set_option linter.unreachableTactic false`
warning: CGLMP5/ScalarTableRow00.lean:140:8: this tactic is never executed

Note: This linter can be disabled with `set_option linter.unreachableTactic false`
warning: CGLMP5/ScalarTableRow00.lean:144:8: this tactic is never executed

Note: This linter can be disabled with `set_option linter.unreachableTactic false`
warning: CGLMP5/ScalarTableRow00.lean:148:8: this tactic is never executed

Note: This linter can be disabled with `set_option linter.unreachableTactic false`
warning: CGLMP5/ScalarTableRow00.lean:152:8: this tactic is never executed

Note: This linter can be disabled with `set_option linter.unreachableTactic false`
warning: CGLMP5/ScalarTableRow00.lean:156:8: this tactic is never executed

Note: This linter can be disabled with `set_option linter.unreachableTactic false`
warning: CGLMP5/ScalarTableRow00.lean:160:8: this tactic is never executed

Note: This linter can be disabled with `set_option linter.unreachableTactic false`
warning: CGLMP5/ScalarTableRow00.lean:164:8: this tactic is never executed

Note: This linter can be disabled with `set_option linter.unreachableTactic false`
warning: CGLMP5/ScalarTableRow00.lean:168:8: this tactic is never executed

Note: This linter can be disabled with `set_option linter.unreachableTactic false`
warning: CGLMP5/ScalarTableRow00.lean:172:8: this tactic is never executed

Note: This linter can be disabled with `set_option linter.unreachableTactic false`
warning: CGLMP5/ScalarTableRow00.lean:176:8: this tactic is never executed

Note: This linter can be disabled with `set_option linter.unreachableTactic false`
warning: CGLMP5/ScalarTableRow00.lean:180:8: this tactic is never executed

Note: This linter can be disabled with `set_option linter.unreachableTactic false`
Build completed successfully (2122 jobs).
END_ROW 0 STATUS 0 SECONDS 57.046798455994576 MAXRSS 2811216
START_ROW 1
[limited-build] ticket204 acquired slot1: lake build CGLMP5.ScalarTableRow01
⚠ [2119/2122] Replayed CGLMP5.Root
warning: CGLMP5/Root.lean:148:63: Used `tac1 <;> tac2` where `(tac1; tac2)` would suffice

Note: This linter can be disabled with `set_option linter.unnecessarySeqFocus false`
warning: CGLMP5/Root.lean:148:77: Used `tac1 <;> tac2` where `(tac1; tac2)` would suffice

Note: This linter can be disabled with `set_option linter.unnecessarySeqFocus false`
warning: CGLMP5/Root.lean:148:89: Used `tac1 <;> tac2` where `(tac1; tac2)` would suffice

Note: This linter can be disabled with `set_option linter.unnecessarySeqFocus false`
⚠ [2120/2122] Replayed CGLMP5.ScalarDefs
warning: CGLMP5/ScalarDefs.lean:33:61: Unused tactic linter: `ring` does nothing

Note: This linter can be disabled with `set_option linter.unusedTactic false`
warning: CGLMP5/ScalarDefs.lean:33:61: this tactic is never executed

Note: This linter can be disabled with `set_option linter.unreachableTactic false`
⚠ [2122/2122] Built CGLMP5.ScalarTableRow01 (50s)
warning: CGLMP5/ScalarTableRow01.lean:88:8: Unused tactic linter: `ring` does nothing

Note: This linter can be disabled with `set_option linter.unusedTactic false`
warning: CGLMP5/ScalarTableRow01.lean:96:8: Unused tactic linter: `ring` does nothing

Note: This linter can be disabled with `set_option linter.unusedTactic false`
warning: CGLMP5/ScalarTableRow01.lean:104:8: Unused tactic linter: `ring` does nothing

Note: This linter can be disabled with `set_option linter.unusedTactic false`
warning: CGLMP5/ScalarTableRow01.lean:112:8: Unused tactic linter: `ring` does nothing

Note: This linter can be disabled with `set_option linter.unusedTactic false`
warning: CGLMP5/ScalarTableRow01.lean:136:8: Unused tactic linter: `ring` does nothing

Note: This linter can be disabled with `set_option linter.unusedTactic false`
warning: CGLMP5/ScalarTableRow01.lean:88:8: this tactic is never executed

Note: This linter can be disabled with `set_option linter.unreachableTactic false`
warning: CGLMP5/ScalarTableRow01.lean:96:8: this tactic is never executed

Note: This linter can be disabled with `set_option linter.unreachableTactic false`
warning: CGLMP5/ScalarTableRow01.lean:104:8: this tactic is never executed

Note: This linter can be disabled with `set_option linter.unreachableTactic false`
warning: CGLMP5/ScalarTableRow01.lean:112:8: this tactic is never executed

Note: This linter can be disabled with `set_option linter.unreachableTactic false`
warning: CGLMP5/ScalarTableRow01.lean:136:8: this tactic is never executed

Note: This linter can be disabled with `set_option linter.unreachableTactic false`
warning: CGLMP5/ScalarTableRow01.lean:92:4: Used `tac1 <;> tac2` where `(tac1; tac2)` would suffice

Note: This linter can be disabled with `set_option linter.unnecessarySeqFocus false`
warning: CGLMP5/ScalarTableRow01.lean:100:4: Used `tac1 <;> tac2` where `(tac1; tac2)` would suffice

Note: This linter can be disabled with `set_option linter.unnecessarySeqFocus false`
warning: CGLMP5/ScalarTableRow01.lean:108:4: Used `tac1 <;> tac2` where `(tac1; tac2)` would suffice

Note: This linter can be disabled with `set_option linter.unnecessarySeqFocus false`
warning: CGLMP5/ScalarTableRow01.lean:116:4: Used `tac1 <;> tac2` where `(tac1; tac2)` would suffice

Note: This linter can be disabled with `set_option linter.unnecessarySeqFocus false`
warning: CGLMP5/ScalarTableRow01.lean:120:4: Used `tac1 <;> tac2` where `(tac1; tac2)` would suffice

Note: This linter can be disabled with `set_option linter.unnecessarySeqFocus false`
warning: CGLMP5/ScalarTableRow01.lean:124:4: Used `tac1 <;> tac2` where `(tac1; tac2)` would suffice

Note: This linter can be disabled with `set_option linter.unnecessarySeqFocus false`
warning: CGLMP5/ScalarTableRow01.lean:128:4: Used `tac1 <;> tac2` where `(tac1; tac2)` would suffice

Note: This linter can be disabled with `set_option linter.unnecessarySeqFocus false`
warning: CGLMP5/ScalarTableRow01.lean:132:4: Used `tac1 <;> tac2` where `(tac1; tac2)` would suffice

Note: This linter can be disabled with `set_option linter.unnecessarySeqFocus false`
warning: CGLMP5/ScalarTableRow01.lean:140:4: Used `tac1 <;> tac2` where `(tac1; tac2)` would suffice

Note: This linter can be disabled with `set_option linter.unnecessarySeqFocus false`
warning: CGLMP5/ScalarTableRow01.lean:144:4: Used `tac1 <;> tac2` where `(tac1; tac2)` would suffice

Note: This linter can be disabled with `set_option linter.unnecessarySeqFocus false`
warning: CGLMP5/ScalarTableRow01.lean:148:4: Used `tac1 <;> tac2` where `(tac1; tac2)` would suffice

Note: This linter can be disabled with `set_option linter.unnecessarySeqFocus false`
warning: CGLMP5/ScalarTableRow01.lean:152:4: Used `tac1 <;> tac2` where `(tac1; tac2)` would suffice

Note: This linter can be disabled with `set_option linter.unnecessarySeqFocus false`
warning: CGLMP5/ScalarTableRow01.lean:156:4: Used `tac1 <;> tac2` where `(tac1; tac2)` would suffice

Note: This linter can be disabled with `set_option linter.unnecessarySeqFocus false`
warning: CGLMP5/ScalarTableRow01.lean:160:4: Used `tac1 <;> tac2` where `(tac1; tac2)` would suffice

Note: This linter can be disabled with `set_option linter.unnecessarySeqFocus false`
warning: CGLMP5/ScalarTableRow01.lean:164:4: Used `tac1 <;> tac2` where `(tac1; tac2)` would suffice

Note: This linter can be disabled with `set_option linter.unnecessarySeqFocus false`
warning: CGLMP5/ScalarTableRow01.lean:168:4: Used `tac1 <;> tac2` where `(tac1; tac2)` would suffice

Note: This linter can be disabled with `set_option linter.unnecessarySeqFocus false`
warning: CGLMP5/ScalarTableRow01.lean:172:4: Used `tac1 <;> tac2` where `(tac1; tac2)` would suffice

Note: This linter can be disabled with `set_option linter.unnecessarySeqFocus false`
warning: CGLMP5/ScalarTableRow01.lean:176:4: Used `tac1 <;> tac2` where `(tac1; tac2)` would suffice

Note: This linter can be disabled with `set_option linter.unnecessarySeqFocus false`
warning: CGLMP5/ScalarTableRow01.lean:180:4: Used `tac1 <;> tac2` where `(tac1; tac2)` would suffice

Note: This linter can be disabled with `set_option linter.unnecessarySeqFocus false`
Build completed successfully (2122 jobs).
END_ROW 1 STATUS 0 SECONDS 52.296032270998694 MAXRSS 2811216
START_ROW 2
[limited-build] ticket212 acquired slot0: lake build CGLMP5.ScalarTableRow02
⚠ [2119/2122] Replayed CGLMP5.Root
warning: CGLMP5/Root.lean:148:63: Used `tac1 <;> tac2` where `(tac1; tac2)` would suffice

Note: This linter can be disabled with `set_option linter.unnecessarySeqFocus false`
warning: CGLMP5/Root.lean:148:77: Used `tac1 <;> tac2` where `(tac1; tac2)` would suffice

Note: This linter can be disabled with `set_option linter.unnecessarySeqFocus false`
warning: CGLMP5/Root.lean:148:89: Used `tac1 <;> tac2` where `(tac1; tac2)` would suffice

Note: This linter can be disabled with `set_option linter.unnecessarySeqFocus false`
⚠ [2120/2122] Replayed CGLMP5.ScalarDefs
warning: CGLMP5/ScalarDefs.lean:33:61: Unused tactic linter: `ring` does nothing

Note: This linter can be disabled with `set_option linter.unusedTactic false`
warning: CGLMP5/ScalarDefs.lean:33:61: this tactic is never executed

Note: This linter can be disabled with `set_option linter.unreachableTactic false`
⚠ [2122/2122] Built CGLMP5.ScalarTableRow02 (50s)
warning: CGLMP5/ScalarTableRow02.lean:88:8: Unused tactic linter: `ring` does nothing

Note: This linter can be disabled with `set_option linter.unusedTactic false`
warning: CGLMP5/ScalarTableRow02.lean:112:8: Unused tactic linter: `ring` does nothing

Note: This linter can be disabled with `set_option linter.unusedTactic false`
warning: CGLMP5/ScalarTableRow02.lean:136:8: Unused tactic linter: `ring` does nothing

Note: This linter can be disabled with `set_option linter.unusedTactic false`
warning: CGLMP5/ScalarTableRow02.lean:88:8: this tactic is never executed

Note: This linter can be disabled with `set_option linter.unreachableTactic false`
warning: CGLMP5/ScalarTableRow02.lean:112:8: this tactic is never executed

Note: This linter can be disabled with `set_option linter.unreachableTactic false`
warning: CGLMP5/ScalarTableRow02.lean:136:8: this tactic is never executed

Note: This linter can be disabled with `set_option linter.unreachableTactic false`
warning: CGLMP5/ScalarTableRow02.lean:92:4: Used `tac1 <;> tac2` where `(tac1; tac2)` would suffice

Note: This linter can be disabled with `set_option linter.unnecessarySeqFocus false`
warning: CGLMP5/ScalarTableRow02.lean:96:4: Used `tac1 <;> tac2` where `(tac1; tac2)` would suffice

Note: This linter can be disabled with `set_option linter.unnecessarySeqFocus false`
warning: CGLMP5/ScalarTableRow02.lean:100:4: Used `tac1 <;> tac2` where `(tac1; tac2)` would suffice

Note: This linter can be disabled with `set_option linter.unnecessarySeqFocus false`
warning: CGLMP5/ScalarTableRow02.lean:104:4: Used `tac1 <;> tac2` where `(tac1; tac2)` would suffice

Note: This linter can be disabled with `set_option linter.unnecessarySeqFocus false`
warning: CGLMP5/ScalarTableRow02.lean:108:4: Used `tac1 <;> tac2` where `(tac1; tac2)` would suffice

Note: This linter can be disabled with `set_option linter.unnecessarySeqFocus false`
warning: CGLMP5/ScalarTableRow02.lean:116:4: Used `tac1 <;> tac2` where `(tac1; tac2)` would suffice

Note: This linter can be disabled with `set_option linter.unnecessarySeqFocus false`
warning: CGLMP5/ScalarTableRow02.lean:120:4: Used `tac1 <;> tac2` where `(tac1; tac2)` would suffice

Note: This linter can be disabled with `set_option linter.unnecessarySeqFocus false`
warning: CGLMP5/ScalarTableRow02.lean:124:4: Used `tac1 <;> tac2` where `(tac1; tac2)` would suffice

Note: This linter can be disabled with `set_option linter.unnecessarySeqFocus false`
warning: CGLMP5/ScalarTableRow02.lean:128:4: Used `tac1 <;> tac2` where `(tac1; tac2)` would suffice

Note: This linter can be disabled with `set_option linter.unnecessarySeqFocus false`
warning: CGLMP5/ScalarTableRow02.lean:132:4: Used `tac1 <;> tac2` where `(tac1; tac2)` would suffice

Note: This linter can be disabled with `set_option linter.unnecessarySeqFocus false`
warning: CGLMP5/ScalarTableRow02.lean:140:4: Used `tac1 <;> tac2` where `(tac1; tac2)` would suffice

Note: This linter can be disabled with `set_option linter.unnecessarySeqFocus false`
warning: CGLMP5/ScalarTableRow02.lean:144:4: Used `tac1 <;> tac2` where `(tac1; tac2)` would suffice

Note: This linter can be disabled with `set_option linter.unnecessarySeqFocus false`
warning: CGLMP5/ScalarTableRow02.lean:148:4: Used `tac1 <;> tac2` where `(tac1; tac2)` would suffice

Note: This linter can be disabled with `set_option linter.unnecessarySeqFocus false`
warning: CGLMP5/ScalarTableRow02.lean:152:4: Used `tac1 <;> tac2` where `(tac1; tac2)` would suffice

Note: This linter can be disabled with `set_option linter.unnecessarySeqFocus false`
warning: CGLMP5/ScalarTableRow02.lean:156:4: Used `tac1 <;> tac2` where `(tac1; tac2)` would suffice

Note: This linter can be disabled with `set_option linter.unnecessarySeqFocus false`
warning: CGLMP5/ScalarTableRow02.lean:160:4: Used `tac1 <;> tac2` where `(tac1; tac2)` would suffice

Note: This linter can be disabled with `set_option linter.unnecessarySeqFocus false`
warning: CGLMP5/ScalarTableRow02.lean:164:4: Used `tac1 <;> tac2` where `(tac1; tac2)` would suffice

Note: This linter can be disabled with `set_option linter.unnecessarySeqFocus false`
warning: CGLMP5/ScalarTableRow02.lean:168:4: Used `tac1 <;> tac2` where `(tac1; tac2)` would suffice

Note: This linter can be disabled with `set_option linter.unnecessarySeqFocus false`
warning: CGLMP5/ScalarTableRow02.lean:172:4: Used `tac1 <;> tac2` where `(tac1; tac2)` would suffice

Note: This linter can be disabled with `set_option linter.unnecessarySeqFocus false`
warning: CGLMP5/ScalarTableRow02.lean:176:4: Used `tac1 <;> tac2` where `(tac1; tac2)` would suffice

Note: This linter can be disabled with `set_option linter.unnecessarySeqFocus false`
warning: CGLMP5/ScalarTableRow02.lean:180:4: Used `tac1 <;> tac2` where `(tac1; tac2)` would suffice

Note: This linter can be disabled with `set_option linter.unnecessarySeqFocus false`
Build completed successfully (2122 jobs).
END_ROW 2 STATUS 0 SECONDS 62.04413815600856 MAXRSS 2811216
START_ROW 3
[limited-build] ticket218 acquired slot0: lake build CGLMP5.ScalarTableRow03
⚠ [2119/2122] Replayed CGLMP5.Root
warning: CGLMP5/Root.lean:148:63: Used `tac1 <;> tac2` where `(tac1; tac2)` would suffice

Note: This linter can be disabled with `set_option linter.unnecessarySeqFocus false`
warning: CGLMP5/Root.lean:148:77: Used `tac1 <;> tac2` where `(tac1; tac2)` would suffice

Note: This linter can be disabled with `set_option linter.unnecessarySeqFocus false`
warning: CGLMP5/Root.lean:148:89: Used `tac1 <;> tac2` where `(tac1; tac2)` would suffice

Note: This linter can be disabled with `set_option linter.unnecessarySeqFocus false`
⚠ [2120/2122] Replayed CGLMP5.ScalarDefs
warning: CGLMP5/ScalarDefs.lean:33:61: Unused tactic linter: `ring` does nothing

Note: This linter can be disabled with `set_option linter.unusedTactic false`
warning: CGLMP5/ScalarDefs.lean:33:61: this tactic is never executed

Note: This linter can be disabled with `set_option linter.unreachableTactic false`
⚠ [2122/2122] Built CGLMP5.ScalarTableRow03 (49s)
warning: CGLMP5/ScalarTableRow03.lean:88:8: Unused tactic linter: `ring` does nothing

Note: This linter can be disabled with `set_option linter.unusedTactic false`
warning: CGLMP5/ScalarTableRow03.lean:112:8: Unused tactic linter: `ring` does nothing

Note: This linter can be disabled with `set_option linter.unusedTactic false`
warning: CGLMP5/ScalarTableRow03.lean:136:8: Unused tactic linter: `ring` does nothing

Note: This linter can be disabled with `set_option linter.unusedTactic false`
warning: CGLMP5/ScalarTableRow03.lean:88:8: this tactic is never executed

Note: This linter can be disabled with `set_option linter.unreachableTactic false`
warning: CGLMP5/ScalarTableRow03.lean:112:8: this tactic is never executed

Note: This linter can be disabled with `set_option linter.unreachableTactic false`
warning: CGLMP5/ScalarTableRow03.lean:136:8: this tactic is never executed

Note: This linter can be disabled with `set_option linter.unreachableTactic false`
warning: CGLMP5/ScalarTableRow03.lean:92:4: Used `tac1 <;> tac2` where `(tac1; tac2)` would suffice

Note: This linter can be disabled with `set_option linter.unnecessarySeqFocus false`
warning: CGLMP5/ScalarTableRow03.lean:96:4: Used `tac1 <;> tac2` where `(tac1; tac2)` would suffice

Note: This linter can be disabled with `set_option linter.unnecessarySeqFocus false`
warning: CGLMP5/ScalarTableRow03.lean:100:4: Used `tac1 <;> tac2` where `(tac1; tac2)` would suffice

Note: This linter can be disabled with `set_option linter.unnecessarySeqFocus false`
warning: CGLMP5/ScalarTableRow03.lean:104:4: Used `tac1 <;> tac2` where `(tac1; tac2)` would suffice

Note: This linter can be disabled with `set_option linter.unnecessarySeqFocus false`
warning: CGLMP5/ScalarTableRow03.lean:108:4: Used `tac1 <;> tac2` where `(tac1; tac2)` would suffice

Note: This linter can be disabled with `set_option linter.unnecessarySeqFocus false`
warning: CGLMP5/ScalarTableRow03.lean:116:4: Used `tac1 <;> tac2` where `(tac1; tac2)` would suffice

Note: This linter can be disabled with `set_option linter.unnecessarySeqFocus false`
warning: CGLMP5/ScalarTableRow03.lean:120:4: Used `tac1 <;> tac2` where `(tac1; tac2)` would suffice

Note: This linter can be disabled with `set_option linter.unnecessarySeqFocus false`
warning: CGLMP5/ScalarTableRow03.lean:124:4: Used `tac1 <;> tac2` where `(tac1; tac2)` would suffice

Note: This linter can be disabled with `set_option linter.unnecessarySeqFocus false`
warning: CGLMP5/ScalarTableRow03.lean:128:4: Used `tac1 <;> tac2` where `(tac1; tac2)` would suffice

Note: This linter can be disabled with `set_option linter.unnecessarySeqFocus false`
warning: CGLMP5/ScalarTableRow03.lean:132:4: Used `tac1 <;> tac2` where `(tac1; tac2)` would suffice

Note: This linter can be disabled with `set_option linter.unnecessarySeqFocus false`
warning: CGLMP5/ScalarTableRow03.lean:140:4: Used `tac1 <;> tac2` where `(tac1; tac2)` would suffice

Note: This linter can be disabled with `set_option linter.unnecessarySeqFocus false`
warning: CGLMP5/ScalarTableRow03.lean:144:4: Used `tac1 <;> tac2` where `(tac1; tac2)` would suffice

Note: This linter can be disabled with `set_option linter.unnecessarySeqFocus false`
warning: CGLMP5/ScalarTableRow03.lean:148:4: Used `tac1 <;> tac2` where `(tac1; tac2)` would suffice

Note: This linter can be disabled with `set_option linter.unnecessarySeqFocus false`
warning: CGLMP5/ScalarTableRow03.lean:152:4: Used `tac1 <;> tac2` where `(tac1; tac2)` would suffice

Note: This linter can be disabled with `set_option linter.unnecessarySeqFocus false`
warning: CGLMP5/ScalarTableRow03.lean:156:4: Used `tac1 <;> tac2` where `(tac1; tac2)` would suffice

Note: This linter can be disabled with `set_option linter.unnecessarySeqFocus false`
warning: CGLMP5/ScalarTableRow03.lean:160:4: Used `tac1 <;> tac2` where `(tac1; tac2)` would suffice

Note: This linter can be disabled with `set_option linter.unnecessarySeqFocus false`
warning: CGLMP5/ScalarTableRow03.lean:164:4: Used `tac1 <;> tac2` where `(tac1; tac2)` would suffice

Note: This linter can be disabled with `set_option linter.unnecessarySeqFocus false`
warning: CGLMP5/ScalarTableRow03.lean:168:4: Used `tac1 <;> tac2` where `(tac1; tac2)` would suffice

Note: This linter can be disabled with `set_option linter.unnecessarySeqFocus false`
warning: CGLMP5/ScalarTableRow03.lean:172:4: Used `tac1 <;> tac2` where `(tac1; tac2)` would suffice

Note: This linter can be disabled with `set_option linter.unnecessarySeqFocus false`
warning: CGLMP5/ScalarTableRow03.lean:176:4: Used `tac1 <;> tac2` where `(tac1; tac2)` would suffice

Note: This linter can be disabled with `set_option linter.unnecessarySeqFocus false`
warning: CGLMP5/ScalarTableRow03.lean:180:4: Used `tac1 <;> tac2` where `(tac1; tac2)` would suffice

Note: This linter can be disabled with `set_option linter.unnecessarySeqFocus false`
Build completed successfully (2122 jobs).
END_ROW 3 STATUS 0 SECONDS 60.70806511500268 MAXRSS 2811216
START_ROW 4
[limited-build] ticket221 acquired slot0: lake build CGLMP5.ScalarTableRow04
⚠ [2119/2122] Replayed CGLMP5.Root
warning: CGLMP5/Root.lean:148:63: Used `tac1 <;> tac2` where `(tac1; tac2)` would suffice

Note: This linter can be disabled with `set_option linter.unnecessarySeqFocus false`
warning: CGLMP5/Root.lean:148:77: Used `tac1 <;> tac2` where `(tac1; tac2)` would suffice

Note: This linter can be disabled with `set_option linter.unnecessarySeqFocus false`
warning: CGLMP5/Root.lean:148:89: Used `tac1 <;> tac2` where `(tac1; tac2)` would suffice

Note: This linter can be disabled with `set_option linter.unnecessarySeqFocus false`
⚠ [2120/2122] Replayed CGLMP5.ScalarDefs
warning: CGLMP5/ScalarDefs.lean:33:61: Unused tactic linter: `ring` does nothing

Note: This linter can be disabled with `set_option linter.unusedTactic false`
warning: CGLMP5/ScalarDefs.lean:33:61: this tactic is never executed

Note: This linter can be disabled with `set_option linter.unreachableTactic false`
⚠ [2122/2122] Built CGLMP5.ScalarTableRow04 (53s)
warning: CGLMP5/ScalarTableRow04.lean:88:8: Unused tactic linter: `ring` does nothing

Note: This linter can be disabled with `set_option linter.unusedTactic false`
warning: CGLMP5/ScalarTableRow04.lean:112:8: Unused tactic linter: `ring` does nothing

Note: This linter can be disabled with `set_option linter.unusedTactic false`
warning: CGLMP5/ScalarTableRow04.lean:136:8: Unused tactic linter: `ring` does nothing

Note: This linter can be disabled with `set_option linter.unusedTactic false`
warning: CGLMP5/ScalarTableRow04.lean:88:8: this tactic is never executed

Note: This linter can be disabled with `set_option linter.unreachableTactic false`
warning: CGLMP5/ScalarTableRow04.lean:112:8: this tactic is never executed

Note: This linter can be disabled with `set_option linter.unreachableTactic false`
warning: CGLMP5/ScalarTableRow04.lean:136:8: this tactic is never executed

Note: This linter can be disabled with `set_option linter.unreachableTactic false`
warning: CGLMP5/ScalarTableRow04.lean:92:4: Used `tac1 <;> tac2` where `(tac1; tac2)` would suffice

Note: This linter can be disabled with `set_option linter.unnecessarySeqFocus false`
warning: CGLMP5/ScalarTableRow04.lean:96:4: Used `tac1 <;> tac2` where `(tac1; tac2)` would suffice

Note: This linter can be disabled with `set_option linter.unnecessarySeqFocus false`
warning: CGLMP5/ScalarTableRow04.lean:100:4: Used `tac1 <;> tac2` where `(tac1; tac2)` would suffice

Note: This linter can be disabled with `set_option linter.unnecessarySeqFocus false`
warning: CGLMP5/ScalarTableRow04.lean:104:4: Used `tac1 <;> tac2` where `(tac1; tac2)` would suffice

Note: This linter can be disabled with `set_option linter.unnecessarySeqFocus false`
warning: CGLMP5/ScalarTableRow04.lean:108:4: Used `tac1 <;> tac2` where `(tac1; tac2)` would suffice

Note: This linter can be disabled with `set_option linter.unnecessarySeqFocus false`
warning: CGLMP5/ScalarTableRow04.lean:116:4: Used `tac1 <;> tac2` where `(tac1; tac2)` would suffice

Note: This linter can be disabled with `set_option linter.unnecessarySeqFocus false`
warning: CGLMP5/ScalarTableRow04.lean:120:4: Used `tac1 <;> tac2` where `(tac1; tac2)` would suffice

Note: This linter can be disabled with `set_option linter.unnecessarySeqFocus false`
warning: CGLMP5/ScalarTableRow04.lean:124:4: Used `tac1 <;> tac2` where `(tac1; tac2)` would suffice

Note: This linter can be disabled with `set_option linter.unnecessarySeqFocus false`
warning: CGLMP5/ScalarTableRow04.lean:128:4: Used `tac1 <;> tac2` where `(tac1; tac2)` would suffice

Note: This linter can be disabled with `set_option linter.unnecessarySeqFocus false`
warning: CGLMP5/ScalarTableRow04.lean:132:4: Used `tac1 <;> tac2` where `(tac1; tac2)` would suffice

Note: This linter can be disabled with `set_option linter.unnecessarySeqFocus false`
warning: CGLMP5/ScalarTableRow04.lean:140:4: Used `tac1 <;> tac2` where `(tac1; tac2)` would suffice

Note: This linter can be disabled with `set_option linter.unnecessarySeqFocus false`
warning: CGLMP5/ScalarTableRow04.lean:144:4: Used `tac1 <;> tac2` where `(tac1; tac2)` would suffice

Note: This linter can be disabled with `set_option linter.unnecessarySeqFocus false`
warning: CGLMP5/ScalarTableRow04.lean:148:4: Used `tac1 <;> tac2` where `(tac1; tac2)` would suffice

Note: This linter can be disabled with `set_option linter.unnecessarySeqFocus false`
warning: CGLMP5/ScalarTableRow04.lean:152:4: Used `tac1 <;> tac2` where `(tac1; tac2)` would suffice

Note: This linter can be disabled with `set_option linter.unnecessarySeqFocus false`
warning: CGLMP5/ScalarTableRow04.lean:156:4: Used `tac1 <;> tac2` where `(tac1; tac2)` would suffice

Note: This linter can be disabled with `set_option linter.unnecessarySeqFocus false`
warning: CGLMP5/ScalarTableRow04.lean:160:4: Used `tac1 <;> tac2` where `(tac1; tac2)` would suffice

Note: This linter can be disabled with `set_option linter.unnecessarySeqFocus false`
warning: CGLMP5/ScalarTableRow04.lean:164:4: Used `tac1 <;> tac2` where `(tac1; tac2)` would suffice

Note: This linter can be disabled with `set_option linter.unnecessarySeqFocus false`
warning: CGLMP5/ScalarTableRow04.lean:168:4: Used `tac1 <;> tac2` where `(tac1; tac2)` would suffice

Note: This linter can be disabled with `set_option linter.unnecessarySeqFocus false`
warning: CGLMP5/ScalarTableRow04.lean:172:4: Used `tac1 <;> tac2` where `(tac1; tac2)` would suffice

Note: This linter can be disabled with `set_option linter.unnecessarySeqFocus false`
warning: CGLMP5/ScalarTableRow04.lean:176:4: Used `tac1 <;> tac2` where `(tac1; tac2)` would suffice

Note: This linter can be disabled with `set_option linter.unnecessarySeqFocus false`
warning: CGLMP5/ScalarTableRow04.lean:180:4: Used `tac1 <;> tac2` where `(tac1; tac2)` would suffice

Note: This linter can be disabled with `set_option linter.unnecessarySeqFocus false`
Build completed successfully (2122 jobs).
END_ROW 4 STATUS 0 SECONDS 54.474407871006406 MAXRSS 2811216
START_ROW 5
[limited-build] ticket224 acquired slot0: lake build CGLMP5.ScalarTableRow05
⚠ [2119/2122] Replayed CGLMP5.Root
warning: CGLMP5/Root.lean:148:63: Used `tac1 <;> tac2` where `(tac1; tac2)` would suffice

Note: This linter can be disabled with `set_option linter.unnecessarySeqFocus false`
warning: CGLMP5/Root.lean:148:77: Used `tac1 <;> tac2` where `(tac1; tac2)` would suffice

Note: This linter can be disabled with `set_option linter.unnecessarySeqFocus false`
warning: CGLMP5/Root.lean:148:89: Used `tac1 <;> tac2` where `(tac1; tac2)` would suffice

Note: This linter can be disabled with `set_option linter.unnecessarySeqFocus false`
⚠ [2120/2122] Replayed CGLMP5.ScalarDefs
warning: CGLMP5/ScalarDefs.lean:33:61: Unused tactic linter: `ring` does nothing

Note: This linter can be disabled with `set_option linter.unusedTactic false`
warning: CGLMP5/ScalarDefs.lean:33:61: this tactic is never executed

Note: This linter can be disabled with `set_option linter.unreachableTactic false`
⚠ [2122/2122] Built CGLMP5.ScalarTableRow05 (51s)
warning: CGLMP5/ScalarTableRow05.lean:88:8: Unused tactic linter: `ring` does nothing

Note: This linter can be disabled with `set_option linter.unusedTactic false`
warning: CGLMP5/ScalarTableRow05.lean:112:8: Unused tactic linter: `ring` does nothing

Note: This linter can be disabled with `set_option linter.unusedTactic false`
warning: CGLMP5/ScalarTableRow05.lean:136:8: Unused tactic linter: `ring` does nothing

Note: This linter can be disabled with `set_option linter.unusedTactic false`
warning: CGLMP5/ScalarTableRow05.lean:88:8: this tactic is never executed

Note: This linter can be disabled with `set_option linter.unreachableTactic false`
warning: CGLMP5/ScalarTableRow05.lean:112:8: this tactic is never executed

Note: This linter can be disabled with `set_option linter.unreachableTactic false`
warning: CGLMP5/ScalarTableRow05.lean:136:8: this tactic is never executed

Note: This linter can be disabled with `set_option linter.unreachableTactic false`
warning: CGLMP5/ScalarTableRow05.lean:92:4: Used `tac1 <;> tac2` where `(tac1; tac2)` would suffice

Note: This linter can be disabled with `set_option linter.unnecessarySeqFocus false`
warning: CGLMP5/ScalarTableRow05.lean:96:4: Used `tac1 <;> tac2` where `(tac1; tac2)` would suffice

Note: This linter can be disabled with `set_option linter.unnecessarySeqFocus false`
warning: CGLMP5/ScalarTableRow05.lean:100:4: Used `tac1 <;> tac2` where `(tac1; tac2)` would suffice

Note: This linter can be disabled with `set_option linter.unnecessarySeqFocus false`
warning: CGLMP5/ScalarTableRow05.lean:104:4: Used `tac1 <;> tac2` where `(tac1; tac2)` would suffice

Note: This linter can be disabled with `set_option linter.unnecessarySeqFocus false`
warning: CGLMP5/ScalarTableRow05.lean:108:4: Used `tac1 <;> tac2` where `(tac1; tac2)` would suffice

Note: This linter can be disabled with `set_option linter.unnecessarySeqFocus false`
warning: CGLMP5/ScalarTableRow05.lean:116:4: Used `tac1 <;> tac2` where `(tac1; tac2)` would suffice

Note: This linter can be disabled with `set_option linter.unnecessarySeqFocus false`
warning: CGLMP5/ScalarTableRow05.lean:120:4: Used `tac1 <;> tac2` where `(tac1; tac2)` would suffice

Note: This linter can be disabled with `set_option linter.unnecessarySeqFocus false`
warning: CGLMP5/ScalarTableRow05.lean:124:4: Used `tac1 <;> tac2` where `(tac1; tac2)` would suffice

Note: This linter can be disabled with `set_option linter.unnecessarySeqFocus false`
warning: CGLMP5/ScalarTableRow05.lean:128:4: Used `tac1 <;> tac2` where `(tac1; tac2)` would suffice

Note: This linter can be disabled with `set_option linter.unnecessarySeqFocus false`
warning: CGLMP5/ScalarTableRow05.lean:132:4: Used `tac1 <;> tac2` where `(tac1; tac2)` would suffice

Note: This linter can be disabled with `set_option linter.unnecessarySeqFocus false`
warning: CGLMP5/ScalarTableRow05.lean:140:4: Used `tac1 <;> tac2` where `(tac1; tac2)` would suffice

Note: This linter can be disabled with `set_option linter.unnecessarySeqFocus false`
warning: CGLMP5/ScalarTableRow05.lean:144:4: Used `tac1 <;> tac2` where `(tac1; tac2)` would suffice

Note: This linter can be disabled with `set_option linter.unnecessarySeqFocus false`
warning: CGLMP5/ScalarTableRow05.lean:148:4: Used `tac1 <;> tac2` where `(tac1; tac2)` would suffice

Note: This linter can be disabled with `set_option linter.unnecessarySeqFocus false`
warning: CGLMP5/ScalarTableRow05.lean:152:4: Used `tac1 <;> tac2` where `(tac1; tac2)` would suffice

Note: This linter can be disabled with `set_option linter.unnecessarySeqFocus false`
warning: CGLMP5/ScalarTableRow05.lean:156:4: Used `tac1 <;> tac2` where `(tac1; tac2)` would suffice

Note: This linter can be disabled with `set_option linter.unnecessarySeqFocus false`
warning: CGLMP5/ScalarTableRow05.lean:160:4: Used `tac1 <;> tac2` where `(tac1; tac2)` would suffice

Note: This linter can be disabled with `set_option linter.unnecessarySeqFocus false`
warning: CGLMP5/ScalarTableRow05.lean:164:4: Used `tac1 <;> tac2` where `(tac1; tac2)` would suffice

Note: This linter can be disabled with `set_option linter.unnecessarySeqFocus false`
warning: CGLMP5/ScalarTableRow05.lean:168:4: Used `tac1 <;> tac2` where `(tac1; tac2)` would suffice

Note: This linter can be disabled with `set_option linter.unnecessarySeqFocus false`
warning: CGLMP5/ScalarTableRow05.lean:172:4: Used `tac1 <;> tac2` where `(tac1; tac2)` would suffice

Note: This linter can be disabled with `set_option linter.unnecessarySeqFocus false`
warning: CGLMP5/ScalarTableRow05.lean:176:4: Used `tac1 <;> tac2` where `(tac1; tac2)` would suffice

Note: This linter can be disabled with `set_option linter.unnecessarySeqFocus false`
warning: CGLMP5/ScalarTableRow05.lean:180:4: Used `tac1 <;> tac2` where `(tac1; tac2)` would suffice

Note: This linter can be disabled with `set_option linter.unnecessarySeqFocus false`
Build completed successfully (2122 jobs).
END_ROW 5 STATUS 0 SECONDS 73.72542385400448 MAXRSS 2811216
START_ROW 6
[limited-build] ticket226 acquired slot0: lake build CGLMP5.ScalarTableRow06
⚠ [2119/2122] Replayed CGLMP5.Root
warning: CGLMP5/Root.lean:148:63: Used `tac1 <;> tac2` where `(tac1; tac2)` would suffice

Note: This linter can be disabled with `set_option linter.unnecessarySeqFocus false`
warning: CGLMP5/Root.lean:148:77: Used `tac1 <;> tac2` where `(tac1; tac2)` would suffice

Note: This linter can be disabled with `set_option linter.unnecessarySeqFocus false`
warning: CGLMP5/Root.lean:148:89: Used `tac1 <;> tac2` where `(tac1; tac2)` would suffice

Note: This linter can be disabled with `set_option linter.unnecessarySeqFocus false`
⚠ [2120/2122] Replayed CGLMP5.ScalarDefs
warning: CGLMP5/ScalarDefs.lean:33:61: Unused tactic linter: `ring` does nothing

Note: This linter can be disabled with `set_option linter.unusedTactic false`
warning: CGLMP5/ScalarDefs.lean:33:61: this tactic is never executed

Note: This linter can be disabled with `set_option linter.unreachableTactic false`
⚠ [2122/2122] Built CGLMP5.ScalarTableRow06 (49s)
warning: CGLMP5/ScalarTableRow06.lean:88:8: Unused tactic linter: `ring` does nothing

Note: This linter can be disabled with `set_option linter.unusedTactic false`
warning: CGLMP5/ScalarTableRow06.lean:136:8: Unused tactic linter: `ring` does nothing

Note: This linter can be disabled with `set_option linter.unusedTactic false`
warning: CGLMP5/ScalarTableRow06.lean:88:8: this tactic is never executed

Note: This linter can be disabled with `set_option linter.unreachableTactic false`
warning: CGLMP5/ScalarTableRow06.lean:136:8: this tactic is never executed

Note: This linter can be disabled with `set_option linter.unreachableTactic false`
warning: CGLMP5/ScalarTableRow06.lean:92:4: Used `tac1 <;> tac2` where `(tac1; tac2)` would suffice

Note: This linter can be disabled with `set_option linter.unnecessarySeqFocus false`
warning: CGLMP5/ScalarTableRow06.lean:96:4: Used `tac1 <;> tac2` where `(tac1; tac2)` would suffice

Note: This linter can be disabled with `set_option linter.unnecessarySeqFocus false`
warning: CGLMP5/ScalarTableRow06.lean:100:4: Used `tac1 <;> tac2` where `(tac1; tac2)` would suffice

Note: This linter can be disabled with `set_option linter.unnecessarySeqFocus false`
warning: CGLMP5/ScalarTableRow06.lean:104:4: Used `tac1 <;> tac2` where `(tac1; tac2)` would suffice

Note: This linter can be disabled with `set_option linter.unnecessarySeqFocus false`
warning: CGLMP5/ScalarTableRow06.lean:108:4: Used `tac1 <;> tac2` where `(tac1; tac2)` would suffice

Note: This linter can be disabled with `set_option linter.unnecessarySeqFocus false`
warning: CGLMP5/ScalarTableRow06.lean:112:4: Used `tac1 <;> tac2` where `(tac1; tac2)` would suffice

Note: This linter can be disabled with `set_option linter.unnecessarySeqFocus false`
warning: CGLMP5/ScalarTableRow06.lean:116:4: Used `tac1 <;> tac2` where `(tac1; tac2)` would suffice

Note: This linter can be disabled with `set_option linter.unnecessarySeqFocus false`
warning: CGLMP5/ScalarTableRow06.lean:120:4: Used `tac1 <;> tac2` where `(tac1; tac2)` would suffice

Note: This linter can be disabled with `set_option linter.unnecessarySeqFocus false`
warning: CGLMP5/ScalarTableRow06.lean:124:4: Used `tac1 <;> tac2` where `(tac1; tac2)` would suffice

Note: This linter can be disabled with `set_option linter.unnecessarySeqFocus false`
warning: CGLMP5/ScalarTableRow06.lean:128:4: Used `tac1 <;> tac2` where `(tac1; tac2)` would suffice

Note: This linter can be disabled with `set_option linter.unnecessarySeqFocus false`
warning: CGLMP5/ScalarTableRow06.lean:132:4: Used `tac1 <;> tac2` where `(tac1; tac2)` would suffice

Note: This linter can be disabled with `set_option linter.unnecessarySeqFocus false`
warning: CGLMP5/ScalarTableRow06.lean:140:4: Used `tac1 <;> tac2` where `(tac1; tac2)` would suffice

Note: This linter can be disabled with `set_option linter.unnecessarySeqFocus false`
warning: CGLMP5/ScalarTableRow06.lean:144:4: Used `tac1 <;> tac2` where `(tac1; tac2)` would suffice

Note: This linter can be disabled with `set_option linter.unnecessarySeqFocus false`
warning: CGLMP5/ScalarTableRow06.lean:148:4: Used `tac1 <;> tac2` where `(tac1; tac2)` would suffice

Note: This linter can be disabled with `set_option linter.unnecessarySeqFocus false`
warning: CGLMP5/ScalarTableRow06.lean:152:4: Used `tac1 <;> tac2` where `(tac1; tac2)` would suffice

Note: This linter can be disabled with `set_option linter.unnecessarySeqFocus false`
warning: CGLMP5/ScalarTableRow06.lean:156:4: Used `tac1 <;> tac2` where `(tac1; tac2)` would suffice

Note: This linter can be disabled with `set_option linter.unnecessarySeqFocus false`
warning: CGLMP5/ScalarTableRow06.lean:160:4: Used `tac1 <;> tac2` where `(tac1; tac2)` would suffice

Note: This linter can be disabled with `set_option linter.unnecessarySeqFocus false`
warning: CGLMP5/ScalarTableRow06.lean:164:4: Used `tac1 <;> tac2` where `(tac1; tac2)` would suffice

Note: This linter can be disabled with `set_option linter.unnecessarySeqFocus false`
warning: CGLMP5/ScalarTableRow06.lean:168:4: Used `tac1 <;> tac2` where `(tac1; tac2)` would suffice

Note: This linter can be disabled with `set_option linter.unnecessarySeqFocus false`
warning: CGLMP5/ScalarTableRow06.lean:172:4: Used `tac1 <;> tac2` where `(tac1; tac2)` would suffice

Note: This linter can be disabled with `set_option linter.unnecessarySeqFocus false`
warning: CGLMP5/ScalarTableRow06.lean:176:4: Used `tac1 <;> tac2` where `(tac1; tac2)` would suffice

Note: This linter can be disabled with `set_option linter.unnecessarySeqFocus false`
warning: CGLMP5/ScalarTableRow06.lean:180:4: Used `tac1 <;> tac2` where `(tac1; tac2)` would suffice

Note: This linter can be disabled with `set_option linter.unnecessarySeqFocus false`
Build completed successfully (2122 jobs).
END_ROW 6 STATUS 0 SECONDS 70.52859455099679 MAXRSS 2811216
START_ROW 7
[limited-build] ticket228 acquired slot0: lake build CGLMP5.ScalarTableRow07
⚠ [2119/2122] Replayed CGLMP5.Root
warning: CGLMP5/Root.lean:148:63: Used `tac1 <;> tac2` where `(tac1; tac2)` would suffice

Note: This linter can be disabled with `set_option linter.unnecessarySeqFocus false`
warning: CGLMP5/Root.lean:148:77: Used `tac1 <;> tac2` where `(tac1; tac2)` would suffice

Note: This linter can be disabled with `set_option linter.unnecessarySeqFocus false`
warning: CGLMP5/Root.lean:148:89: Used `tac1 <;> tac2` where `(tac1; tac2)` would suffice

Note: This linter can be disabled with `set_option linter.unnecessarySeqFocus false`
⚠ [2120/2122] Replayed CGLMP5.ScalarDefs
warning: CGLMP5/ScalarDefs.lean:33:61: Unused tactic linter: `ring` does nothing

Note: This linter can be disabled with `set_option linter.unusedTactic false`
warning: CGLMP5/ScalarDefs.lean:33:61: this tactic is never executed

Note: This linter can be disabled with `set_option linter.unreachableTactic false`
⚠ [2122/2122] Built CGLMP5.ScalarTableRow07 (51s)
warning: CGLMP5/ScalarTableRow07.lean:88:8: Unused tactic linter: `ring` does nothing

Note: This linter can be disabled with `set_option linter.unusedTactic false`
warning: CGLMP5/ScalarTableRow07.lean:136:8: Unused tactic linter: `ring` does nothing

Note: This linter can be disabled with `set_option linter.unusedTactic false`
warning: CGLMP5/ScalarTableRow07.lean:88:8: this tactic is never executed

Note: This linter can be disabled with `set_option linter.unreachableTactic false`
warning: CGLMP5/ScalarTableRow07.lean:136:8: this tactic is never executed

Note: This linter can be disabled with `set_option linter.unreachableTactic false`
warning: CGLMP5/ScalarTableRow07.lean:92:4: Used `tac1 <;> tac2` where `(tac1; tac2)` would suffice

Note: This linter can be disabled with `set_option linter.unnecessarySeqFocus false`
warning: CGLMP5/ScalarTableRow07.lean:96:4: Used `tac1 <;> tac2` where `(tac1; tac2)` would suffice

Note: This linter can be disabled with `set_option linter.unnecessarySeqFocus false`
warning: CGLMP5/ScalarTableRow07.lean:100:4: Used `tac1 <;> tac2` where `(tac1; tac2)` would suffice

Note: This linter can be disabled with `set_option linter.unnecessarySeqFocus false`
warning: CGLMP5/ScalarTableRow07.lean:104:4: Used `tac1 <;> tac2` where `(tac1; tac2)` would suffice

Note: This linter can be disabled with `set_option linter.unnecessarySeqFocus false`
warning: CGLMP5/ScalarTableRow07.lean:108:4: Used `tac1 <;> tac2` where `(tac1; tac2)` would suffice

Note: This linter can be disabled with `set_option linter.unnecessarySeqFocus false`
warning: CGLMP5/ScalarTableRow07.lean:112:4: Used `tac1 <;> tac2` where `(tac1; tac2)` would suffice

Note: This linter can be disabled with `set_option linter.unnecessarySeqFocus false`
warning: CGLMP5/ScalarTableRow07.lean:116:4: Used `tac1 <;> tac2` where `(tac1; tac2)` would suffice

Note: This linter can be disabled with `set_option linter.unnecessarySeqFocus false`
warning: CGLMP5/ScalarTableRow07.lean:120:4: Used `tac1 <;> tac2` where `(tac1; tac2)` would suffice

Note: This linter can be disabled with `set_option linter.unnecessarySeqFocus false`
warning: CGLMP5/ScalarTableRow07.lean:124:4: Used `tac1 <;> tac2` where `(tac1; tac2)` would suffice

Note: This linter can be disabled with `set_option linter.unnecessarySeqFocus false`
warning: CGLMP5/ScalarTableRow07.lean:128:4: Used `tac1 <;> tac2` where `(tac1; tac2)` would suffice

Note: This linter can be disabled with `set_option linter.unnecessarySeqFocus false`
warning: CGLMP5/ScalarTableRow07.lean:132:4: Used `tac1 <;> tac2` where `(tac1; tac2)` would suffice

Note: This linter can be disabled with `set_option linter.unnecessarySeqFocus false`
warning: CGLMP5/ScalarTableRow07.lean:140:4: Used `tac1 <;> tac2` where `(tac1; tac2)` would suffice

Note: This linter can be disabled with `set_option linter.unnecessarySeqFocus false`
warning: CGLMP5/ScalarTableRow07.lean:144:4: Used `tac1 <;> tac2` where `(tac1; tac2)` would suffice

Note: This linter can be disabled with `set_option linter.unnecessarySeqFocus false`
warning: CGLMP5/ScalarTableRow07.lean:148:4: Used `tac1 <;> tac2` where `(tac1; tac2)` would suffice

Note: This linter can be disabled with `set_option linter.unnecessarySeqFocus false`
warning: CGLMP5/ScalarTableRow07.lean:152:4: Used `tac1 <;> tac2` where `(tac1; tac2)` would suffice

Note: This linter can be disabled with `set_option linter.unnecessarySeqFocus false`
warning: CGLMP5/ScalarTableRow07.lean:156:4: Used `tac1 <;> tac2` where `(tac1; tac2)` would suffice

Note: This linter can be disabled with `set_option linter.unnecessarySeqFocus false`
warning: CGLMP5/ScalarTableRow07.lean:160:4: Used `tac1 <;> tac2` where `(tac1; tac2)` would suffice

Note: This linter can be disabled with `set_option linter.unnecessarySeqFocus false`
warning: CGLMP5/ScalarTableRow07.lean:164:4: Used `tac1 <;> tac2` where `(tac1; tac2)` would suffice

Note: This linter can be disabled with `set_option linter.unnecessarySeqFocus false`
warning: CGLMP5/ScalarTableRow07.lean:168:4: Used `tac1 <;> tac2` where `(tac1; tac2)` would suffice

Note: This linter can be disabled with `set_option linter.unnecessarySeqFocus false`
warning: CGLMP5/ScalarTableRow07.lean:172:4: Used `tac1 <;> tac2` where `(tac1; tac2)` would suffice

Note: This linter can be disabled with `set_option linter.unnecessarySeqFocus false`
warning: CGLMP5/ScalarTableRow07.lean:176:4: Used `tac1 <;> tac2` where `(tac1; tac2)` would suffice

Note: This linter can be disabled with `set_option linter.unnecessarySeqFocus false`
warning: CGLMP5/ScalarTableRow07.lean:180:4: Used `tac1 <;> tac2` where `(tac1; tac2)` would suffice

Note: This linter can be disabled with `set_option linter.unnecessarySeqFocus false`
Build completed successfully (2122 jobs).
END_ROW 7 STATUS 0 SECONDS 53.86788340100611 MAXRSS 2811216
START_ROW 8
[limited-build] ticket231 acquired slot0: lake build CGLMP5.ScalarTableRow08
⚠ [2119/2122] Replayed CGLMP5.Root
warning: CGLMP5/Root.lean:148:63: Used `tac1 <;> tac2` where `(tac1; tac2)` would suffice

Note: This linter can be disabled with `set_option linter.unnecessarySeqFocus false`
warning: CGLMP5/Root.lean:148:77: Used `tac1 <;> tac2` where `(tac1; tac2)` would suffice

Note: This linter can be disabled with `set_option linter.unnecessarySeqFocus false`
warning: CGLMP5/Root.lean:148:89: Used `tac1 <;> tac2` where `(tac1; tac2)` would suffice

Note: This linter can be disabled with `set_option linter.unnecessarySeqFocus false`
⚠ [2120/2122] Replayed CGLMP5.ScalarDefs
warning: CGLMP5/ScalarDefs.lean:33:61: Unused tactic linter: `ring` does nothing

Note: This linter can be disabled with `set_option linter.unusedTactic false`
warning: CGLMP5/ScalarDefs.lean:33:61: this tactic is never executed

Note: This linter can be disabled with `set_option linter.unreachableTactic false`
⚠ [2122/2122] Built CGLMP5.ScalarTableRow08 (53s)
warning: CGLMP5/ScalarTableRow08.lean:88:8: Unused tactic linter: `ring` does nothing

Note: This linter can be disabled with `set_option linter.unusedTactic false`
warning: CGLMP5/ScalarTableRow08.lean:136:8: Unused tactic linter: `ring` does nothing

Note: This linter can be disabled with `set_option linter.unusedTactic false`
warning: CGLMP5/ScalarTableRow08.lean:88:8: this tactic is never executed

Note: This linter can be disabled with `set_option linter.unreachableTactic false`
warning: CGLMP5/ScalarTableRow08.lean:136:8: this tactic is never executed

Note: This linter can be disabled with `set_option linter.unreachableTactic false`
warning: CGLMP5/ScalarTableRow08.lean:92:4: Used `tac1 <;> tac2` where `(tac1; tac2)` would suffice

Note: This linter can be disabled with `set_option linter.unnecessarySeqFocus false`
warning: CGLMP5/ScalarTableRow08.lean:96:4: Used `tac1 <;> tac2` where `(tac1; tac2)` would suffice

Note: This linter can be disabled with `set_option linter.unnecessarySeqFocus false`
warning: CGLMP5/ScalarTableRow08.lean:100:4: Used `tac1 <;> tac2` where `(tac1; tac2)` would suffice

Note: This linter can be disabled with `set_option linter.unnecessarySeqFocus false`
warning: CGLMP5/ScalarTableRow08.lean:104:4: Used `tac1 <;> tac2` where `(tac1; tac2)` would suffice

Note: This linter can be disabled with `set_option linter.unnecessarySeqFocus false`
warning: CGLMP5/ScalarTableRow08.lean:108:4: Used `tac1 <;> tac2` where `(tac1; tac2)` would suffice

Note: This linter can be disabled with `set_option linter.unnecessarySeqFocus false`
warning: CGLMP5/ScalarTableRow08.lean:112:4: Used `tac1 <;> tac2` where `(tac1; tac2)` would suffice

Note: This linter can be disabled with `set_option linter.unnecessarySeqFocus false`
warning: CGLMP5/ScalarTableRow08.lean:116:4: Used `tac1 <;> tac2` where `(tac1; tac2)` would suffice

Note: This linter can be disabled with `set_option linter.unnecessarySeqFocus false`
warning: CGLMP5/ScalarTableRow08.lean:120:4: Used `tac1 <;> tac2` where `(tac1; tac2)` would suffice

Note: This linter can be disabled with `set_option linter.unnecessarySeqFocus false`
warning: CGLMP5/ScalarTableRow08.lean:124:4: Used `tac1 <;> tac2` where `(tac1; tac2)` would suffice

Note: This linter can be disabled with `set_option linter.unnecessarySeqFocus false`
warning: CGLMP5/ScalarTableRow08.lean:128:4: Used `tac1 <;> tac2` where `(tac1; tac2)` would suffice

Note: This linter can be disabled with `set_option linter.unnecessarySeqFocus false`
warning: CGLMP5/ScalarTableRow08.lean:132:4: Used `tac1 <;> tac2` where `(tac1; tac2)` would suffice

Note: This linter can be disabled with `set_option linter.unnecessarySeqFocus false`
warning: CGLMP5/ScalarTableRow08.lean:140:4: Used `tac1 <;> tac2` where `(tac1; tac2)` would suffice

Note: This linter can be disabled with `set_option linter.unnecessarySeqFocus false`
warning: CGLMP5/ScalarTableRow08.lean:144:4: Used `tac1 <;> tac2` where `(tac1; tac2)` would suffice

Note: This linter can be disabled with `set_option linter.unnecessarySeqFocus false`
warning: CGLMP5/ScalarTableRow08.lean:148:4: Used `tac1 <;> tac2` where `(tac1; tac2)` would suffice

Note: This linter can be disabled with `set_option linter.unnecessarySeqFocus false`
warning: CGLMP5/ScalarTableRow08.lean:152:4: Used `tac1 <;> tac2` where `(tac1; tac2)` would suffice

Note: This linter can be disabled with `set_option linter.unnecessarySeqFocus false`
warning: CGLMP5/ScalarTableRow08.lean:156:4: Used `tac1 <;> tac2` where `(tac1; tac2)` would suffice

Note: This linter can be disabled with `set_option linter.unnecessarySeqFocus false`
warning: CGLMP5/ScalarTableRow08.lean:160:4: Used `tac1 <;> tac2` where `(tac1; tac2)` would suffice

Note: This linter can be disabled with `set_option linter.unnecessarySeqFocus false`
warning: CGLMP5/ScalarTableRow08.lean:164:4: Used `tac1 <;> tac2` where `(tac1; tac2)` would suffice

Note: This linter can be disabled with `set_option linter.unnecessarySeqFocus false`
warning: CGLMP5/ScalarTableRow08.lean:168:4: Used `tac1 <;> tac2` where `(tac1; tac2)` would suffice

Note: This linter can be disabled with `set_option linter.unnecessarySeqFocus false`
warning: CGLMP5/ScalarTableRow08.lean:172:4: Used `tac1 <;> tac2` where `(tac1; tac2)` would suffice

Note: This linter can be disabled with `set_option linter.unnecessarySeqFocus false`
warning: CGLMP5/ScalarTableRow08.lean:176:4: Used `tac1 <;> tac2` where `(tac1; tac2)` would suffice

Note: This linter can be disabled with `set_option linter.unnecessarySeqFocus false`
warning: CGLMP5/ScalarTableRow08.lean:180:4: Used `tac1 <;> tac2` where `(tac1; tac2)` would suffice

Note: This linter can be disabled with `set_option linter.unnecessarySeqFocus false`
Build completed successfully (2122 jobs).
END_ROW 8 STATUS 0 SECONDS 69.14291758199397 MAXRSS 2811216
START_ROW 9
[limited-build] ticket238 acquired slot0: lake build CGLMP5.ScalarTableRow09
⚠ [2119/2122] Replayed CGLMP5.Root
warning: CGLMP5/Root.lean:148:63: Used `tac1 <;> tac2` where `(tac1; tac2)` would suffice

Note: This linter can be disabled with `set_option linter.unnecessarySeqFocus false`
warning: CGLMP5/Root.lean:148:77: Used `tac1 <;> tac2` where `(tac1; tac2)` would suffice

Note: This linter can be disabled with `set_option linter.unnecessarySeqFocus false`
warning: CGLMP5/Root.lean:148:89: Used `tac1 <;> tac2` where `(tac1; tac2)` would suffice

Note: This linter can be disabled with `set_option linter.unnecessarySeqFocus false`
⚠ [2120/2122] Replayed CGLMP5.ScalarDefs
warning: CGLMP5/ScalarDefs.lean:33:61: Unused tactic linter: `ring` does nothing

Note: This linter can be disabled with `set_option linter.unusedTactic false`
warning: CGLMP5/ScalarDefs.lean:33:61: this tactic is never executed

Note: This linter can be disabled with `set_option linter.unreachableTactic false`
⚠ [2122/2122] Built CGLMP5.ScalarTableRow09 (52s)
warning: CGLMP5/ScalarTableRow09.lean:88:8: Unused tactic linter: `ring` does nothing

Note: This linter can be disabled with `set_option linter.unusedTactic false`
warning: CGLMP5/ScalarTableRow09.lean:136:8: Unused tactic linter: `ring` does nothing

Note: This linter can be disabled with `set_option linter.unusedTactic false`
warning: CGLMP5/ScalarTableRow09.lean:88:8: this tactic is never executed

Note: This linter can be disabled with `set_option linter.unreachableTactic false`
warning: CGLMP5/ScalarTableRow09.lean:136:8: this tactic is never executed

Note: This linter can be disabled with `set_option linter.unreachableTactic false`
warning: CGLMP5/ScalarTableRow09.lean:92:4: Used `tac1 <;> tac2` where `(tac1; tac2)` would suffice

Note: This linter can be disabled with `set_option linter.unnecessarySeqFocus false`
warning: CGLMP5/ScalarTableRow09.lean:96:4: Used `tac1 <;> tac2` where `(tac1; tac2)` would suffice

Note: This linter can be disabled with `set_option linter.unnecessarySeqFocus false`
warning: CGLMP5/ScalarTableRow09.lean:100:4: Used `tac1 <;> tac2` where `(tac1; tac2)` would suffice

Note: This linter can be disabled with `set_option linter.unnecessarySeqFocus false`
warning: CGLMP5/ScalarTableRow09.lean:104:4: Used `tac1 <;> tac2` where `(tac1; tac2)` would suffice

Note: This linter can be disabled with `set_option linter.unnecessarySeqFocus false`
warning: CGLMP5/ScalarTableRow09.lean:108:4: Used `tac1 <;> tac2` where `(tac1; tac2)` would suffice

Note: This linter can be disabled with `set_option linter.unnecessarySeqFocus false`
warning: CGLMP5/ScalarTableRow09.lean:112:4: Used `tac1 <;> tac2` where `(tac1; tac2)` would suffice

Note: This linter can be disabled with `set_option linter.unnecessarySeqFocus false`
warning: CGLMP5/ScalarTableRow09.lean:116:4: Used `tac1 <;> tac2` where `(tac1; tac2)` would suffice

Note: This linter can be disabled with `set_option linter.unnecessarySeqFocus false`
warning: CGLMP5/ScalarTableRow09.lean:120:4: Used `tac1 <;> tac2` where `(tac1; tac2)` would suffice

Note: This linter can be disabled with `set_option linter.unnecessarySeqFocus false`
warning: CGLMP5/ScalarTableRow09.lean:124:4: Used `tac1 <;> tac2` where `(tac1; tac2)` would suffice

Note: This linter can be disabled with `set_option linter.unnecessarySeqFocus false`
warning: CGLMP5/ScalarTableRow09.lean:128:4: Used `tac1 <;> tac2` where `(tac1; tac2)` would suffice

Note: This linter can be disabled with `set_option linter.unnecessarySeqFocus false`
warning: CGLMP5/ScalarTableRow09.lean:132:4: Used `tac1 <;> tac2` where `(tac1; tac2)` would suffice

Note: This linter can be disabled with `set_option linter.unnecessarySeqFocus false`
warning: CGLMP5/ScalarTableRow09.lean:140:4: Used `tac1 <;> tac2` where `(tac1; tac2)` would suffice

Note: This linter can be disabled with `set_option linter.unnecessarySeqFocus false`
warning: CGLMP5/ScalarTableRow09.lean:144:4: Used `tac1 <;> tac2` where `(tac1; tac2)` would suffice

Note: This linter can be disabled with `set_option linter.unnecessarySeqFocus false`
warning: CGLMP5/ScalarTableRow09.lean:148:4: Used `tac1 <;> tac2` where `(tac1; tac2)` would suffice

Note: This linter can be disabled with `set_option linter.unnecessarySeqFocus false`
warning: CGLMP5/ScalarTableRow09.lean:152:4: Used `tac1 <;> tac2` where `(tac1; tac2)` would suffice

Note: This linter can be disabled with `set_option linter.unnecessarySeqFocus false`
warning: CGLMP5/ScalarTableRow09.lean:156:4: Used `tac1 <;> tac2` where `(tac1; tac2)` would suffice

Note: This linter can be disabled with `set_option linter.unnecessarySeqFocus false`
warning: CGLMP5/ScalarTableRow09.lean:160:4: Used `tac1 <;> tac2` where `(tac1; tac2)` would suffice

Note: This linter can be disabled with `set_option linter.unnecessarySeqFocus false`
warning: CGLMP5/ScalarTableRow09.lean:164:4: Used `tac1 <;> tac2` where `(tac1; tac2)` would suffice

Note: This linter can be disabled with `set_option linter.unnecessarySeqFocus false`
warning: CGLMP5/ScalarTableRow09.lean:168:4: Used `tac1 <;> tac2` where `(tac1; tac2)` would suffice

Note: This linter can be disabled with `set_option linter.unnecessarySeqFocus false`
warning: CGLMP5/ScalarTableRow09.lean:172:4: Used `tac1 <;> tac2` where `(tac1; tac2)` would suffice

Note: This linter can be disabled with `set_option linter.unnecessarySeqFocus false`
warning: CGLMP5/ScalarTableRow09.lean:176:4: Used `tac1 <;> tac2` where `(tac1; tac2)` would suffice

Note: This linter can be disabled with `set_option linter.unnecessarySeqFocus false`
warning: CGLMP5/ScalarTableRow09.lean:180:4: Used `tac1 <;> tac2` where `(tac1; tac2)` would suffice

Note: This linter can be disabled with `set_option linter.unnecessarySeqFocus false`
Build completed successfully (2122 jobs).
END_ROW 9 STATUS 0 SECONDS 56.850949397994555 MAXRSS 2842932
START_ROW 10
[limited-build] ticket240 acquired slot0: lake build CGLMP5.ScalarTableRow10
⚠ [2119/2122] Replayed CGLMP5.Root
warning: CGLMP5/Root.lean:148:63: Used `tac1 <;> tac2` where `(tac1; tac2)` would suffice

Note: This linter can be disabled with `set_option linter.unnecessarySeqFocus false`
warning: CGLMP5/Root.lean:148:77: Used `tac1 <;> tac2` where `(tac1; tac2)` would suffice

Note: This linter can be disabled with `set_option linter.unnecessarySeqFocus false`
warning: CGLMP5/Root.lean:148:89: Used `tac1 <;> tac2` where `(tac1; tac2)` would suffice

Note: This linter can be disabled with `set_option linter.unnecessarySeqFocus false`
⚠ [2120/2122] Replayed CGLMP5.ScalarDefs
warning: CGLMP5/ScalarDefs.lean:33:61: Unused tactic linter: `ring` does nothing

Note: This linter can be disabled with `set_option linter.unusedTactic false`
warning: CGLMP5/ScalarDefs.lean:33:61: this tactic is never executed

Note: This linter can be disabled with `set_option linter.unreachableTactic false`
⚠ [2122/2122] Built CGLMP5.ScalarTableRow10 (52s)
warning: CGLMP5/ScalarTableRow10.lean:88:8: Unused tactic linter: `ring` does nothing

Note: This linter can be disabled with `set_option linter.unusedTactic false`
warning: CGLMP5/ScalarTableRow10.lean:136:8: Unused tactic linter: `ring` does nothing

Note: This linter can be disabled with `set_option linter.unusedTactic false`
warning: CGLMP5/ScalarTableRow10.lean:88:8: this tactic is never executed

Note: This linter can be disabled with `set_option linter.unreachableTactic false`
warning: CGLMP5/ScalarTableRow10.lean:136:8: this tactic is never executed

Note: This linter can be disabled with `set_option linter.unreachableTactic false`
warning: CGLMP5/ScalarTableRow10.lean:92:4: Used `tac1 <;> tac2` where `(tac1; tac2)` would suffice

Note: This linter can be disabled with `set_option linter.unnecessarySeqFocus false`
warning: CGLMP5/ScalarTableRow10.lean:96:4: Used `tac1 <;> tac2` where `(tac1; tac2)` would suffice

Note: This linter can be disabled with `set_option linter.unnecessarySeqFocus false`
warning: CGLMP5/ScalarTableRow10.lean:100:4: Used `tac1 <;> tac2` where `(tac1; tac2)` would suffice

Note: This linter can be disabled with `set_option linter.unnecessarySeqFocus false`
warning: CGLMP5/ScalarTableRow10.lean:104:4: Used `tac1 <;> tac2` where `(tac1; tac2)` would suffice

Note: This linter can be disabled with `set_option linter.unnecessarySeqFocus false`
warning: CGLMP5/ScalarTableRow10.lean:108:4: Used `tac1 <;> tac2` where `(tac1; tac2)` would suffice

Note: This linter can be disabled with `set_option linter.unnecessarySeqFocus false`
warning: CGLMP5/ScalarTableRow10.lean:112:4: Used `tac1 <;> tac2` where `(tac1; tac2)` would suffice

Note: This linter can be disabled with `set_option linter.unnecessarySeqFocus false`
warning: CGLMP5/ScalarTableRow10.lean:116:4: Used `tac1 <;> tac2` where `(tac1; tac2)` would suffice

Note: This linter can be disabled with `set_option linter.unnecessarySeqFocus false`
warning: CGLMP5/ScalarTableRow10.lean:120:4: Used `tac1 <;> tac2` where `(tac1; tac2)` would suffice

Note: This linter can be disabled with `set_option linter.unnecessarySeqFocus false`
warning: CGLMP5/ScalarTableRow10.lean:124:4: Used `tac1 <;> tac2` where `(tac1; tac2)` would suffice

Note: This linter can be disabled with `set_option linter.unnecessarySeqFocus false`
warning: CGLMP5/ScalarTableRow10.lean:128:4: Used `tac1 <;> tac2` where `(tac1; tac2)` would suffice

Note: This linter can be disabled with `set_option linter.unnecessarySeqFocus false`
warning: CGLMP5/ScalarTableRow10.lean:132:4: Used `tac1 <;> tac2` where `(tac1; tac2)` would suffice

Note: This linter can be disabled with `set_option linter.unnecessarySeqFocus false`
warning: CGLMP5/ScalarTableRow10.lean:140:4: Used `tac1 <;> tac2` where `(tac1; tac2)` would suffice

Note: This linter can be disabled with `set_option linter.unnecessarySeqFocus false`
warning: CGLMP5/ScalarTableRow10.lean:144:4: Used `tac1 <;> tac2` where `(tac1; tac2)` would suffice

Note: This linter can be disabled with `set_option linter.unnecessarySeqFocus false`
warning: CGLMP5/ScalarTableRow10.lean:148:4: Used `tac1 <;> tac2` where `(tac1; tac2)` would suffice

Note: This linter can be disabled with `set_option linter.unnecessarySeqFocus false`
warning: CGLMP5/ScalarTableRow10.lean:152:4: Used `tac1 <;> tac2` where `(tac1; tac2)` would suffice

Note: This linter can be disabled with `set_option linter.unnecessarySeqFocus false`
warning: CGLMP5/ScalarTableRow10.lean:156:4: Used `tac1 <;> tac2` where `(tac1; tac2)` would suffice

Note: This linter can be disabled with `set_option linter.unnecessarySeqFocus false`
warning: CGLMP5/ScalarTableRow10.lean:160:4: Used `tac1 <;> tac2` where `(tac1; tac2)` would suffice

Note: This linter can be disabled with `set_option linter.unnecessarySeqFocus false`
warning: CGLMP5/ScalarTableRow10.lean:164:4: Used `tac1 <;> tac2` where `(tac1; tac2)` would suffice

Note: This linter can be disabled with `set_option linter.unnecessarySeqFocus false`
warning: CGLMP5/ScalarTableRow10.lean:168:4: Used `tac1 <;> tac2` where `(tac1; tac2)` would suffice

Note: This linter can be disabled with `set_option linter.unnecessarySeqFocus false`
warning: CGLMP5/ScalarTableRow10.lean:172:4: Used `tac1 <;> tac2` where `(tac1; tac2)` would suffice

Note: This linter can be disabled with `set_option linter.unnecessarySeqFocus false`
warning: CGLMP5/ScalarTableRow10.lean:176:4: Used `tac1 <;> tac2` where `(tac1; tac2)` would suffice

Note: This linter can be disabled with `set_option linter.unnecessarySeqFocus false`
warning: CGLMP5/ScalarTableRow10.lean:180:4: Used `tac1 <;> tac2` where `(tac1; tac2)` would suffice

Note: This linter can be disabled with `set_option linter.unnecessarySeqFocus false`
Build completed successfully (2122 jobs).
END_ROW 10 STATUS 0 SECONDS 55.13903109599778 MAXRSS 2842932
START_ROW 11
[limited-build] ticket245 acquired slot1: lake build CGLMP5.ScalarTableRow11
⚠ [2119/2122] Replayed CGLMP5.Root
warning: CGLMP5/Root.lean:148:63: Used `tac1 <;> tac2` where `(tac1; tac2)` would suffice

Note: This linter can be disabled with `set_option linter.unnecessarySeqFocus false`
warning: CGLMP5/Root.lean:148:77: Used `tac1 <;> tac2` where `(tac1; tac2)` would suffice

Note: This linter can be disabled with `set_option linter.unnecessarySeqFocus false`
warning: CGLMP5/Root.lean:148:89: Used `tac1 <;> tac2` where `(tac1; tac2)` would suffice

Note: This linter can be disabled with `set_option linter.unnecessarySeqFocus false`
⚠ [2120/2122] Replayed CGLMP5.ScalarDefs
warning: CGLMP5/ScalarDefs.lean:33:61: Unused tactic linter: `ring` does nothing

Note: This linter can be disabled with `set_option linter.unusedTactic false`
warning: CGLMP5/ScalarDefs.lean:33:61: this tactic is never executed

Note: This linter can be disabled with `set_option linter.unreachableTactic false`
⚠ [2122/2122] Built CGLMP5.ScalarTableRow11 (50s)
warning: CGLMP5/ScalarTableRow11.lean:88:8: Unused tactic linter: `ring` does nothing

Note: This linter can be disabled with `set_option linter.unusedTactic false`
warning: CGLMP5/ScalarTableRow11.lean:136:8: Unused tactic linter: `ring` does nothing

Note: This linter can be disabled with `set_option linter.unusedTactic false`
warning: CGLMP5/ScalarTableRow11.lean:88:8: this tactic is never executed

Note: This linter can be disabled with `set_option linter.unreachableTactic false`
warning: CGLMP5/ScalarTableRow11.lean:136:8: this tactic is never executed

Note: This linter can be disabled with `set_option linter.unreachableTactic false`
warning: CGLMP5/ScalarTableRow11.lean:92:4: Used `tac1 <;> tac2` where `(tac1; tac2)` would suffice

Note: This linter can be disabled with `set_option linter.unnecessarySeqFocus false`
warning: CGLMP5/ScalarTableRow11.lean:96:4: Used `tac1 <;> tac2` where `(tac1; tac2)` would suffice

Note: This linter can be disabled with `set_option linter.unnecessarySeqFocus false`
warning: CGLMP5/ScalarTableRow11.lean:100:4: Used `tac1 <;> tac2` where `(tac1; tac2)` would suffice

Note: This linter can be disabled with `set_option linter.unnecessarySeqFocus false`
warning: CGLMP5/ScalarTableRow11.lean:104:4: Used `tac1 <;> tac2` where `(tac1; tac2)` would suffice

Note: This linter can be disabled with `set_option linter.unnecessarySeqFocus false`
warning: CGLMP5/ScalarTableRow11.lean:108:4: Used `tac1 <;> tac2` where `(tac1; tac2)` would suffice

Note: This linter can be disabled with `set_option linter.unnecessarySeqFocus false`
warning: CGLMP5/ScalarTableRow11.lean:112:4: Used `tac1 <;> tac2` where `(tac1; tac2)` would suffice

Note: This linter can be disabled with `set_option linter.unnecessarySeqFocus false`
warning: CGLMP5/ScalarTableRow11.lean:116:4: Used `tac1 <;> tac2` where `(tac1; tac2)` would suffice

Note: This linter can be disabled with `set_option linter.unnecessarySeqFocus false`
warning: CGLMP5/ScalarTableRow11.lean:120:4: Used `tac1 <;> tac2` where `(tac1; tac2)` would suffice

Note: This linter can be disabled with `set_option linter.unnecessarySeqFocus false`
warning: CGLMP5/ScalarTableRow11.lean:124:4: Used `tac1 <;> tac2` where `(tac1; tac2)` would suffice

Note: This linter can be disabled with `set_option linter.unnecessarySeqFocus false`
warning: CGLMP5/ScalarTableRow11.lean:128:4: Used `tac1 <;> tac2` where `(tac1; tac2)` would suffice

Note: This linter can be disabled with `set_option linter.unnecessarySeqFocus false`
warning: CGLMP5/ScalarTableRow11.lean:132:4: Used `tac1 <;> tac2` where `(tac1; tac2)` would suffice

Note: This linter can be disabled with `set_option linter.unnecessarySeqFocus false`
warning: CGLMP5/ScalarTableRow11.lean:140:4: Used `tac1 <;> tac2` where `(tac1; tac2)` would suffice

Note: This linter can be disabled with `set_option linter.unnecessarySeqFocus false`
warning: CGLMP5/ScalarTableRow11.lean:144:4: Used `tac1 <;> tac2` where `(tac1; tac2)` would suffice

Note: This linter can be disabled with `set_option linter.unnecessarySeqFocus false`
warning: CGLMP5/ScalarTableRow11.lean:148:4: Used `tac1 <;> tac2` where `(tac1; tac2)` would suffice

Note: This linter can be disabled with `set_option linter.unnecessarySeqFocus false`
warning: CGLMP5/ScalarTableRow11.lean:152:4: Used `tac1 <;> tac2` where `(tac1; tac2)` would suffice

Note: This linter can be disabled with `set_option linter.unnecessarySeqFocus false`
warning: CGLMP5/ScalarTableRow11.lean:156:4: Used `tac1 <;> tac2` where `(tac1; tac2)` would suffice

Note: This linter can be disabled with `set_option linter.unnecessarySeqFocus false`
warning: CGLMP5/ScalarTableRow11.lean:160:4: Used `tac1 <;> tac2` where `(tac1; tac2)` would suffice

Note: This linter can be disabled with `set_option linter.unnecessarySeqFocus false`
warning: CGLMP5/ScalarTableRow11.lean:164:4: Used `tac1 <;> tac2` where `(tac1; tac2)` would suffice

Note: This linter can be disabled with `set_option linter.unnecessarySeqFocus false`
warning: CGLMP5/ScalarTableRow11.lean:168:4: Used `tac1 <;> tac2` where `(tac1; tac2)` would suffice

Note: This linter can be disabled with `set_option linter.unnecessarySeqFocus false`
warning: CGLMP5/ScalarTableRow11.lean:172:4: Used `tac1 <;> tac2` where `(tac1; tac2)` would suffice

Note: This linter can be disabled with `set_option linter.unnecessarySeqFocus false`
warning: CGLMP5/ScalarTableRow11.lean:176:4: Used `tac1 <;> tac2` where `(tac1; tac2)` would suffice

Note: This linter can be disabled with `set_option linter.unnecessarySeqFocus false`
warning: CGLMP5/ScalarTableRow11.lean:180:4: Used `tac1 <;> tac2` where `(tac1; tac2)` would suffice

Note: This linter can be disabled with `set_option linter.unnecessarySeqFocus false`
Build completed successfully (2122 jobs).
END_ROW 11 STATUS 0 SECONDS 57.33673344999261 MAXRSS 2888164
START_ROW 12
[limited-build] ticket258 acquired slot1: lake build CGLMP5.ScalarTableRow12
⚠ [2119/2122] Replayed CGLMP5.Root
warning: CGLMP5/Root.lean:148:63: Used `tac1 <;> tac2` where `(tac1; tac2)` would suffice

Note: This linter can be disabled with `set_option linter.unnecessarySeqFocus false`
warning: CGLMP5/Root.lean:148:77: Used `tac1 <;> tac2` where `(tac1; tac2)` would suffice

Note: This linter can be disabled with `set_option linter.unnecessarySeqFocus false`
warning: CGLMP5/Root.lean:148:89: Used `tac1 <;> tac2` where `(tac1; tac2)` would suffice

Note: This linter can be disabled with `set_option linter.unnecessarySeqFocus false`
⚠ [2120/2122] Replayed CGLMP5.ScalarDefs
warning: CGLMP5/ScalarDefs.lean:33:61: Unused tactic linter: `ring` does nothing

Note: This linter can be disabled with `set_option linter.unusedTactic false`
warning: CGLMP5/ScalarDefs.lean:33:61: this tactic is never executed

Note: This linter can be disabled with `set_option linter.unreachableTactic false`
⚠ [2122/2122] Built CGLMP5.ScalarTableRow12 (49s)
warning: CGLMP5/ScalarTableRow12.lean:88:8: Unused tactic linter: `ring` does nothing

Note: This linter can be disabled with `set_option linter.unusedTactic false`
warning: CGLMP5/ScalarTableRow12.lean:136:8: Unused tactic linter: `linear_combination -(1) * Complex.I_sq` does nothing

Note: This linter can be disabled with `set_option linter.unusedTactic false`
warning: CGLMP5/ScalarTableRow12.lean:88:8: this tactic is never executed

Note: This linter can be disabled with `set_option linter.unreachableTactic false`
warning: CGLMP5/ScalarTableRow12.lean:136:8: this tactic is never executed

Note: This linter can be disabled with `set_option linter.unreachableTactic false`
warning: CGLMP5/ScalarTableRow12.lean:92:4: Used `tac1 <;> tac2` where `(tac1; tac2)` would suffice

Note: This linter can be disabled with `set_option linter.unnecessarySeqFocus false`
warning: CGLMP5/ScalarTableRow12.lean:96:4: Used `tac1 <;> tac2` where `(tac1; tac2)` would suffice

Note: This linter can be disabled with `set_option linter.unnecessarySeqFocus false`
warning: CGLMP5/ScalarTableRow12.lean:100:4: Used `tac1 <;> tac2` where `(tac1; tac2)` would suffice

Note: This linter can be disabled with `set_option linter.unnecessarySeqFocus false`
warning: CGLMP5/ScalarTableRow12.lean:104:4: Used `tac1 <;> tac2` where `(tac1; tac2)` would suffice

Note: This linter can be disabled with `set_option linter.unnecessarySeqFocus false`
warning: CGLMP5/ScalarTableRow12.lean:108:4: Used `tac1 <;> tac2` where `(tac1; tac2)` would suffice

Note: This linter can be disabled with `set_option linter.unnecessarySeqFocus false`
warning: CGLMP5/ScalarTableRow12.lean:112:4: Used `tac1 <;> tac2` where `(tac1; tac2)` would suffice

Note: This linter can be disabled with `set_option linter.unnecessarySeqFocus false`
warning: CGLMP5/ScalarTableRow12.lean:116:4: Used `tac1 <;> tac2` where `(tac1; tac2)` would suffice

Note: This linter can be disabled with `set_option linter.unnecessarySeqFocus false`
warning: CGLMP5/ScalarTableRow12.lean:120:4: Used `tac1 <;> tac2` where `(tac1; tac2)` would suffice

Note: This linter can be disabled with `set_option linter.unnecessarySeqFocus false`
warning: CGLMP5/ScalarTableRow12.lean:124:4: Used `tac1 <;> tac2` where `(tac1; tac2)` would suffice

Note: This linter can be disabled with `set_option linter.unnecessarySeqFocus false`
warning: CGLMP5/ScalarTableRow12.lean:128:4: Used `tac1 <;> tac2` where `(tac1; tac2)` would suffice

Note: This linter can be disabled with `set_option linter.unnecessarySeqFocus false`
warning: CGLMP5/ScalarTableRow12.lean:132:4: Used `tac1 <;> tac2` where `(tac1; tac2)` would suffice

Note: This linter can be disabled with `set_option linter.unnecessarySeqFocus false`
warning: CGLMP5/ScalarTableRow12.lean:140:4: Used `tac1 <;> tac2` where `(tac1; tac2)` would suffice

Note: This linter can be disabled with `set_option linter.unnecessarySeqFocus false`
warning: CGLMP5/ScalarTableRow12.lean:144:4: Used `tac1 <;> tac2` where `(tac1; tac2)` would suffice

Note: This linter can be disabled with `set_option linter.unnecessarySeqFocus false`
warning: CGLMP5/ScalarTableRow12.lean:148:4: Used `tac1 <;> tac2` where `(tac1; tac2)` would suffice

Note: This linter can be disabled with `set_option linter.unnecessarySeqFocus false`
warning: CGLMP5/ScalarTableRow12.lean:152:4: Used `tac1 <;> tac2` where `(tac1; tac2)` would suffice

Note: This linter can be disabled with `set_option linter.unnecessarySeqFocus false`
warning: CGLMP5/ScalarTableRow12.lean:156:4: Used `tac1 <;> tac2` where `(tac1; tac2)` would suffice

Note: This linter can be disabled with `set_option linter.unnecessarySeqFocus false`
warning: CGLMP5/ScalarTableRow12.lean:160:4: Used `tac1 <;> tac2` where `(tac1; tac2)` would suffice

Note: This linter can be disabled with `set_option linter.unnecessarySeqFocus false`
warning: CGLMP5/ScalarTableRow12.lean:164:4: Used `tac1 <;> tac2` where `(tac1; tac2)` would suffice

Note: This linter can be disabled with `set_option linter.unnecessarySeqFocus false`
warning: CGLMP5/ScalarTableRow12.lean:168:4: Used `tac1 <;> tac2` where `(tac1; tac2)` would suffice

Note: This linter can be disabled with `set_option linter.unnecessarySeqFocus false`
warning: CGLMP5/ScalarTableRow12.lean:172:4: Used `tac1 <;> tac2` where `(tac1; tac2)` would suffice

Note: This linter can be disabled with `set_option linter.unnecessarySeqFocus false`
warning: CGLMP5/ScalarTableRow12.lean:176:4: Used `tac1 <;> tac2` where `(tac1; tac2)` would suffice

Note: This linter can be disabled with `set_option linter.unnecessarySeqFocus false`
warning: CGLMP5/ScalarTableRow12.lean:180:4: Used `tac1 <;> tac2` where `(tac1; tac2)` would suffice

Note: This linter can be disabled with `set_option linter.unnecessarySeqFocus false`
Build completed successfully (2122 jobs).
END_ROW 12 STATUS 0 SECONDS 52.32148068299284 MAXRSS 2888164
START_ROW 13
[limited-build] ticket268 acquired slot1: lake build CGLMP5.ScalarTableRow13
⚠ [2119/2122] Replayed CGLMP5.Root
warning: CGLMP5/Root.lean:148:63: Used `tac1 <;> tac2` where `(tac1; tac2)` would suffice

Note: This linter can be disabled with `set_option linter.unnecessarySeqFocus false`
warning: CGLMP5/Root.lean:148:77: Used `tac1 <;> tac2` where `(tac1; tac2)` would suffice

Note: This linter can be disabled with `set_option linter.unnecessarySeqFocus false`
warning: CGLMP5/Root.lean:148:89: Used `tac1 <;> tac2` where `(tac1; tac2)` would suffice

Note: This linter can be disabled with `set_option linter.unnecessarySeqFocus false`
⚠ [2120/2122] Replayed CGLMP5.ScalarDefs
warning: CGLMP5/ScalarDefs.lean:33:61: Unused tactic linter: `ring` does nothing

Note: This linter can be disabled with `set_option linter.unusedTactic false`
warning: CGLMP5/ScalarDefs.lean:33:61: this tactic is never executed

Note: This linter can be disabled with `set_option linter.unreachableTactic false`
⚠ [2122/2122] Built CGLMP5.ScalarTableRow13 (51s)
warning: CGLMP5/ScalarTableRow13.lean:88:8: Unused tactic linter: `ring` does nothing

Note: This linter can be disabled with `set_option linter.unusedTactic false`
warning: CGLMP5/ScalarTableRow13.lean:88:8: this tactic is never executed

Note: This linter can be disabled with `set_option linter.unreachableTactic false`
warning: CGLMP5/ScalarTableRow13.lean:92:4: Used `tac1 <;> tac2` where `(tac1; tac2)` would suffice

Note: This linter can be disabled with `set_option linter.unnecessarySeqFocus false`
warning: CGLMP5/ScalarTableRow13.lean:96:4: Used `tac1 <;> tac2` where `(tac1; tac2)` would suffice

Note: This linter can be disabled with `set_option linter.unnecessarySeqFocus false`
warning: CGLMP5/ScalarTableRow13.lean:100:4: Used `tac1 <;> tac2` where `(tac1; tac2)` would suffice

Note: This linter can be disabled with `set_option linter.unnecessarySeqFocus false`
warning: CGLMP5/ScalarTableRow13.lean:104:4: Used `tac1 <;> tac2` where `(tac1; tac2)` would suffice

Note: This linter can be disabled with `set_option linter.unnecessarySeqFocus false`
warning: CGLMP5/ScalarTableRow13.lean:108:4: Used `tac1 <;> tac2` where `(tac1; tac2)` would suffice

Note: This linter can be disabled with `set_option linter.unnecessarySeqFocus false`
warning: CGLMP5/ScalarTableRow13.lean:112:4: Used `tac1 <;> tac2` where `(tac1; tac2)` would suffice

Note: This linter can be disabled with `set_option linter.unnecessarySeqFocus false`
warning: CGLMP5/ScalarTableRow13.lean:116:4: Used `tac1 <;> tac2` where `(tac1; tac2)` would suffice

Note: This linter can be disabled with `set_option linter.unnecessarySeqFocus false`
warning: CGLMP5/ScalarTableRow13.lean:120:4: Used `tac1 <;> tac2` where `(tac1; tac2)` would suffice

Note: This linter can be disabled with `set_option linter.unnecessarySeqFocus false`
warning: CGLMP5/ScalarTableRow13.lean:124:4: Used `tac1 <;> tac2` where `(tac1; tac2)` would suffice

Note: This linter can be disabled with `set_option linter.unnecessarySeqFocus false`
warning: CGLMP5/ScalarTableRow13.lean:128:4: Used `tac1 <;> tac2` where `(tac1; tac2)` would suffice

Note: This linter can be disabled with `set_option linter.unnecessarySeqFocus false`
warning: CGLMP5/ScalarTableRow13.lean:132:4: Used `tac1 <;> tac2` where `(tac1; tac2)` would suffice

Note: This linter can be disabled with `set_option linter.unnecessarySeqFocus false`
warning: CGLMP5/ScalarTableRow13.lean:136:4: Used `tac1 <;> tac2` where `(tac1; tac2)` would suffice

Note: This linter can be disabled with `set_option linter.unnecessarySeqFocus false`
warning: CGLMP5/ScalarTableRow13.lean:140:4: Used `tac1 <;> tac2` where `(tac1; tac2)` would suffice

Note: This linter can be disabled with `set_option linter.unnecessarySeqFocus false`
warning: CGLMP5/ScalarTableRow13.lean:144:4: Used `tac1 <;> tac2` where `(tac1; tac2)` would suffice

Note: This linter can be disabled with `set_option linter.unnecessarySeqFocus false`
warning: CGLMP5/ScalarTableRow13.lean:148:4: Used `tac1 <;> tac2` where `(tac1; tac2)` would suffice

Note: This linter can be disabled with `set_option linter.unnecessarySeqFocus false`
warning: CGLMP5/ScalarTableRow13.lean:152:4: Used `tac1 <;> tac2` where `(tac1; tac2)` would suffice

Note: This linter can be disabled with `set_option linter.unnecessarySeqFocus false`
warning: CGLMP5/ScalarTableRow13.lean:156:4: Used `tac1 <;> tac2` where `(tac1; tac2)` would suffice

Note: This linter can be disabled with `set_option linter.unnecessarySeqFocus false`
warning: CGLMP5/ScalarTableRow13.lean:160:4: Used `tac1 <;> tac2` where `(tac1; tac2)` would suffice

Note: This linter can be disabled with `set_option linter.unnecessarySeqFocus false`
warning: CGLMP5/ScalarTableRow13.lean:164:4: Used `tac1 <;> tac2` where `(tac1; tac2)` would suffice

Note: This linter can be disabled with `set_option linter.unnecessarySeqFocus false`
warning: CGLMP5/ScalarTableRow13.lean:168:4: Used `tac1 <;> tac2` where `(tac1; tac2)` would suffice

Note: This linter can be disabled with `set_option linter.unnecessarySeqFocus false`
warning: CGLMP5/ScalarTableRow13.lean:172:4: Used `tac1 <;> tac2` where `(tac1; tac2)` would suffice

Note: This linter can be disabled with `set_option linter.unnecessarySeqFocus false`
warning: CGLMP5/ScalarTableRow13.lean:176:4: Used `tac1 <;> tac2` where `(tac1; tac2)` would suffice

Note: This linter can be disabled with `set_option linter.unnecessarySeqFocus false`
warning: CGLMP5/ScalarTableRow13.lean:180:4: Used `tac1 <;> tac2` where `(tac1; tac2)` would suffice

Note: This linter can be disabled with `set_option linter.unnecessarySeqFocus false`
Build completed successfully (2122 jobs).
END_ROW 13 STATUS 0 SECONDS 57.45775684500404 MAXRSS 2888164
START_ROW 14
[limited-build] ticket279 acquired slot1: lake build CGLMP5.ScalarTableRow14
⚠ [2119/2122] Replayed CGLMP5.Root
warning: CGLMP5/Root.lean:148:63: Used `tac1 <;> tac2` where `(tac1; tac2)` would suffice

Note: This linter can be disabled with `set_option linter.unnecessarySeqFocus false`
warning: CGLMP5/Root.lean:148:77: Used `tac1 <;> tac2` where `(tac1; tac2)` would suffice

Note: This linter can be disabled with `set_option linter.unnecessarySeqFocus false`
warning: CGLMP5/Root.lean:148:89: Used `tac1 <;> tac2` where `(tac1; tac2)` would suffice

Note: This linter can be disabled with `set_option linter.unnecessarySeqFocus false`
⚠ [2120/2122] Replayed CGLMP5.ScalarDefs
warning: CGLMP5/ScalarDefs.lean:33:61: Unused tactic linter: `ring` does nothing

Note: This linter can be disabled with `set_option linter.unusedTactic false`
warning: CGLMP5/ScalarDefs.lean:33:61: this tactic is never executed

Note: This linter can be disabled with `set_option linter.unreachableTactic false`
⚠ [2122/2122] Built CGLMP5.ScalarTableRow14 (49s)
warning: CGLMP5/ScalarTableRow14.lean:88:8: Unused tactic linter: `ring` does nothing

Note: This linter can be disabled with `set_option linter.unusedTactic false`
warning: CGLMP5/ScalarTableRow14.lean:88:8: this tactic is never executed

Note: This linter can be disabled with `set_option linter.unreachableTactic false`
warning: CGLMP5/ScalarTableRow14.lean:92:4: Used `tac1 <;> tac2` where `(tac1; tac2)` would suffice

Note: This linter can be disabled with `set_option linter.unnecessarySeqFocus false`
warning: CGLMP5/ScalarTableRow14.lean:96:4: Used `tac1 <;> tac2` where `(tac1; tac2)` would suffice

Note: This linter can be disabled with `set_option linter.unnecessarySeqFocus false`
warning: CGLMP5/ScalarTableRow14.lean:100:4: Used `tac1 <;> tac2` where `(tac1; tac2)` would suffice

Note: This linter can be disabled with `set_option linter.unnecessarySeqFocus false`
warning: CGLMP5/ScalarTableRow14.lean:104:4: Used `tac1 <;> tac2` where `(tac1; tac2)` would suffice

Note: This linter can be disabled with `set_option linter.unnecessarySeqFocus false`
warning: CGLMP5/ScalarTableRow14.lean:108:4: Used `tac1 <;> tac2` where `(tac1; tac2)` would suffice

Note: This linter can be disabled with `set_option linter.unnecessarySeqFocus false`
warning: CGLMP5/ScalarTableRow14.lean:112:4: Used `tac1 <;> tac2` where `(tac1; tac2)` would suffice

Note: This linter can be disabled with `set_option linter.unnecessarySeqFocus false`
warning: CGLMP5/ScalarTableRow14.lean:116:4: Used `tac1 <;> tac2` where `(tac1; tac2)` would suffice

Note: This linter can be disabled with `set_option linter.unnecessarySeqFocus false`
warning: CGLMP5/ScalarTableRow14.lean:120:4: Used `tac1 <;> tac2` where `(tac1; tac2)` would suffice

Note: This linter can be disabled with `set_option linter.unnecessarySeqFocus false`
warning: CGLMP5/ScalarTableRow14.lean:124:4: Used `tac1 <;> tac2` where `(tac1; tac2)` would suffice

Note: This linter can be disabled with `set_option linter.unnecessarySeqFocus false`
warning: CGLMP5/ScalarTableRow14.lean:128:4: Used `tac1 <;> tac2` where `(tac1; tac2)` would suffice

Note: This linter can be disabled with `set_option linter.unnecessarySeqFocus false`
warning: CGLMP5/ScalarTableRow14.lean:132:4: Used `tac1 <;> tac2` where `(tac1; tac2)` would suffice

Note: This linter can be disabled with `set_option linter.unnecessarySeqFocus false`
warning: CGLMP5/ScalarTableRow14.lean:136:4: Used `tac1 <;> tac2` where `(tac1; tac2)` would suffice

Note: This linter can be disabled with `set_option linter.unnecessarySeqFocus false`
warning: CGLMP5/ScalarTableRow14.lean:140:4: Used `tac1 <;> tac2` where `(tac1; tac2)` would suffice

Note: This linter can be disabled with `set_option linter.unnecessarySeqFocus false`
warning: CGLMP5/ScalarTableRow14.lean:144:4: Used `tac1 <;> tac2` where `(tac1; tac2)` would suffice

Note: This linter can be disabled with `set_option linter.unnecessarySeqFocus false`
warning: CGLMP5/ScalarTableRow14.lean:148:4: Used `tac1 <;> tac2` where `(tac1; tac2)` would suffice

Note: This linter can be disabled with `set_option linter.unnecessarySeqFocus false`
warning: CGLMP5/ScalarTableRow14.lean:152:4: Used `tac1 <;> tac2` where `(tac1; tac2)` would suffice

Note: This linter can be disabled with `set_option linter.unnecessarySeqFocus false`
warning: CGLMP5/ScalarTableRow14.lean:156:4: Used `tac1 <;> tac2` where `(tac1; tac2)` would suffice

Note: This linter can be disabled with `set_option linter.unnecessarySeqFocus false`
warning: CGLMP5/ScalarTableRow14.lean:160:4: Used `tac1 <;> tac2` where `(tac1; tac2)` would suffice

Note: This linter can be disabled with `set_option linter.unnecessarySeqFocus false`
warning: CGLMP5/ScalarTableRow14.lean:164:4: Used `tac1 <;> tac2` where `(tac1; tac2)` would suffice

Note: This linter can be disabled with `set_option linter.unnecessarySeqFocus false`
warning: CGLMP5/ScalarTableRow14.lean:168:4: Used `tac1 <;> tac2` where `(tac1; tac2)` would suffice

Note: This linter can be disabled with `set_option linter.unnecessarySeqFocus false`
warning: CGLMP5/ScalarTableRow14.lean:172:4: Used `tac1 <;> tac2` where `(tac1; tac2)` would suffice

Note: This linter can be disabled with `set_option linter.unnecessarySeqFocus false`
warning: CGLMP5/ScalarTableRow14.lean:176:4: Used `tac1 <;> tac2` where `(tac1; tac2)` would suffice

Note: This linter can be disabled with `set_option linter.unnecessarySeqFocus false`
warning: CGLMP5/ScalarTableRow14.lean:180:4: Used `tac1 <;> tac2` where `(tac1; tac2)` would suffice

Note: This linter can be disabled with `set_option linter.unnecessarySeqFocus false`
Build completed successfully (2122 jobs).
END_ROW 14 STATUS 0 SECONDS 55.42070466799487 MAXRSS 2888164
START_ROW 15
[limited-build] ticket282 acquired slot0: lake build CGLMP5.ScalarTableRow15
⚠ [2119/2122] Replayed CGLMP5.Root
warning: CGLMP5/Root.lean:148:63: Used `tac1 <;> tac2` where `(tac1; tac2)` would suffice

Note: This linter can be disabled with `set_option linter.unnecessarySeqFocus false`
warning: CGLMP5/Root.lean:148:77: Used `tac1 <;> tac2` where `(tac1; tac2)` would suffice

Note: This linter can be disabled with `set_option linter.unnecessarySeqFocus false`
warning: CGLMP5/Root.lean:148:89: Used `tac1 <;> tac2` where `(tac1; tac2)` would suffice

Note: This linter can be disabled with `set_option linter.unnecessarySeqFocus false`
⚠ [2120/2122] Replayed CGLMP5.ScalarDefs
warning: CGLMP5/ScalarDefs.lean:33:61: Unused tactic linter: `ring` does nothing

Note: This linter can be disabled with `set_option linter.unusedTactic false`
warning: CGLMP5/ScalarDefs.lean:33:61: this tactic is never executed

Note: This linter can be disabled with `set_option linter.unreachableTactic false`
⚠ [2122/2122] Built CGLMP5.ScalarTableRow15 (49s)
warning: CGLMP5/ScalarTableRow15.lean:88:8: Unused tactic linter: `ring` does nothing

Note: This linter can be disabled with `set_option linter.unusedTactic false`
warning: CGLMP5/ScalarTableRow15.lean:88:8: this tactic is never executed

Note: This linter can be disabled with `set_option linter.unreachableTactic false`
warning: CGLMP5/ScalarTableRow15.lean:92:4: Used `tac1 <;> tac2` where `(tac1; tac2)` would suffice

Note: This linter can be disabled with `set_option linter.unnecessarySeqFocus false`
warning: CGLMP5/ScalarTableRow15.lean:96:4: Used `tac1 <;> tac2` where `(tac1; tac2)` would suffice

Note: This linter can be disabled with `set_option linter.unnecessarySeqFocus false`
warning: CGLMP5/ScalarTableRow15.lean:100:4: Used `tac1 <;> tac2` where `(tac1; tac2)` would suffice

Note: This linter can be disabled with `set_option linter.unnecessarySeqFocus false`
warning: CGLMP5/ScalarTableRow15.lean:104:4: Used `tac1 <;> tac2` where `(tac1; tac2)` would suffice

Note: This linter can be disabled with `set_option linter.unnecessarySeqFocus false`
warning: CGLMP5/ScalarTableRow15.lean:108:4: Used `tac1 <;> tac2` where `(tac1; tac2)` would suffice

Note: This linter can be disabled with `set_option linter.unnecessarySeqFocus false`
warning: CGLMP5/ScalarTableRow15.lean:112:4: Used `tac1 <;> tac2` where `(tac1; tac2)` would suffice

Note: This linter can be disabled with `set_option linter.unnecessarySeqFocus false`
warning: CGLMP5/ScalarTableRow15.lean:116:4: Used `tac1 <;> tac2` where `(tac1; tac2)` would suffice

Note: This linter can be disabled with `set_option linter.unnecessarySeqFocus false`
warning: CGLMP5/ScalarTableRow15.lean:120:4: Used `tac1 <;> tac2` where `(tac1; tac2)` would suffice

Note: This linter can be disabled with `set_option linter.unnecessarySeqFocus false`
warning: CGLMP5/ScalarTableRow15.lean:124:4: Used `tac1 <;> tac2` where `(tac1; tac2)` would suffice

Note: This linter can be disabled with `set_option linter.unnecessarySeqFocus false`
warning: CGLMP5/ScalarTableRow15.lean:128:4: Used `tac1 <;> tac2` where `(tac1; tac2)` would suffice

Note: This linter can be disabled with `set_option linter.unnecessarySeqFocus false`
warning: CGLMP5/ScalarTableRow15.lean:132:4: Used `tac1 <;> tac2` where `(tac1; tac2)` would suffice

Note: This linter can be disabled with `set_option linter.unnecessarySeqFocus false`
warning: CGLMP5/ScalarTableRow15.lean:136:4: Used `tac1 <;> tac2` where `(tac1; tac2)` would suffice

Note: This linter can be disabled with `set_option linter.unnecessarySeqFocus false`
warning: CGLMP5/ScalarTableRow15.lean:140:4: Used `tac1 <;> tac2` where `(tac1; tac2)` would suffice

Note: This linter can be disabled with `set_option linter.unnecessarySeqFocus false`
warning: CGLMP5/ScalarTableRow15.lean:144:4: Used `tac1 <;> tac2` where `(tac1; tac2)` would suffice

Note: This linter can be disabled with `set_option linter.unnecessarySeqFocus false`
warning: CGLMP5/ScalarTableRow15.lean:148:4: Used `tac1 <;> tac2` where `(tac1; tac2)` would suffice

Note: This linter can be disabled with `set_option linter.unnecessarySeqFocus false`
warning: CGLMP5/ScalarTableRow15.lean:152:4: Used `tac1 <;> tac2` where `(tac1; tac2)` would suffice

Note: This linter can be disabled with `set_option linter.unnecessarySeqFocus false`
warning: CGLMP5/ScalarTableRow15.lean:156:4: Used `tac1 <;> tac2` where `(tac1; tac2)` would suffice

Note: This linter can be disabled with `set_option linter.unnecessarySeqFocus false`
warning: CGLMP5/ScalarTableRow15.lean:160:4: Used `tac1 <;> tac2` where `(tac1; tac2)` would suffice

Note: This linter can be disabled with `set_option linter.unnecessarySeqFocus false`
warning: CGLMP5/ScalarTableRow15.lean:164:4: Used `tac1 <;> tac2` where `(tac1; tac2)` would suffice

Note: This linter can be disabled with `set_option linter.unnecessarySeqFocus false`
warning: CGLMP5/ScalarTableRow15.lean:168:4: Used `tac1 <;> tac2` where `(tac1; tac2)` would suffice

Note: This linter can be disabled with `set_option linter.unnecessarySeqFocus false`
warning: CGLMP5/ScalarTableRow15.lean:172:4: Used `tac1 <;> tac2` where `(tac1; tac2)` would suffice

Note: This linter can be disabled with `set_option linter.unnecessarySeqFocus false`
warning: CGLMP5/ScalarTableRow15.lean:176:4: Used `tac1 <;> tac2` where `(tac1; tac2)` would suffice

Note: This linter can be disabled with `set_option linter.unnecessarySeqFocus false`
warning: CGLMP5/ScalarTableRow15.lean:180:4: Used `tac1 <;> tac2` where `(tac1; tac2)` would suffice

Note: This linter can be disabled with `set_option linter.unnecessarySeqFocus false`
Build completed successfully (2122 jobs).
END_ROW 15 STATUS 0 SECONDS 65.72327838500496 MAXRSS 2888164
START_ROW 16
[limited-build] ticket293 acquired slot0: lake build CGLMP5.ScalarTableRow16
⚠ [2119/2122] Replayed CGLMP5.Root
warning: CGLMP5/Root.lean:148:63: Used `tac1 <;> tac2` where `(tac1; tac2)` would suffice

Note: This linter can be disabled with `set_option linter.unnecessarySeqFocus false`
warning: CGLMP5/Root.lean:148:77: Used `tac1 <;> tac2` where `(tac1; tac2)` would suffice

Note: This linter can be disabled with `set_option linter.unnecessarySeqFocus false`
warning: CGLMP5/Root.lean:148:89: Used `tac1 <;> tac2` where `(tac1; tac2)` would suffice

Note: This linter can be disabled with `set_option linter.unnecessarySeqFocus false`
⚠ [2120/2122] Replayed CGLMP5.ScalarDefs
warning: CGLMP5/ScalarDefs.lean:33:61: Unused tactic linter: `ring` does nothing

Note: This linter can be disabled with `set_option linter.unusedTactic false`
warning: CGLMP5/ScalarDefs.lean:33:61: this tactic is never executed

Note: This linter can be disabled with `set_option linter.unreachableTactic false`
⚠ [2122/2122] Built CGLMP5.ScalarTableRow16 (54s)
warning: CGLMP5/ScalarTableRow16.lean:88:8: Unused tactic linter: `ring` does nothing

Note: This linter can be disabled with `set_option linter.unusedTactic false`
warning: CGLMP5/ScalarTableRow16.lean:88:8: this tactic is never executed

Note: This linter can be disabled with `set_option linter.unreachableTactic false`
warning: CGLMP5/ScalarTableRow16.lean:92:4: Used `tac1 <;> tac2` where `(tac1; tac2)` would suffice

Note: This linter can be disabled with `set_option linter.unnecessarySeqFocus false`
warning: CGLMP5/ScalarTableRow16.lean:96:4: Used `tac1 <;> tac2` where `(tac1; tac2)` would suffice

Note: This linter can be disabled with `set_option linter.unnecessarySeqFocus false`
warning: CGLMP5/ScalarTableRow16.lean:100:4: Used `tac1 <;> tac2` where `(tac1; tac2)` would suffice

Note: This linter can be disabled with `set_option linter.unnecessarySeqFocus false`
warning: CGLMP5/ScalarTableRow16.lean:104:4: Used `tac1 <;> tac2` where `(tac1; tac2)` would suffice

Note: This linter can be disabled with `set_option linter.unnecessarySeqFocus false`
warning: CGLMP5/ScalarTableRow16.lean:108:4: Used `tac1 <;> tac2` where `(tac1; tac2)` would suffice

Note: This linter can be disabled with `set_option linter.unnecessarySeqFocus false`
warning: CGLMP5/ScalarTableRow16.lean:112:4: Used `tac1 <;> tac2` where `(tac1; tac2)` would suffice

Note: This linter can be disabled with `set_option linter.unnecessarySeqFocus false`
warning: CGLMP5/ScalarTableRow16.lean:116:4: Used `tac1 <;> tac2` where `(tac1; tac2)` would suffice

Note: This linter can be disabled with `set_option linter.unnecessarySeqFocus false`
warning: CGLMP5/ScalarTableRow16.lean:120:4: Used `tac1 <;> tac2` where `(tac1; tac2)` would suffice

Note: This linter can be disabled with `set_option linter.unnecessarySeqFocus false`
warning: CGLMP5/ScalarTableRow16.lean:124:4: Used `tac1 <;> tac2` where `(tac1; tac2)` would suffice

Note: This linter can be disabled with `set_option linter.unnecessarySeqFocus false`
warning: CGLMP5/ScalarTableRow16.lean:128:4: Used `tac1 <;> tac2` where `(tac1; tac2)` would suffice

Note: This linter can be disabled with `set_option linter.unnecessarySeqFocus false`
warning: CGLMP5/ScalarTableRow16.lean:132:4: Used `tac1 <;> tac2` where `(tac1; tac2)` would suffice

Note: This linter can be disabled with `set_option linter.unnecessarySeqFocus false`
warning: CGLMP5/ScalarTableRow16.lean:136:4: Used `tac1 <;> tac2` where `(tac1; tac2)` would suffice

Note: This linter can be disabled with `set_option linter.unnecessarySeqFocus false`
warning: CGLMP5/ScalarTableRow16.lean:140:4: Used `tac1 <;> tac2` where `(tac1; tac2)` would suffice

Note: This linter can be disabled with `set_option linter.unnecessarySeqFocus false`
warning: CGLMP5/ScalarTableRow16.lean:144:4: Used `tac1 <;> tac2` where `(tac1; tac2)` would suffice

Note: This linter can be disabled with `set_option linter.unnecessarySeqFocus false`
warning: CGLMP5/ScalarTableRow16.lean:148:4: Used `tac1 <;> tac2` where `(tac1; tac2)` would suffice

Note: This linter can be disabled with `set_option linter.unnecessarySeqFocus false`
warning: CGLMP5/ScalarTableRow16.lean:152:4: Used `tac1 <;> tac2` where `(tac1; tac2)` would suffice

Note: This linter can be disabled with `set_option linter.unnecessarySeqFocus false`
warning: CGLMP5/ScalarTableRow16.lean:156:4: Used `tac1 <;> tac2` where `(tac1; tac2)` would suffice

Note: This linter can be disabled with `set_option linter.unnecessarySeqFocus false`
warning: CGLMP5/ScalarTableRow16.lean:160:4: Used `tac1 <;> tac2` where `(tac1; tac2)` would suffice

Note: This linter can be disabled with `set_option linter.unnecessarySeqFocus false`
warning: CGLMP5/ScalarTableRow16.lean:164:4: Used `tac1 <;> tac2` where `(tac1; tac2)` would suffice

Note: This linter can be disabled with `set_option linter.unnecessarySeqFocus false`
warning: CGLMP5/ScalarTableRow16.lean:168:4: Used `tac1 <;> tac2` where `(tac1; tac2)` would suffice

Note: This linter can be disabled with `set_option linter.unnecessarySeqFocus false`
warning: CGLMP5/ScalarTableRow16.lean:172:4: Used `tac1 <;> tac2` where `(tac1; tac2)` would suffice

Note: This linter can be disabled with `set_option linter.unnecessarySeqFocus false`
warning: CGLMP5/ScalarTableRow16.lean:176:4: Used `tac1 <;> tac2` where `(tac1; tac2)` would suffice

Note: This linter can be disabled with `set_option linter.unnecessarySeqFocus false`
warning: CGLMP5/ScalarTableRow16.lean:180:4: Used `tac1 <;> tac2` where `(tac1; tac2)` would suffice

Note: This linter can be disabled with `set_option linter.unnecessarySeqFocus false`
Build completed successfully (2122 jobs).
END_ROW 16 STATUS 0 SECONDS 55.64071664000221 MAXRSS 2888164
START_ROW 17
[limited-build] ticket304 acquired slot0: lake build CGLMP5.ScalarTableRow17
⚠ [2119/2122] Replayed CGLMP5.Root
warning: CGLMP5/Root.lean:148:63: Used `tac1 <;> tac2` where `(tac1; tac2)` would suffice

Note: This linter can be disabled with `set_option linter.unnecessarySeqFocus false`
warning: CGLMP5/Root.lean:148:77: Used `tac1 <;> tac2` where `(tac1; tac2)` would suffice

Note: This linter can be disabled with `set_option linter.unnecessarySeqFocus false`
warning: CGLMP5/Root.lean:148:89: Used `tac1 <;> tac2` where `(tac1; tac2)` would suffice

Note: This linter can be disabled with `set_option linter.unnecessarySeqFocus false`
⚠ [2120/2122] Replayed CGLMP5.ScalarDefs
warning: CGLMP5/ScalarDefs.lean:33:61: Unused tactic linter: `ring` does nothing

Note: This linter can be disabled with `set_option linter.unusedTactic false`
warning: CGLMP5/ScalarDefs.lean:33:61: this tactic is never executed

Note: This linter can be disabled with `set_option linter.unreachableTactic false`
⚠ [2122/2122] Built CGLMP5.ScalarTableRow17 (56s)
warning: CGLMP5/ScalarTableRow17.lean:88:8: Unused tactic linter: `ring` does nothing

Note: This linter can be disabled with `set_option linter.unusedTactic false`
warning: CGLMP5/ScalarTableRow17.lean:88:8: this tactic is never executed

Note: This linter can be disabled with `set_option linter.unreachableTactic false`
warning: CGLMP5/ScalarTableRow17.lean:92:4: Used `tac1 <;> tac2` where `(tac1; tac2)` would suffice

Note: This linter can be disabled with `set_option linter.unnecessarySeqFocus false`
warning: CGLMP5/ScalarTableRow17.lean:96:4: Used `tac1 <;> tac2` where `(tac1; tac2)` would suffice

Note: This linter can be disabled with `set_option linter.unnecessarySeqFocus false`
warning: CGLMP5/ScalarTableRow17.lean:100:4: Used `tac1 <;> tac2` where `(tac1; tac2)` would suffice

Note: This linter can be disabled with `set_option linter.unnecessarySeqFocus false`
warning: CGLMP5/ScalarTableRow17.lean:104:4: Used `tac1 <;> tac2` where `(tac1; tac2)` would suffice

Note: This linter can be disabled with `set_option linter.unnecessarySeqFocus false`
warning: CGLMP5/ScalarTableRow17.lean:108:4: Used `tac1 <;> tac2` where `(tac1; tac2)` would suffice

Note: This linter can be disabled with `set_option linter.unnecessarySeqFocus false`
warning: CGLMP5/ScalarTableRow17.lean:112:4: Used `tac1 <;> tac2` where `(tac1; tac2)` would suffice

Note: This linter can be disabled with `set_option linter.unnecessarySeqFocus false`
warning: CGLMP5/ScalarTableRow17.lean:116:4: Used `tac1 <;> tac2` where `(tac1; tac2)` would suffice

Note: This linter can be disabled with `set_option linter.unnecessarySeqFocus false`
warning: CGLMP5/ScalarTableRow17.lean:120:4: Used `tac1 <;> tac2` where `(tac1; tac2)` would suffice

Note: This linter can be disabled with `set_option linter.unnecessarySeqFocus false`
warning: CGLMP5/ScalarTableRow17.lean:124:4: Used `tac1 <;> tac2` where `(tac1; tac2)` would suffice

Note: This linter can be disabled with `set_option linter.unnecessarySeqFocus false`
warning: CGLMP5/ScalarTableRow17.lean:128:4: Used `tac1 <;> tac2` where `(tac1; tac2)` would suffice

Note: This linter can be disabled with `set_option linter.unnecessarySeqFocus false`
warning: CGLMP5/ScalarTableRow17.lean:132:4: Used `tac1 <;> tac2` where `(tac1; tac2)` would suffice

Note: This linter can be disabled with `set_option linter.unnecessarySeqFocus false`
warning: CGLMP5/ScalarTableRow17.lean:136:4: Used `tac1 <;> tac2` where `(tac1; tac2)` would suffice

Note: This linter can be disabled with `set_option linter.unnecessarySeqFocus false`
warning: CGLMP5/ScalarTableRow17.lean:140:4: Used `tac1 <;> tac2` where `(tac1; tac2)` would suffice

Note: This linter can be disabled with `set_option linter.unnecessarySeqFocus false`
warning: CGLMP5/ScalarTableRow17.lean:144:4: Used `tac1 <;> tac2` where `(tac1; tac2)` would suffice

Note: This linter can be disabled with `set_option linter.unnecessarySeqFocus false`
warning: CGLMP5/ScalarTableRow17.lean:148:4: Used `tac1 <;> tac2` where `(tac1; tac2)` would suffice

Note: This linter can be disabled with `set_option linter.unnecessarySeqFocus false`
warning: CGLMP5/ScalarTableRow17.lean:152:4: Used `tac1 <;> tac2` where `(tac1; tac2)` would suffice

Note: This linter can be disabled with `set_option linter.unnecessarySeqFocus false`
warning: CGLMP5/ScalarTableRow17.lean:156:4: Used `tac1 <;> tac2` where `(tac1; tac2)` would suffice

Note: This linter can be disabled with `set_option linter.unnecessarySeqFocus false`
warning: CGLMP5/ScalarTableRow17.lean:160:4: Used `tac1 <;> tac2` where `(tac1; tac2)` would suffice

Note: This linter can be disabled with `set_option linter.unnecessarySeqFocus false`
warning: CGLMP5/ScalarTableRow17.lean:164:4: Used `tac1 <;> tac2` where `(tac1; tac2)` would suffice

Note: This linter can be disabled with `set_option linter.unnecessarySeqFocus false`
warning: CGLMP5/ScalarTableRow17.lean:168:4: Used `tac1 <;> tac2` where `(tac1; tac2)` would suffice

Note: This linter can be disabled with `set_option linter.unnecessarySeqFocus false`
warning: CGLMP5/ScalarTableRow17.lean:172:4: Used `tac1 <;> tac2` where `(tac1; tac2)` would suffice

Note: This linter can be disabled with `set_option linter.unnecessarySeqFocus false`
warning: CGLMP5/ScalarTableRow17.lean:176:4: Used `tac1 <;> tac2` where `(tac1; tac2)` would suffice

Note: This linter can be disabled with `set_option linter.unnecessarySeqFocus false`
warning: CGLMP5/ScalarTableRow17.lean:180:4: Used `tac1 <;> tac2` where `(tac1; tac2)` would suffice

Note: This linter can be disabled with `set_option linter.unnecessarySeqFocus false`
Build completed successfully (2122 jobs).
END_ROW 17 STATUS 0 SECONDS 60.62534868301009 MAXRSS 2888164
START_ROW 18
[limited-build] ticket316 acquired slot0: lake build CGLMP5.ScalarTableRow18
⚠ [2119/2122] Replayed CGLMP5.Root
warning: CGLMP5/Root.lean:148:63: Used `tac1 <;> tac2` where `(tac1; tac2)` would suffice

Note: This linter can be disabled with `set_option linter.unnecessarySeqFocus false`
warning: CGLMP5/Root.lean:148:77: Used `tac1 <;> tac2` where `(tac1; tac2)` would suffice

Note: This linter can be disabled with `set_option linter.unnecessarySeqFocus false`
warning: CGLMP5/Root.lean:148:89: Used `tac1 <;> tac2` where `(tac1; tac2)` would suffice

Note: This linter can be disabled with `set_option linter.unnecessarySeqFocus false`
⚠ [2120/2122] Replayed CGLMP5.ScalarDefs
warning: CGLMP5/ScalarDefs.lean:33:61: Unused tactic linter: `ring` does nothing

Note: This linter can be disabled with `set_option linter.unusedTactic false`
warning: CGLMP5/ScalarDefs.lean:33:61: this tactic is never executed

Note: This linter can be disabled with `set_option linter.unreachableTactic false`
⚠ [2122/2122] Built CGLMP5.ScalarTableRow18 (52s)
warning: CGLMP5/ScalarTableRow18.lean:88:8: Unused tactic linter: `ring` does nothing

Note: This linter can be disabled with `set_option linter.unusedTactic false`
warning: CGLMP5/ScalarTableRow18.lean:88:8: this tactic is never executed

Note: This linter can be disabled with `set_option linter.unreachableTactic false`
warning: CGLMP5/ScalarTableRow18.lean:92:4: Used `tac1 <;> tac2` where `(tac1; tac2)` would suffice

Note: This linter can be disabled with `set_option linter.unnecessarySeqFocus false`
warning: CGLMP5/ScalarTableRow18.lean:96:4: Used `tac1 <;> tac2` where `(tac1; tac2)` would suffice

Note: This linter can be disabled with `set_option linter.unnecessarySeqFocus false`
warning: CGLMP5/ScalarTableRow18.lean:100:4: Used `tac1 <;> tac2` where `(tac1; tac2)` would suffice

Note: This linter can be disabled with `set_option linter.unnecessarySeqFocus false`
warning: CGLMP5/ScalarTableRow18.lean:104:4: Used `tac1 <;> tac2` where `(tac1; tac2)` would suffice

Note: This linter can be disabled with `set_option linter.unnecessarySeqFocus false`
warning: CGLMP5/ScalarTableRow18.lean:108:4: Used `tac1 <;> tac2` where `(tac1; tac2)` would suffice

Note: This linter can be disabled with `set_option linter.unnecessarySeqFocus false`
warning: CGLMP5/ScalarTableRow18.lean:112:4: Used `tac1 <;> tac2` where `(tac1; tac2)` would suffice

Note: This linter can be disabled with `set_option linter.unnecessarySeqFocus false`
warning: CGLMP5/ScalarTableRow18.lean:116:4: Used `tac1 <;> tac2` where `(tac1; tac2)` would suffice

Note: This linter can be disabled with `set_option linter.unnecessarySeqFocus false`
warning: CGLMP5/ScalarTableRow18.lean:120:4: Used `tac1 <;> tac2` where `(tac1; tac2)` would suffice

Note: This linter can be disabled with `set_option linter.unnecessarySeqFocus false`
warning: CGLMP5/ScalarTableRow18.lean:124:4: Used `tac1 <;> tac2` where `(tac1; tac2)` would suffice

Note: This linter can be disabled with `set_option linter.unnecessarySeqFocus false`
warning: CGLMP5/ScalarTableRow18.lean:128:4: Used `tac1 <;> tac2` where `(tac1; tac2)` would suffice

Note: This linter can be disabled with `set_option linter.unnecessarySeqFocus false`
warning: CGLMP5/ScalarTableRow18.lean:132:4: Used `tac1 <;> tac2` where `(tac1; tac2)` would suffice

Note: This linter can be disabled with `set_option linter.unnecessarySeqFocus false`
warning: CGLMP5/ScalarTableRow18.lean:136:4: Used `tac1 <;> tac2` where `(tac1; tac2)` would suffice

Note: This linter can be disabled with `set_option linter.unnecessarySeqFocus false`
warning: CGLMP5/ScalarTableRow18.lean:140:4: Used `tac1 <;> tac2` where `(tac1; tac2)` would suffice

Note: This linter can be disabled with `set_option linter.unnecessarySeqFocus false`
warning: CGLMP5/ScalarTableRow18.lean:144:4: Used `tac1 <;> tac2` where `(tac1; tac2)` would suffice

Note: This linter can be disabled with `set_option linter.unnecessarySeqFocus false`
warning: CGLMP5/ScalarTableRow18.lean:148:4: Used `tac1 <;> tac2` where `(tac1; tac2)` would suffice

Note: This linter can be disabled with `set_option linter.unnecessarySeqFocus false`
warning: CGLMP5/ScalarTableRow18.lean:152:4: Used `tac1 <;> tac2` where `(tac1; tac2)` would suffice

Note: This linter can be disabled with `set_option linter.unnecessarySeqFocus false`
warning: CGLMP5/ScalarTableRow18.lean:156:4: Used `tac1 <;> tac2` where `(tac1; tac2)` would suffice

Note: This linter can be disabled with `set_option linter.unnecessarySeqFocus false`
warning: CGLMP5/ScalarTableRow18.lean:160:4: Used `tac1 <;> tac2` where `(tac1; tac2)` would suffice

Note: This linter can be disabled with `set_option linter.unnecessarySeqFocus false`
warning: CGLMP5/ScalarTableRow18.lean:164:4: Used `tac1 <;> tac2` where `(tac1; tac2)` would suffice

Note: This linter can be disabled with `set_option linter.unnecessarySeqFocus false`
warning: CGLMP5/ScalarTableRow18.lean:168:4: Used `tac1 <;> tac2` where `(tac1; tac2)` would suffice

Note: This linter can be disabled with `set_option linter.unnecessarySeqFocus false`
warning: CGLMP5/ScalarTableRow18.lean:172:4: Used `tac1 <;> tac2` where `(tac1; tac2)` would suffice

Note: This linter can be disabled with `set_option linter.unnecessarySeqFocus false`
warning: CGLMP5/ScalarTableRow18.lean:176:4: Used `tac1 <;> tac2` where `(tac1; tac2)` would suffice

Note: This linter can be disabled with `set_option linter.unnecessarySeqFocus false`
warning: CGLMP5/ScalarTableRow18.lean:180:4: Used `tac1 <;> tac2` where `(tac1; tac2)` would suffice

Note: This linter can be disabled with `set_option linter.unnecessarySeqFocus false`
Build completed successfully (2122 jobs).
END_ROW 18 STATUS 0 SECONDS 55.99929587000224 MAXRSS 2888164
START_ROW 19
[limited-build] ticket324 acquired slot0: lake build CGLMP5.ScalarTableRow19
⚠ [2119/2122] Replayed CGLMP5.Root
warning: CGLMP5/Root.lean:148:63: Used `tac1 <;> tac2` where `(tac1; tac2)` would suffice

Note: This linter can be disabled with `set_option linter.unnecessarySeqFocus false`
warning: CGLMP5/Root.lean:148:77: Used `tac1 <;> tac2` where `(tac1; tac2)` would suffice

Note: This linter can be disabled with `set_option linter.unnecessarySeqFocus false`
warning: CGLMP5/Root.lean:148:89: Used `tac1 <;> tac2` where `(tac1; tac2)` would suffice

Note: This linter can be disabled with `set_option linter.unnecessarySeqFocus false`
⚠ [2120/2122] Replayed CGLMP5.ScalarDefs
warning: CGLMP5/ScalarDefs.lean:33:61: Unused tactic linter: `ring` does nothing

Note: This linter can be disabled with `set_option linter.unusedTactic false`
warning: CGLMP5/ScalarDefs.lean:33:61: this tactic is never executed

Note: This linter can be disabled with `set_option linter.unreachableTactic false`
⚠ [2122/2122] Built CGLMP5.ScalarTableRow19 (50s)
warning: CGLMP5/ScalarTableRow19.lean:88:8: Unused tactic linter: `ring` does nothing

Note: This linter can be disabled with `set_option linter.unusedTactic false`
warning: CGLMP5/ScalarTableRow19.lean:88:8: this tactic is never executed

Note: This linter can be disabled with `set_option linter.unreachableTactic false`
warning: CGLMP5/ScalarTableRow19.lean:92:4: Used `tac1 <;> tac2` where `(tac1; tac2)` would suffice

Note: This linter can be disabled with `set_option linter.unnecessarySeqFocus false`
warning: CGLMP5/ScalarTableRow19.lean:96:4: Used `tac1 <;> tac2` where `(tac1; tac2)` would suffice

Note: This linter can be disabled with `set_option linter.unnecessarySeqFocus false`
warning: CGLMP5/ScalarTableRow19.lean:100:4: Used `tac1 <;> tac2` where `(tac1; tac2)` would suffice

Note: This linter can be disabled with `set_option linter.unnecessarySeqFocus false`
warning: CGLMP5/ScalarTableRow19.lean:104:4: Used `tac1 <;> tac2` where `(tac1; tac2)` would suffice

Note: This linter can be disabled with `set_option linter.unnecessarySeqFocus false`
warning: CGLMP5/ScalarTableRow19.lean:108:4: Used `tac1 <;> tac2` where `(tac1; tac2)` would suffice

Note: This linter can be disabled with `set_option linter.unnecessarySeqFocus false`
warning: CGLMP5/ScalarTableRow19.lean:112:4: Used `tac1 <;> tac2` where `(tac1; tac2)` would suffice

Note: This linter can be disabled with `set_option linter.unnecessarySeqFocus false`
warning: CGLMP5/ScalarTableRow19.lean:116:4: Used `tac1 <;> tac2` where `(tac1; tac2)` would suffice

Note: This linter can be disabled with `set_option linter.unnecessarySeqFocus false`
warning: CGLMP5/ScalarTableRow19.lean:120:4: Used `tac1 <;> tac2` where `(tac1; tac2)` would suffice

Note: This linter can be disabled with `set_option linter.unnecessarySeqFocus false`
warning: CGLMP5/ScalarTableRow19.lean:124:4: Used `tac1 <;> tac2` where `(tac1; tac2)` would suffice

Note: This linter can be disabled with `set_option linter.unnecessarySeqFocus false`
warning: CGLMP5/ScalarTableRow19.lean:128:4: Used `tac1 <;> tac2` where `(tac1; tac2)` would suffice

Note: This linter can be disabled with `set_option linter.unnecessarySeqFocus false`
warning: CGLMP5/ScalarTableRow19.lean:132:4: Used `tac1 <;> tac2` where `(tac1; tac2)` would suffice

Note: This linter can be disabled with `set_option linter.unnecessarySeqFocus false`
warning: CGLMP5/ScalarTableRow19.lean:136:4: Used `tac1 <;> tac2` where `(tac1; tac2)` would suffice

Note: This linter can be disabled with `set_option linter.unnecessarySeqFocus false`
warning: CGLMP5/ScalarTableRow19.lean:140:4: Used `tac1 <;> tac2` where `(tac1; tac2)` would suffice

Note: This linter can be disabled with `set_option linter.unnecessarySeqFocus false`
warning: CGLMP5/ScalarTableRow19.lean:144:4: Used `tac1 <;> tac2` where `(tac1; tac2)` would suffice

Note: This linter can be disabled with `set_option linter.unnecessarySeqFocus false`
warning: CGLMP5/ScalarTableRow19.lean:148:4: Used `tac1 <;> tac2` where `(tac1; tac2)` would suffice

Note: This linter can be disabled with `set_option linter.unnecessarySeqFocus false`
warning: CGLMP5/ScalarTableRow19.lean:152:4: Used `tac1 <;> tac2` where `(tac1; tac2)` would suffice

Note: This linter can be disabled with `set_option linter.unnecessarySeqFocus false`
warning: CGLMP5/ScalarTableRow19.lean:156:4: Used `tac1 <;> tac2` where `(tac1; tac2)` would suffice

Note: This linter can be disabled with `set_option linter.unnecessarySeqFocus false`
warning: CGLMP5/ScalarTableRow19.lean:160:4: Used `tac1 <;> tac2` where `(tac1; tac2)` would suffice

Note: This linter can be disabled with `set_option linter.unnecessarySeqFocus false`
warning: CGLMP5/ScalarTableRow19.lean:164:4: Used `tac1 <;> tac2` where `(tac1; tac2)` would suffice

Note: This linter can be disabled with `set_option linter.unnecessarySeqFocus false`
warning: CGLMP5/ScalarTableRow19.lean:168:4: Used `tac1 <;> tac2` where `(tac1; tac2)` would suffice

Note: This linter can be disabled with `set_option linter.unnecessarySeqFocus false`
warning: CGLMP5/ScalarTableRow19.lean:172:4: Used `tac1 <;> tac2` where `(tac1; tac2)` would suffice

Note: This linter can be disabled with `set_option linter.unnecessarySeqFocus false`
warning: CGLMP5/ScalarTableRow19.lean:176:4: Used `tac1 <;> tac2` where `(tac1; tac2)` would suffice

Note: This linter can be disabled with `set_option linter.unnecessarySeqFocus false`
warning: CGLMP5/ScalarTableRow19.lean:180:4: Used `tac1 <;> tac2` where `(tac1; tac2)` would suffice

Note: This linter can be disabled with `set_option linter.unnecessarySeqFocus false`
Build completed successfully (2122 jobs).
END_ROW 19 STATUS 0 SECONDS 52.07165828299185 MAXRSS 2888164
START_ROW 20
[limited-build] ticket337 acquired slot0: lake build CGLMP5.ScalarTableRow20
⚠ [2119/2122] Replayed CGLMP5.Root
warning: CGLMP5/Root.lean:148:63: Used `tac1 <;> tac2` where `(tac1; tac2)` would suffice

Note: This linter can be disabled with `set_option linter.unnecessarySeqFocus false`
warning: CGLMP5/Root.lean:148:77: Used `tac1 <;> tac2` where `(tac1; tac2)` would suffice

Note: This linter can be disabled with `set_option linter.unnecessarySeqFocus false`
warning: CGLMP5/Root.lean:148:89: Used `tac1 <;> tac2` where `(tac1; tac2)` would suffice

Note: This linter can be disabled with `set_option linter.unnecessarySeqFocus false`
⚠ [2120/2122] Replayed CGLMP5.ScalarDefs
warning: CGLMP5/ScalarDefs.lean:33:61: Unused tactic linter: `ring` does nothing

Note: This linter can be disabled with `set_option linter.unusedTactic false`
warning: CGLMP5/ScalarDefs.lean:33:61: this tactic is never executed

Note: This linter can be disabled with `set_option linter.unreachableTactic false`
⚠ [2122/2122] Built CGLMP5.ScalarTableRow20 (53s)
warning: CGLMP5/ScalarTableRow20.lean:88:8: Unused tactic linter: `ring` does nothing

Note: This linter can be disabled with `set_option linter.unusedTactic false`
warning: CGLMP5/ScalarTableRow20.lean:88:8: this tactic is never executed

Note: This linter can be disabled with `set_option linter.unreachableTactic false`
warning: CGLMP5/ScalarTableRow20.lean:92:4: Used `tac1 <;> tac2` where `(tac1; tac2)` would suffice

Note: This linter can be disabled with `set_option linter.unnecessarySeqFocus false`
warning: CGLMP5/ScalarTableRow20.lean:96:4: Used `tac1 <;> tac2` where `(tac1; tac2)` would suffice

Note: This linter can be disabled with `set_option linter.unnecessarySeqFocus false`
warning: CGLMP5/ScalarTableRow20.lean:100:4: Used `tac1 <;> tac2` where `(tac1; tac2)` would suffice

Note: This linter can be disabled with `set_option linter.unnecessarySeqFocus false`
warning: CGLMP5/ScalarTableRow20.lean:104:4: Used `tac1 <;> tac2` where `(tac1; tac2)` would suffice

Note: This linter can be disabled with `set_option linter.unnecessarySeqFocus false`
warning: CGLMP5/ScalarTableRow20.lean:108:4: Used `tac1 <;> tac2` where `(tac1; tac2)` would suffice

Note: This linter can be disabled with `set_option linter.unnecessarySeqFocus false`
warning: CGLMP5/ScalarTableRow20.lean:112:4: Used `tac1 <;> tac2` where `(tac1; tac2)` would suffice

Note: This linter can be disabled with `set_option linter.unnecessarySeqFocus false`
warning: CGLMP5/ScalarTableRow20.lean:116:4: Used `tac1 <;> tac2` where `(tac1; tac2)` would suffice

Note: This linter can be disabled with `set_option linter.unnecessarySeqFocus false`
warning: CGLMP5/ScalarTableRow20.lean:120:4: Used `tac1 <;> tac2` where `(tac1; tac2)` would suffice

Note: This linter can be disabled with `set_option linter.unnecessarySeqFocus false`
warning: CGLMP5/ScalarTableRow20.lean:124:4: Used `tac1 <;> tac2` where `(tac1; tac2)` would suffice

Note: This linter can be disabled with `set_option linter.unnecessarySeqFocus false`
warning: CGLMP5/ScalarTableRow20.lean:128:4: Used `tac1 <;> tac2` where `(tac1; tac2)` would suffice

Note: This linter can be disabled with `set_option linter.unnecessarySeqFocus false`
warning: CGLMP5/ScalarTableRow20.lean:132:4: Used `tac1 <;> tac2` where `(tac1; tac2)` would suffice

Note: This linter can be disabled with `set_option linter.unnecessarySeqFocus false`
warning: CGLMP5/ScalarTableRow20.lean:136:4: Used `tac1 <;> tac2` where `(tac1; tac2)` would suffice

Note: This linter can be disabled with `set_option linter.unnecessarySeqFocus false`
warning: CGLMP5/ScalarTableRow20.lean:140:4: Used `tac1 <;> tac2` where `(tac1; tac2)` would suffice

Note: This linter can be disabled with `set_option linter.unnecessarySeqFocus false`
warning: CGLMP5/ScalarTableRow20.lean:144:4: Used `tac1 <;> tac2` where `(tac1; tac2)` would suffice

Note: This linter can be disabled with `set_option linter.unnecessarySeqFocus false`
warning: CGLMP5/ScalarTableRow20.lean:148:4: Used `tac1 <;> tac2` where `(tac1; tac2)` would suffice

Note: This linter can be disabled with `set_option linter.unnecessarySeqFocus false`
warning: CGLMP5/ScalarTableRow20.lean:152:4: Used `tac1 <;> tac2` where `(tac1; tac2)` would suffice

Note: This linter can be disabled with `set_option linter.unnecessarySeqFocus false`
warning: CGLMP5/ScalarTableRow20.lean:156:4: Used `tac1 <;> tac2` where `(tac1; tac2)` would suffice

Note: This linter can be disabled with `set_option linter.unnecessarySeqFocus false`
warning: CGLMP5/ScalarTableRow20.lean:160:4: Used `tac1 <;> tac2` where `(tac1; tac2)` would suffice

Note: This linter can be disabled with `set_option linter.unnecessarySeqFocus false`
warning: CGLMP5/ScalarTableRow20.lean:164:4: Used `tac1 <;> tac2` where `(tac1; tac2)` would suffice

Note: This linter can be disabled with `set_option linter.unnecessarySeqFocus false`
warning: CGLMP5/ScalarTableRow20.lean:168:4: Used `tac1 <;> tac2` where `(tac1; tac2)` would suffice

Note: This linter can be disabled with `set_option linter.unnecessarySeqFocus false`
warning: CGLMP5/ScalarTableRow20.lean:172:4: Used `tac1 <;> tac2` where `(tac1; tac2)` would suffice

Note: This linter can be disabled with `set_option linter.unnecessarySeqFocus false`
warning: CGLMP5/ScalarTableRow20.lean:176:4: Used `tac1 <;> tac2` where `(tac1; tac2)` would suffice

Note: This linter can be disabled with `set_option linter.unnecessarySeqFocus false`
warning: CGLMP5/ScalarTableRow20.lean:180:4: Used `tac1 <;> tac2` where `(tac1; tac2)` would suffice

Note: This linter can be disabled with `set_option linter.unnecessarySeqFocus false`
Build completed successfully (2122 jobs).
END_ROW 20 STATUS 0 SECONDS 55.50558781498694 MAXRSS 2896596
START_ROW 21
[limited-build] ticket368 acquired slot0: lake build CGLMP5.ScalarTableRow21
⚠ [2119/2122] Replayed CGLMP5.Root
warning: CGLMP5/Root.lean:148:63: Used `tac1 <;> tac2` where `(tac1; tac2)` would suffice

Note: This linter can be disabled with `set_option linter.unnecessarySeqFocus false`
warning: CGLMP5/Root.lean:148:77: Used `tac1 <;> tac2` where `(tac1; tac2)` would suffice

Note: This linter can be disabled with `set_option linter.unnecessarySeqFocus false`
warning: CGLMP5/Root.lean:148:89: Used `tac1 <;> tac2` where `(tac1; tac2)` would suffice

Note: This linter can be disabled with `set_option linter.unnecessarySeqFocus false`
⚠ [2120/2122] Replayed CGLMP5.ScalarDefs
warning: CGLMP5/ScalarDefs.lean:33:61: Unused tactic linter: `ring` does nothing

Note: This linter can be disabled with `set_option linter.unusedTactic false`
warning: CGLMP5/ScalarDefs.lean:33:61: this tactic is never executed

Note: This linter can be disabled with `set_option linter.unreachableTactic false`
⚠ [2122/2122] Built CGLMP5.ScalarTableRow21 (50s)
warning: CGLMP5/ScalarTableRow21.lean:88:8: Unused tactic linter: `ring` does nothing

Note: This linter can be disabled with `set_option linter.unusedTactic false`
warning: CGLMP5/ScalarTableRow21.lean:88:8: this tactic is never executed

Note: This linter can be disabled with `set_option linter.unreachableTactic false`
warning: CGLMP5/ScalarTableRow21.lean:92:4: Used `tac1 <;> tac2` where `(tac1; tac2)` would suffice

Note: This linter can be disabled with `set_option linter.unnecessarySeqFocus false`
warning: CGLMP5/ScalarTableRow21.lean:96:4: Used `tac1 <;> tac2` where `(tac1; tac2)` would suffice

Note: This linter can be disabled with `set_option linter.unnecessarySeqFocus false`
warning: CGLMP5/ScalarTableRow21.lean:100:4: Used `tac1 <;> tac2` where `(tac1; tac2)` would suffice

Note: This linter can be disabled with `set_option linter.unnecessarySeqFocus false`
warning: CGLMP5/ScalarTableRow21.lean:104:4: Used `tac1 <;> tac2` where `(tac1; tac2)` would suffice

Note: This linter can be disabled with `set_option linter.unnecessarySeqFocus false`
warning: CGLMP5/ScalarTableRow21.lean:108:4: Used `tac1 <;> tac2` where `(tac1; tac2)` would suffice

Note: This linter can be disabled with `set_option linter.unnecessarySeqFocus false`
warning: CGLMP5/ScalarTableRow21.lean:112:4: Used `tac1 <;> tac2` where `(tac1; tac2)` would suffice

Note: This linter can be disabled with `set_option linter.unnecessarySeqFocus false`
warning: CGLMP5/ScalarTableRow21.lean:116:4: Used `tac1 <;> tac2` where `(tac1; tac2)` would suffice

Note: This linter can be disabled with `set_option linter.unnecessarySeqFocus false`
warning: CGLMP5/ScalarTableRow21.lean:120:4: Used `tac1 <;> tac2` where `(tac1; tac2)` would suffice

Note: This linter can be disabled with `set_option linter.unnecessarySeqFocus false`
warning: CGLMP5/ScalarTableRow21.lean:124:4: Used `tac1 <;> tac2` where `(tac1; tac2)` would suffice

Note: This linter can be disabled with `set_option linter.unnecessarySeqFocus false`
warning: CGLMP5/ScalarTableRow21.lean:128:4: Used `tac1 <;> tac2` where `(tac1; tac2)` would suffice

Note: This linter can be disabled with `set_option linter.unnecessarySeqFocus false`
warning: CGLMP5/ScalarTableRow21.lean:132:4: Used `tac1 <;> tac2` where `(tac1; tac2)` would suffice

Note: This linter can be disabled with `set_option linter.unnecessarySeqFocus false`
warning: CGLMP5/ScalarTableRow21.lean:136:4: Used `tac1 <;> tac2` where `(tac1; tac2)` would suffice

Note: This linter can be disabled with `set_option linter.unnecessarySeqFocus false`
warning: CGLMP5/ScalarTableRow21.lean:140:4: Used `tac1 <;> tac2` where `(tac1; tac2)` would suffice

Note: This linter can be disabled with `set_option linter.unnecessarySeqFocus false`
warning: CGLMP5/ScalarTableRow21.lean:144:4: Used `tac1 <;> tac2` where `(tac1; tac2)` would suffice

Note: This linter can be disabled with `set_option linter.unnecessarySeqFocus false`
warning: CGLMP5/ScalarTableRow21.lean:148:4: Used `tac1 <;> tac2` where `(tac1; tac2)` would suffice

Note: This linter can be disabled with `set_option linter.unnecessarySeqFocus false`
warning: CGLMP5/ScalarTableRow21.lean:152:4: Used `tac1 <;> tac2` where `(tac1; tac2)` would suffice

Note: This linter can be disabled with `set_option linter.unnecessarySeqFocus false`
warning: CGLMP5/ScalarTableRow21.lean:156:4: Used `tac1 <;> tac2` where `(tac1; tac2)` would suffice

Note: This linter can be disabled with `set_option linter.unnecessarySeqFocus false`
warning: CGLMP5/ScalarTableRow21.lean:160:4: Used `tac1 <;> tac2` where `(tac1; tac2)` would suffice

Note: This linter can be disabled with `set_option linter.unnecessarySeqFocus false`
warning: CGLMP5/ScalarTableRow21.lean:164:4: Used `tac1 <;> tac2` where `(tac1; tac2)` would suffice

Note: This linter can be disabled with `set_option linter.unnecessarySeqFocus false`
warning: CGLMP5/ScalarTableRow21.lean:168:4: Used `tac1 <;> tac2` where `(tac1; tac2)` would suffice

Note: This linter can be disabled with `set_option linter.unnecessarySeqFocus false`
warning: CGLMP5/ScalarTableRow21.lean:172:4: Used `tac1 <;> tac2` where `(tac1; tac2)` would suffice

Note: This linter can be disabled with `set_option linter.unnecessarySeqFocus false`
warning: CGLMP5/ScalarTableRow21.lean:176:4: Used `tac1 <;> tac2` where `(tac1; tac2)` would suffice

Note: This linter can be disabled with `set_option linter.unnecessarySeqFocus false`
warning: CGLMP5/ScalarTableRow21.lean:180:4: Used `tac1 <;> tac2` where `(tac1; tac2)` would suffice

Note: This linter can be disabled with `set_option linter.unnecessarySeqFocus false`
Build completed successfully (2122 jobs).
END_ROW 21 STATUS 0 SECONDS 51.8015524049988 MAXRSS 2919972
START_ROW 22
[limited-build] ticket369 acquired slot0: lake build CGLMP5.ScalarTableRow22
⚠ [2119/2122] Replayed CGLMP5.Root
warning: CGLMP5/Root.lean:148:63: Used `tac1 <;> tac2` where `(tac1; tac2)` would suffice

Note: This linter can be disabled with `set_option linter.unnecessarySeqFocus false`
warning: CGLMP5/Root.lean:148:77: Used `tac1 <;> tac2` where `(tac1; tac2)` would suffice

Note: This linter can be disabled with `set_option linter.unnecessarySeqFocus false`
warning: CGLMP5/Root.lean:148:89: Used `tac1 <;> tac2` where `(tac1; tac2)` would suffice

Note: This linter can be disabled with `set_option linter.unnecessarySeqFocus false`
⚠ [2120/2122] Replayed CGLMP5.ScalarDefs
warning: CGLMP5/ScalarDefs.lean:33:61: Unused tactic linter: `ring` does nothing

Note: This linter can be disabled with `set_option linter.unusedTactic false`
warning: CGLMP5/ScalarDefs.lean:33:61: this tactic is never executed

Note: This linter can be disabled with `set_option linter.unreachableTactic false`
⚠ [2122/2122] Built CGLMP5.ScalarTableRow22 (50s)
warning: CGLMP5/ScalarTableRow22.lean:88:8: Unused tactic linter: `ring` does nothing

Note: This linter can be disabled with `set_option linter.unusedTactic false`
warning: CGLMP5/ScalarTableRow22.lean:88:8: this tactic is never executed

Note: This linter can be disabled with `set_option linter.unreachableTactic false`
warning: CGLMP5/ScalarTableRow22.lean:92:4: Used `tac1 <;> tac2` where `(tac1; tac2)` would suffice

Note: This linter can be disabled with `set_option linter.unnecessarySeqFocus false`
warning: CGLMP5/ScalarTableRow22.lean:96:4: Used `tac1 <;> tac2` where `(tac1; tac2)` would suffice

Note: This linter can be disabled with `set_option linter.unnecessarySeqFocus false`
warning: CGLMP5/ScalarTableRow22.lean:100:4: Used `tac1 <;> tac2` where `(tac1; tac2)` would suffice

Note: This linter can be disabled with `set_option linter.unnecessarySeqFocus false`
warning: CGLMP5/ScalarTableRow22.lean:104:4: Used `tac1 <;> tac2` where `(tac1; tac2)` would suffice

Note: This linter can be disabled with `set_option linter.unnecessarySeqFocus false`
warning: CGLMP5/ScalarTableRow22.lean:108:4: Used `tac1 <;> tac2` where `(tac1; tac2)` would suffice

Note: This linter can be disabled with `set_option linter.unnecessarySeqFocus false`
warning: CGLMP5/ScalarTableRow22.lean:112:4: Used `tac1 <;> tac2` where `(tac1; tac2)` would suffice

Note: This linter can be disabled with `set_option linter.unnecessarySeqFocus false`
warning: CGLMP5/ScalarTableRow22.lean:116:4: Used `tac1 <;> tac2` where `(tac1; tac2)` would suffice

Note: This linter can be disabled with `set_option linter.unnecessarySeqFocus false`
warning: CGLMP5/ScalarTableRow22.lean:120:4: Used `tac1 <;> tac2` where `(tac1; tac2)` would suffice

Note: This linter can be disabled with `set_option linter.unnecessarySeqFocus false`
warning: CGLMP5/ScalarTableRow22.lean:124:4: Used `tac1 <;> tac2` where `(tac1; tac2)` would suffice

Note: This linter can be disabled with `set_option linter.unnecessarySeqFocus false`
warning: CGLMP5/ScalarTableRow22.lean:128:4: Used `tac1 <;> tac2` where `(tac1; tac2)` would suffice

Note: This linter can be disabled with `set_option linter.unnecessarySeqFocus false`
warning: CGLMP5/ScalarTableRow22.lean:132:4: Used `tac1 <;> tac2` where `(tac1; tac2)` would suffice

Note: This linter can be disabled with `set_option linter.unnecessarySeqFocus false`
warning: CGLMP5/ScalarTableRow22.lean:136:4: Used `tac1 <;> tac2` where `(tac1; tac2)` would suffice

Note: This linter can be disabled with `set_option linter.unnecessarySeqFocus false`
warning: CGLMP5/ScalarTableRow22.lean:140:4: Used `tac1 <;> tac2` where `(tac1; tac2)` would suffice

Note: This linter can be disabled with `set_option linter.unnecessarySeqFocus false`
warning: CGLMP5/ScalarTableRow22.lean:144:4: Used `tac1 <;> tac2` where `(tac1; tac2)` would suffice

Note: This linter can be disabled with `set_option linter.unnecessarySeqFocus false`
warning: CGLMP5/ScalarTableRow22.lean:148:4: Used `tac1 <;> tac2` where `(tac1; tac2)` would suffice

Note: This linter can be disabled with `set_option linter.unnecessarySeqFocus false`
warning: CGLMP5/ScalarTableRow22.lean:152:4: Used `tac1 <;> tac2` where `(tac1; tac2)` would suffice

Note: This linter can be disabled with `set_option linter.unnecessarySeqFocus false`
warning: CGLMP5/ScalarTableRow22.lean:156:4: Used `tac1 <;> tac2` where `(tac1; tac2)` would suffice

Note: This linter can be disabled with `set_option linter.unnecessarySeqFocus false`
warning: CGLMP5/ScalarTableRow22.lean:160:4: Used `tac1 <;> tac2` where `(tac1; tac2)` would suffice

Note: This linter can be disabled with `set_option linter.unnecessarySeqFocus false`
warning: CGLMP5/ScalarTableRow22.lean:164:4: Used `tac1 <;> tac2` where `(tac1; tac2)` would suffice

Note: This linter can be disabled with `set_option linter.unnecessarySeqFocus false`
warning: CGLMP5/ScalarTableRow22.lean:168:4: Used `tac1 <;> tac2` where `(tac1; tac2)` would suffice

Note: This linter can be disabled with `set_option linter.unnecessarySeqFocus false`
warning: CGLMP5/ScalarTableRow22.lean:172:4: Used `tac1 <;> tac2` where `(tac1; tac2)` would suffice

Note: This linter can be disabled with `set_option linter.unnecessarySeqFocus false`
warning: CGLMP5/ScalarTableRow22.lean:176:4: Used `tac1 <;> tac2` where `(tac1; tac2)` would suffice

Note: This linter can be disabled with `set_option linter.unnecessarySeqFocus false`
warning: CGLMP5/ScalarTableRow22.lean:180:4: Used `tac1 <;> tac2` where `(tac1; tac2)` would suffice

Note: This linter can be disabled with `set_option linter.unnecessarySeqFocus false`
Build completed successfully (2122 jobs).
END_ROW 22 STATUS 0 SECONDS 52.009153055987554 MAXRSS 2940944
START_ROW 23
[limited-build] ticket370 acquired slot0: lake build CGLMP5.ScalarTableRow23
⚠ [2119/2122] Replayed CGLMP5.Root
warning: CGLMP5/Root.lean:148:63: Used `tac1 <;> tac2` where `(tac1; tac2)` would suffice

Note: This linter can be disabled with `set_option linter.unnecessarySeqFocus false`
warning: CGLMP5/Root.lean:148:77: Used `tac1 <;> tac2` where `(tac1; tac2)` would suffice

Note: This linter can be disabled with `set_option linter.unnecessarySeqFocus false`
warning: CGLMP5/Root.lean:148:89: Used `tac1 <;> tac2` where `(tac1; tac2)` would suffice

Note: This linter can be disabled with `set_option linter.unnecessarySeqFocus false`
⚠ [2120/2122] Replayed CGLMP5.ScalarDefs
warning: CGLMP5/ScalarDefs.lean:33:61: Unused tactic linter: `ring` does nothing

Note: This linter can be disabled with `set_option linter.unusedTactic false`
warning: CGLMP5/ScalarDefs.lean:33:61: this tactic is never executed

Note: This linter can be disabled with `set_option linter.unreachableTactic false`
⚠ [2122/2122] Built CGLMP5.ScalarTableRow23 (52s)
warning: CGLMP5/ScalarTableRow23.lean:88:8: Unused tactic linter: `ring` does nothing

Note: This linter can be disabled with `set_option linter.unusedTactic false`
warning: CGLMP5/ScalarTableRow23.lean:88:8: this tactic is never executed

Note: This linter can be disabled with `set_option linter.unreachableTactic false`
warning: CGLMP5/ScalarTableRow23.lean:92:4: Used `tac1 <;> tac2` where `(tac1; tac2)` would suffice

Note: This linter can be disabled with `set_option linter.unnecessarySeqFocus false`
warning: CGLMP5/ScalarTableRow23.lean:96:4: Used `tac1 <;> tac2` where `(tac1; tac2)` would suffice

Note: This linter can be disabled with `set_option linter.unnecessarySeqFocus false`
warning: CGLMP5/ScalarTableRow23.lean:100:4: Used `tac1 <;> tac2` where `(tac1; tac2)` would suffice

Note: This linter can be disabled with `set_option linter.unnecessarySeqFocus false`
warning: CGLMP5/ScalarTableRow23.lean:104:4: Used `tac1 <;> tac2` where `(tac1; tac2)` would suffice

Note: This linter can be disabled with `set_option linter.unnecessarySeqFocus false`
warning: CGLMP5/ScalarTableRow23.lean:108:4: Used `tac1 <;> tac2` where `(tac1; tac2)` would suffice

Note: This linter can be disabled with `set_option linter.unnecessarySeqFocus false`
warning: CGLMP5/ScalarTableRow23.lean:112:4: Used `tac1 <;> tac2` where `(tac1; tac2)` would suffice

Note: This linter can be disabled with `set_option linter.unnecessarySeqFocus false`
warning: CGLMP5/ScalarTableRow23.lean:116:4: Used `tac1 <;> tac2` where `(tac1; tac2)` would suffice

Note: This linter can be disabled with `set_option linter.unnecessarySeqFocus false`
warning: CGLMP5/ScalarTableRow23.lean:120:4: Used `tac1 <;> tac2` where `(tac1; tac2)` would suffice

Note: This linter can be disabled with `set_option linter.unnecessarySeqFocus false`
warning: CGLMP5/ScalarTableRow23.lean:124:4: Used `tac1 <;> tac2` where `(tac1; tac2)` would suffice

Note: This linter can be disabled with `set_option linter.unnecessarySeqFocus false`
warning: CGLMP5/ScalarTableRow23.lean:128:4: Used `tac1 <;> tac2` where `(tac1; tac2)` would suffice

Note: This linter can be disabled with `set_option linter.unnecessarySeqFocus false`
warning: CGLMP5/ScalarTableRow23.lean:132:4: Used `tac1 <;> tac2` where `(tac1; tac2)` would suffice

Note: This linter can be disabled with `set_option linter.unnecessarySeqFocus false`
warning: CGLMP5/ScalarTableRow23.lean:136:4: Used `tac1 <;> tac2` where `(tac1; tac2)` would suffice

Note: This linter can be disabled with `set_option linter.unnecessarySeqFocus false`
warning: CGLMP5/ScalarTableRow23.lean:140:4: Used `tac1 <;> tac2` where `(tac1; tac2)` would suffice

Note: This linter can be disabled with `set_option linter.unnecessarySeqFocus false`
warning: CGLMP5/ScalarTableRow23.lean:144:4: Used `tac1 <;> tac2` where `(tac1; tac2)` would suffice

Note: This linter can be disabled with `set_option linter.unnecessarySeqFocus false`
warning: CGLMP5/ScalarTableRow23.lean:148:4: Used `tac1 <;> tac2` where `(tac1; tac2)` would suffice

Note: This linter can be disabled with `set_option linter.unnecessarySeqFocus false`
warning: CGLMP5/ScalarTableRow23.lean:152:4: Used `tac1 <;> tac2` where `(tac1; tac2)` would suffice

Note: This linter can be disabled with `set_option linter.unnecessarySeqFocus false`
warning: CGLMP5/ScalarTableRow23.lean:156:4: Used `tac1 <;> tac2` where `(tac1; tac2)` would suffice

Note: This linter can be disabled with `set_option linter.unnecessarySeqFocus false`
warning: CGLMP5/ScalarTableRow23.lean:160:4: Used `tac1 <;> tac2` where `(tac1; tac2)` would suffice

Note: This linter can be disabled with `set_option linter.unnecessarySeqFocus false`
warning: CGLMP5/ScalarTableRow23.lean:164:4: Used `tac1 <;> tac2` where `(tac1; tac2)` would suffice

Note: This linter can be disabled with `set_option linter.unnecessarySeqFocus false`
warning: CGLMP5/ScalarTableRow23.lean:168:4: Used `tac1 <;> tac2` where `(tac1; tac2)` would suffice

Note: This linter can be disabled with `set_option linter.unnecessarySeqFocus false`
warning: CGLMP5/ScalarTableRow23.lean:172:4: Used `tac1 <;> tac2` where `(tac1; tac2)` would suffice

Note: This linter can be disabled with `set_option linter.unnecessarySeqFocus false`
warning: CGLMP5/ScalarTableRow23.lean:176:4: Used `tac1 <;> tac2` where `(tac1; tac2)` would suffice

Note: This linter can be disabled with `set_option linter.unnecessarySeqFocus false`
warning: CGLMP5/ScalarTableRow23.lean:180:4: Used `tac1 <;> tac2` where `(tac1; tac2)` would suffice

Note: This linter can be disabled with `set_option linter.unnecessarySeqFocus false`
Build completed successfully (2122 jobs).
END_ROW 23 STATUS 0 SECONDS 53.68465468000795 MAXRSS 2964864
START_ASSEMBLY CGLMP5.Scalar
[limited-build] ticket372 acquired slot0: lake build CGLMP5.Scalar
⚠ [2119/2148] Replayed CGLMP5.Root
warning: CGLMP5/Root.lean:148:63: Used `tac1 <;> tac2` where `(tac1; tac2)` would suffice

Note: This linter can be disabled with `set_option linter.unnecessarySeqFocus false`
warning: CGLMP5/Root.lean:148:77: Used `tac1 <;> tac2` where `(tac1; tac2)` would suffice

Note: This linter can be disabled with `set_option linter.unnecessarySeqFocus false`
warning: CGLMP5/Root.lean:148:89: Used `tac1 <;> tac2` where `(tac1; tac2)` would suffice

Note: This linter can be disabled with `set_option linter.unnecessarySeqFocus false`
⚠ [2120/2148] Replayed CGLMP5.ScalarDefs
warning: CGLMP5/ScalarDefs.lean:33:61: Unused tactic linter: `ring` does nothing

Note: This linter can be disabled with `set_option linter.unusedTactic false`
warning: CGLMP5/ScalarDefs.lean:33:61: this tactic is never executed

Note: This linter can be disabled with `set_option linter.unreachableTactic false`
⚠ [2122/2148] Replayed CGLMP5.ScalarTableRow00
warning: CGLMP5/ScalarTableRow00.lean:88:8: Unused tactic linter: `ring` does nothing

Note: This linter can be disabled with `set_option linter.unusedTactic false`
warning: CGLMP5/ScalarTableRow00.lean:92:8: Unused tactic linter: `ring` does nothing

Note: This linter can be disabled with `set_option linter.unusedTactic false`
warning: CGLMP5/ScalarTableRow00.lean:96:8: Unused tactic linter: `ring` does nothing

Note: This linter can be disabled with `set_option linter.unusedTactic false`
warning: CGLMP5/ScalarTableRow00.lean:100:8: Unused tactic linter: `ring` does nothing

Note: This linter can be disabled with `set_option linter.unusedTactic false`
warning: CGLMP5/ScalarTableRow00.lean:104:8: Unused tactic linter: `ring` does nothing

Note: This linter can be disabled with `set_option linter.unusedTactic false`
warning: CGLMP5/ScalarTableRow00.lean:108:8: Unused tactic linter: `ring` does nothing

Note: This linter can be disabled with `set_option linter.unusedTactic false`
warning: CGLMP5/ScalarTableRow00.lean:112:8: Unused tactic linter: `ring` does nothing

Note: This linter can be disabled with `set_option linter.unusedTactic false`
warning: CGLMP5/ScalarTableRow00.lean:116:8: Unused tactic linter: `ring` does nothing

Note: This linter can be disabled with `set_option linter.unusedTactic false`
warning: CGLMP5/ScalarTableRow00.lean:120:8: Unused tactic linter: `ring` does nothing

Note: This linter can be disabled with `set_option linter.unusedTactic false`
warning: CGLMP5/ScalarTableRow00.lean:124:8: Unused tactic linter: `ring` does nothing

Note: This linter can be disabled with `set_option linter.unusedTactic false`
warning: CGLMP5/ScalarTableRow00.lean:128:8: Unused tactic linter: `ring` does nothing

Note: This linter can be disabled with `set_option linter.unusedTactic false`
warning: CGLMP5/ScalarTableRow00.lean:132:8: Unused tactic linter: `ring` does nothing

Note: This linter can be disabled with `set_option linter.unusedTactic false`
warning: CGLMP5/ScalarTableRow00.lean:136:8: Unused tactic linter: `ring` does nothing

Note: This linter can be disabled with `set_option linter.unusedTactic false`
warning: CGLMP5/ScalarTableRow00.lean:140:8: Unused tactic linter: `ring` does nothing

Note: This linter can be disabled with `set_option linter.unusedTactic false`
warning: CGLMP5/ScalarTableRow00.lean:144:8: Unused tactic linter: `ring` does nothing

Note: This linter can be disabled with `set_option linter.unusedTactic false`
warning: CGLMP5/ScalarTableRow00.lean:148:8: Unused tactic linter: `ring` does nothing

Note: This linter can be disabled with `set_option linter.unusedTactic false`
warning: CGLMP5/ScalarTableRow00.lean:152:8: Unused tactic linter: `ring` does nothing

Note: This linter can be disabled with `set_option linter.unusedTactic false`
warning: CGLMP5/ScalarTableRow00.lean:156:8: Unused tactic linter: `ring` does nothing

Note: This linter can be disabled with `set_option linter.unusedTactic false`
warning: CGLMP5/ScalarTableRow00.lean:160:8: Unused tactic linter: `ring` does nothing

Note: This linter can be disabled with `set_option linter.unusedTactic false`
warning: CGLMP5/ScalarTableRow00.lean:164:8: Unused tactic linter: `ring` does nothing

Note: This linter can be disabled with `set_option linter.unusedTactic false`
warning: CGLMP5/ScalarTableRow00.lean:168:8: Unused tactic linter: `ring` does nothing

Note: This linter can be disabled with `set_option linter.unusedTactic false`
warning: CGLMP5/ScalarTableRow00.lean:172:8: Unused tactic linter: `ring` does nothing

Note: This linter can be disabled with `set_option linter.unusedTactic false`
warning: CGLMP5/ScalarTableRow00.lean:176:8: Unused tactic linter: `ring` does nothing

Note: This linter can be disabled with `set_option linter.unusedTactic false`
warning: CGLMP5/ScalarTableRow00.lean:180:8: Unused tactic linter: `ring` does nothing

Note: This linter can be disabled with `set_option linter.unusedTactic false`
warning: CGLMP5/ScalarTableRow00.lean:88:8: this tactic is never executed

Note: This linter can be disabled with `set_option linter.unreachableTactic false`
warning: CGLMP5/ScalarTableRow00.lean:92:8: this tactic is never executed

Note: This linter can be disabled with `set_option linter.unreachableTactic false`
warning: CGLMP5/ScalarTableRow00.lean:96:8: this tactic is never executed

Note: This linter can be disabled with `set_option linter.unreachableTactic false`
warning: CGLMP5/ScalarTableRow00.lean:100:8: this tactic is never executed

Note: This linter can be disabled with `set_option linter.unreachableTactic false`
warning: CGLMP5/ScalarTableRow00.lean:104:8: this tactic is never executed

Note: This linter can be disabled with `set_option linter.unreachableTactic false`
warning: CGLMP5/ScalarTableRow00.lean:108:8: this tactic is never executed

Note: This linter can be disabled with `set_option linter.unreachableTactic false`
warning: CGLMP5/ScalarTableRow00.lean:112:8: this tactic is never executed

Note: This linter can be disabled with `set_option linter.unreachableTactic false`
warning: CGLMP5/ScalarTableRow00.lean:116:8: this tactic is never executed

Note: This linter can be disabled with `set_option linter.unreachableTactic false`
warning: CGLMP5/ScalarTableRow00.lean:120:8: this tactic is never executed

Note: This linter can be disabled with `set_option linter.unreachableTactic false`
warning: CGLMP5/ScalarTableRow00.lean:124:8: this tactic is never executed

Note: This linter can be disabled with `set_option linter.unreachableTactic false`
warning: CGLMP5/ScalarTableRow00.lean:128:8: this tactic is never executed

Note: This linter can be disabled with `set_option linter.unreachableTactic false`
warning: CGLMP5/ScalarTableRow00.lean:132:8: this tactic is never executed

Note: This linter can be disabled with `set_option linter.unreachableTactic false`
warning: CGLMP5/ScalarTableRow00.lean:136:8: this tactic is never executed

Note: This linter can be disabled with `set_option linter.unreachableTactic false`
warning: CGLMP5/ScalarTableRow00.lean:140:8: this tactic is never executed

Note: This linter can be disabled with `set_option linter.unreachableTactic false`
warning: CGLMP5/ScalarTableRow00.lean:144:8: this tactic is never executed

Note: This linter can be disabled with `set_option linter.unreachableTactic false`
warning: CGLMP5/ScalarTableRow00.lean:148:8: this tactic is never executed

Note: This linter can be disabled with `set_option linter.unreachableTactic false`
warning: CGLMP5/ScalarTableRow00.lean:152:8: this tactic is never executed

Note: This linter can be disabled with `set_option linter.unreachableTactic false`
warning: CGLMP5/ScalarTableRow00.lean:156:8: this tactic is never executed

Note: This linter can be disabled with `set_option linter.unreachableTactic false`
warning: CGLMP5/ScalarTableRow00.lean:160:8: this tactic is never executed

Note: This linter can be disabled with `set_option linter.unreachableTactic false`
warning: CGLMP5/ScalarTableRow00.lean:164:8: this tactic is never executed

Note: This linter can be disabled with `set_option linter.unreachableTactic false`
warning: CGLMP5/ScalarTableRow00.lean:168:8: this tactic is never executed

Note: This linter can be disabled with `set_option linter.unreachableTactic false`
warning: CGLMP5/ScalarTableRow00.lean:172:8: this tactic is never executed

Note: This linter can be disabled with `set_option linter.unreachableTactic false`
warning: CGLMP5/ScalarTableRow00.lean:176:8: this tactic is never executed

Note: This linter can be disabled with `set_option linter.unreachableTactic false`
warning: CGLMP5/ScalarTableRow00.lean:180:8: this tactic is never executed

Note: This linter can be disabled with `set_option linter.unreachableTactic false`
⚠ [2123/2148] Replayed CGLMP5.ScalarTableRow01
warning: CGLMP5/ScalarTableRow01.lean:88:8: Unused tactic linter: `ring` does nothing

Note: This linter can be disabled with `set_option linter.unusedTactic false`
warning: CGLMP5/ScalarTableRow01.lean:96:8: Unused tactic linter: `ring` does nothing

Note: This linter can be disabled with `set_option linter.unusedTactic false`
warning: CGLMP5/ScalarTableRow01.lean:104:8: Unused tactic linter: `ring` does nothing

Note: This linter can be disabled with `set_option linter.unusedTactic false`
warning: CGLMP5/ScalarTableRow01.lean:112:8: Unused tactic linter: `ring` does nothing

Note: This linter can be disabled with `set_option linter.unusedTactic false`
warning: CGLMP5/ScalarTableRow01.lean:136:8: Unused tactic linter: `ring` does nothing

Note: This linter can be disabled with `set_option linter.unusedTactic false`
warning: CGLMP5/ScalarTableRow01.lean:88:8: this tactic is never executed

Note: This linter can be disabled with `set_option linter.unreachableTactic false`
warning: CGLMP5/ScalarTableRow01.lean:96:8: this tactic is never executed

Note: This linter can be disabled with `set_option linter.unreachableTactic false`
warning: CGLMP5/ScalarTableRow01.lean:104:8: this tactic is never executed

Note: This linter can be disabled with `set_option linter.unreachableTactic false`
warning: CGLMP5/ScalarTableRow01.lean:112:8: this tactic is never executed

Note: This linter can be disabled with `set_option linter.unreachableTactic false`
warning: CGLMP5/ScalarTableRow01.lean:136:8: this tactic is never executed

Note: This linter can be disabled with `set_option linter.unreachableTactic false`
warning: CGLMP5/ScalarTableRow01.lean:92:4: Used `tac1 <;> tac2` where `(tac1; tac2)` would suffice

Note: This linter can be disabled with `set_option linter.unnecessarySeqFocus false`
warning: CGLMP5/ScalarTableRow01.lean:100:4: Used `tac1 <;> tac2` where `(tac1; tac2)` would suffice

Note: This linter can be disabled with `set_option linter.unnecessarySeqFocus false`
warning: CGLMP5/ScalarTableRow01.lean:108:4: Used `tac1 <;> tac2` where `(tac1; tac2)` would suffice

Note: This linter can be disabled with `set_option linter.unnecessarySeqFocus false`
warning: CGLMP5/ScalarTableRow01.lean:116:4: Used `tac1 <;> tac2` where `(tac1; tac2)` would suffice

Note: This linter can be disabled with `set_option linter.unnecessarySeqFocus false`
warning: CGLMP5/ScalarTableRow01.lean:120:4: Used `tac1 <;> tac2` where `(tac1; tac2)` would suffice

Note: This linter can be disabled with `set_option linter.unnecessarySeqFocus false`
warning: CGLMP5/ScalarTableRow01.lean:124:4: Used `tac1 <;> tac2` where `(tac1; tac2)` would suffice

Note: This linter can be disabled with `set_option linter.unnecessarySeqFocus false`
warning: CGLMP5/ScalarTableRow01.lean:128:4: Used `tac1 <;> tac2` where `(tac1; tac2)` would suffice

Note: This linter can be disabled with `set_option linter.unnecessarySeqFocus false`
warning: CGLMP5/ScalarTableRow01.lean:132:4: Used `tac1 <;> tac2` where `(tac1; tac2)` would suffice

Note: This linter can be disabled with `set_option linter.unnecessarySeqFocus false`
warning: CGLMP5/ScalarTableRow01.lean:140:4: Used `tac1 <;> tac2` where `(tac1; tac2)` would suffice

Note: This linter can be disabled with `set_option linter.unnecessarySeqFocus false`
warning: CGLMP5/ScalarTableRow01.lean:144:4: Used `tac1 <;> tac2` where `(tac1; tac2)` would suffice

Note: This linter can be disabled with `set_option linter.unnecessarySeqFocus false`
warning: CGLMP5/ScalarTableRow01.lean:148:4: Used `tac1 <;> tac2` where `(tac1; tac2)` would suffice

Note: This linter can be disabled with `set_option linter.unnecessarySeqFocus false`
warning: CGLMP5/ScalarTableRow01.lean:152:4: Used `tac1 <;> tac2` where `(tac1; tac2)` would suffice

Note: This linter can be disabled with `set_option linter.unnecessarySeqFocus false`
warning: CGLMP5/ScalarTableRow01.lean:156:4: Used `tac1 <;> tac2` where `(tac1; tac2)` would suffice

Note: This linter can be disabled with `set_option linter.unnecessarySeqFocus false`
warning: CGLMP5/ScalarTableRow01.lean:160:4: Used `tac1 <;> tac2` where `(tac1; tac2)` would suffice

Note: This linter can be disabled with `set_option linter.unnecessarySeqFocus false`
warning: CGLMP5/ScalarTableRow01.lean:164:4: Used `tac1 <;> tac2` where `(tac1; tac2)` would suffice

Note: This linter can be disabled with `set_option linter.unnecessarySeqFocus false`
warning: CGLMP5/ScalarTableRow01.lean:168:4: Used `tac1 <;> tac2` where `(tac1; tac2)` would suffice

Note: This linter can be disabled with `set_option linter.unnecessarySeqFocus false`
warning: CGLMP5/ScalarTableRow01.lean:172:4: Used `tac1 <;> tac2` where `(tac1; tac2)` would suffice

Note: This linter can be disabled with `set_option linter.unnecessarySeqFocus false`
warning: CGLMP5/ScalarTableRow01.lean:176:4: Used `tac1 <;> tac2` where `(tac1; tac2)` would suffice

Note: This linter can be disabled with `set_option linter.unnecessarySeqFocus false`
warning: CGLMP5/ScalarTableRow01.lean:180:4: Used `tac1 <;> tac2` where `(tac1; tac2)` would suffice

Note: This linter can be disabled with `set_option linter.unnecessarySeqFocus false`
⚠ [2124/2148] Replayed CGLMP5.ScalarTableRow02
warning: CGLMP5/ScalarTableRow02.lean:88:8: Unused tactic linter: `ring` does nothing

Note: This linter can be disabled with `set_option linter.unusedTactic false`
warning: CGLMP5/ScalarTableRow02.lean:112:8: Unused tactic linter: `ring` does nothing

Note: This linter can be disabled with `set_option linter.unusedTactic false`
warning: CGLMP5/ScalarTableRow02.lean:136:8: Unused tactic linter: `ring` does nothing

Note: This linter can be disabled with `set_option linter.unusedTactic false`
warning: CGLMP5/ScalarTableRow02.lean:88:8: this tactic is never executed

Note: This linter can be disabled with `set_option linter.unreachableTactic false`
warning: CGLMP5/ScalarTableRow02.lean:112:8: this tactic is never executed

Note: This linter can be disabled with `set_option linter.unreachableTactic false`
warning: CGLMP5/ScalarTableRow02.lean:136:8: this tactic is never executed

Note: This linter can be disabled with `set_option linter.unreachableTactic false`
warning: CGLMP5/ScalarTableRow02.lean:92:4: Used `tac1 <;> tac2` where `(tac1; tac2)` would suffice

Note: This linter can be disabled with `set_option linter.unnecessarySeqFocus false`
warning: CGLMP5/ScalarTableRow02.lean:96:4: Used `tac1 <;> tac2` where `(tac1; tac2)` would suffice

Note: This linter can be disabled with `set_option linter.unnecessarySeqFocus false`
warning: CGLMP5/ScalarTableRow02.lean:100:4: Used `tac1 <;> tac2` where `(tac1; tac2)` would suffice

Note: This linter can be disabled with `set_option linter.unnecessarySeqFocus false`
warning: CGLMP5/ScalarTableRow02.lean:104:4: Used `tac1 <;> tac2` where `(tac1; tac2)` would suffice

Note: This linter can be disabled with `set_option linter.unnecessarySeqFocus false`
warning: CGLMP5/ScalarTableRow02.lean:108:4: Used `tac1 <;> tac2` where `(tac1; tac2)` would suffice

Note: This linter can be disabled with `set_option linter.unnecessarySeqFocus false`
warning: CGLMP5/ScalarTableRow02.lean:116:4: Used `tac1 <;> tac2` where `(tac1; tac2)` would suffice

Note: This linter can be disabled with `set_option linter.unnecessarySeqFocus false`
warning: CGLMP5/ScalarTableRow02.lean:120:4: Used `tac1 <;> tac2` where `(tac1; tac2)` would suffice

Note: This linter can be disabled with `set_option linter.unnecessarySeqFocus false`
warning: CGLMP5/ScalarTableRow02.lean:124:4: Used `tac1 <;> tac2` where `(tac1; tac2)` would suffice

Note: This linter can be disabled with `set_option linter.unnecessarySeqFocus false`
warning: CGLMP5/ScalarTableRow02.lean:128:4: Used `tac1 <;> tac2` where `(tac1; tac2)` would suffice

Note: This linter can be disabled with `set_option linter.unnecessarySeqFocus false`
warning: CGLMP5/ScalarTableRow02.lean:132:4: Used `tac1 <;> tac2` where `(tac1; tac2)` would suffice

Note: This linter can be disabled with `set_option linter.unnecessarySeqFocus false`
warning: CGLMP5/ScalarTableRow02.lean:140:4: Used `tac1 <;> tac2` where `(tac1; tac2)` would suffice

Note: This linter can be disabled with `set_option linter.unnecessarySeqFocus false`
warning: CGLMP5/ScalarTableRow02.lean:144:4: Used `tac1 <;> tac2` where `(tac1; tac2)` would suffice

Note: This linter can be disabled with `set_option linter.unnecessarySeqFocus false`
warning: CGLMP5/ScalarTableRow02.lean:148:4: Used `tac1 <;> tac2` where `(tac1; tac2)` would suffice

Note: This linter can be disabled with `set_option linter.unnecessarySeqFocus false`
warning: CGLMP5/ScalarTableRow02.lean:152:4: Used `tac1 <;> tac2` where `(tac1; tac2)` would suffice

Note: This linter can be disabled with `set_option linter.unnecessarySeqFocus false`
warning: CGLMP5/ScalarTableRow02.lean:156:4: Used `tac1 <;> tac2` where `(tac1; tac2)` would suffice

Note: This linter can be disabled with `set_option linter.unnecessarySeqFocus false`
warning: CGLMP5/ScalarTableRow02.lean:160:4: Used `tac1 <;> tac2` where `(tac1; tac2)` would suffice

Note: This linter can be disabled with `set_option linter.unnecessarySeqFocus false`
warning: CGLMP5/ScalarTableRow02.lean:164:4: Used `tac1 <;> tac2` where `(tac1; tac2)` would suffice

Note: This linter can be disabled with `set_option linter.unnecessarySeqFocus false`
warning: CGLMP5/ScalarTableRow02.lean:168:4: Used `tac1 <;> tac2` where `(tac1; tac2)` would suffice

Note: This linter can be disabled with `set_option linter.unnecessarySeqFocus false`
warning: CGLMP5/ScalarTableRow02.lean:172:4: Used `tac1 <;> tac2` where `(tac1; tac2)` would suffice

Note: This linter can be disabled with `set_option linter.unnecessarySeqFocus false`
warning: CGLMP5/ScalarTableRow02.lean:176:4: Used `tac1 <;> tac2` where `(tac1; tac2)` would suffice

Note: This linter can be disabled with `set_option linter.unnecessarySeqFocus false`
warning: CGLMP5/ScalarTableRow02.lean:180:4: Used `tac1 <;> tac2` where `(tac1; tac2)` would suffice

Note: This linter can be disabled with `set_option linter.unnecessarySeqFocus false`
⚠ [2125/2148] Replayed CGLMP5.ScalarTableRow03
warning: CGLMP5/ScalarTableRow03.lean:88:8: Unused tactic linter: `ring` does nothing

Note: This linter can be disabled with `set_option linter.unusedTactic false`
warning: CGLMP5/ScalarTableRow03.lean:112:8: Unused tactic linter: `ring` does nothing

Note: This linter can be disabled with `set_option linter.unusedTactic false`
warning: CGLMP5/ScalarTableRow03.lean:136:8: Unused tactic linter: `ring` does nothing

Note: This linter can be disabled with `set_option linter.unusedTactic false`
warning: CGLMP5/ScalarTableRow03.lean:88:8: this tactic is never executed

Note: This linter can be disabled with `set_option linter.unreachableTactic false`
warning: CGLMP5/ScalarTableRow03.lean:112:8: this tactic is never executed

Note: This linter can be disabled with `set_option linter.unreachableTactic false`
warning: CGLMP5/ScalarTableRow03.lean:136:8: this tactic is never executed

Note: This linter can be disabled with `set_option linter.unreachableTactic false`
warning: CGLMP5/ScalarTableRow03.lean:92:4: Used `tac1 <;> tac2` where `(tac1; tac2)` would suffice

Note: This linter can be disabled with `set_option linter.unnecessarySeqFocus false`
warning: CGLMP5/ScalarTableRow03.lean:96:4: Used `tac1 <;> tac2` where `(tac1; tac2)` would suffice

Note: This linter can be disabled with `set_option linter.unnecessarySeqFocus false`
warning: CGLMP5/ScalarTableRow03.lean:100:4: Used `tac1 <;> tac2` where `(tac1; tac2)` would suffice

Note: This linter can be disabled with `set_option linter.unnecessarySeqFocus false`
warning: CGLMP5/ScalarTableRow03.lean:104:4: Used `tac1 <;> tac2` where `(tac1; tac2)` would suffice

Note: This linter can be disabled with `set_option linter.unnecessarySeqFocus false`
warning: CGLMP5/ScalarTableRow03.lean:108:4: Used `tac1 <;> tac2` where `(tac1; tac2)` would suffice

Note: This linter can be disabled with `set_option linter.unnecessarySeqFocus false`
warning: CGLMP5/ScalarTableRow03.lean:116:4: Used `tac1 <;> tac2` where `(tac1; tac2)` would suffice

Note: This linter can be disabled with `set_option linter.unnecessarySeqFocus false`
warning: CGLMP5/ScalarTableRow03.lean:120:4: Used `tac1 <;> tac2` where `(tac1; tac2)` would suffice

Note: This linter can be disabled with `set_option linter.unnecessarySeqFocus false`
warning: CGLMP5/ScalarTableRow03.lean:124:4: Used `tac1 <;> tac2` where `(tac1; tac2)` would suffice

Note: This linter can be disabled with `set_option linter.unnecessarySeqFocus false`
warning: CGLMP5/ScalarTableRow03.lean:128:4: Used `tac1 <;> tac2` where `(tac1; tac2)` would suffice

Note: This linter can be disabled with `set_option linter.unnecessarySeqFocus false`
warning: CGLMP5/ScalarTableRow03.lean:132:4: Used `tac1 <;> tac2` where `(tac1; tac2)` would suffice

Note: This linter can be disabled with `set_option linter.unnecessarySeqFocus false`
warning: CGLMP5/ScalarTableRow03.lean:140:4: Used `tac1 <;> tac2` where `(tac1; tac2)` would suffice

Note: This linter can be disabled with `set_option linter.unnecessarySeqFocus false`
warning: CGLMP5/ScalarTableRow03.lean:144:4: Used `tac1 <;> tac2` where `(tac1; tac2)` would suffice

Note: This linter can be disabled with `set_option linter.unnecessarySeqFocus false`
warning: CGLMP5/ScalarTableRow03.lean:148:4: Used `tac1 <;> tac2` where `(tac1; tac2)` would suffice

Note: This linter can be disabled with `set_option linter.unnecessarySeqFocus false`
warning: CGLMP5/ScalarTableRow03.lean:152:4: Used `tac1 <;> tac2` where `(tac1; tac2)` would suffice

Note: This linter can be disabled with `set_option linter.unnecessarySeqFocus false`
warning: CGLMP5/ScalarTableRow03.lean:156:4: Used `tac1 <;> tac2` where `(tac1; tac2)` would suffice

Note: This linter can be disabled with `set_option linter.unnecessarySeqFocus false`
warning: CGLMP5/ScalarTableRow03.lean:160:4: Used `tac1 <;> tac2` where `(tac1; tac2)` would suffice

Note: This linter can be disabled with `set_option linter.unnecessarySeqFocus false`
warning: CGLMP5/ScalarTableRow03.lean:164:4: Used `tac1 <;> tac2` where `(tac1; tac2)` would suffice

Note: This linter can be disabled with `set_option linter.unnecessarySeqFocus false`
warning: CGLMP5/ScalarTableRow03.lean:168:4: Used `tac1 <;> tac2` where `(tac1; tac2)` would suffice

Note: This linter can be disabled with `set_option linter.unnecessarySeqFocus false`
warning: CGLMP5/ScalarTableRow03.lean:172:4: Used `tac1 <;> tac2` where `(tac1; tac2)` would suffice

Note: This linter can be disabled with `set_option linter.unnecessarySeqFocus false`
warning: CGLMP5/ScalarTableRow03.lean:176:4: Used `tac1 <;> tac2` where `(tac1; tac2)` would suffice

Note: This linter can be disabled with `set_option linter.unnecessarySeqFocus false`
warning: CGLMP5/ScalarTableRow03.lean:180:4: Used `tac1 <;> tac2` where `(tac1; tac2)` would suffice

Note: This linter can be disabled with `set_option linter.unnecessarySeqFocus false`
⚠ [2126/2148] Replayed CGLMP5.ScalarTableRow04
warning: CGLMP5/ScalarTableRow04.lean:88:8: Unused tactic linter: `ring` does nothing

Note: This linter can be disabled with `set_option linter.unusedTactic false`
warning: CGLMP5/ScalarTableRow04.lean:112:8: Unused tactic linter: `ring` does nothing

Note: This linter can be disabled with `set_option linter.unusedTactic false`
warning: CGLMP5/ScalarTableRow04.lean:136:8: Unused tactic linter: `ring` does nothing

Note: This linter can be disabled with `set_option linter.unusedTactic false`
warning: CGLMP5/ScalarTableRow04.lean:88:8: this tactic is never executed

Note: This linter can be disabled with `set_option linter.unreachableTactic false`
warning: CGLMP5/ScalarTableRow04.lean:112:8: this tactic is never executed

Note: This linter can be disabled with `set_option linter.unreachableTactic false`
warning: CGLMP5/ScalarTableRow04.lean:136:8: this tactic is never executed

Note: This linter can be disabled with `set_option linter.unreachableTactic false`
warning: CGLMP5/ScalarTableRow04.lean:92:4: Used `tac1 <;> tac2` where `(tac1; tac2)` would suffice

Note: This linter can be disabled with `set_option linter.unnecessarySeqFocus false`
warning: CGLMP5/ScalarTableRow04.lean:96:4: Used `tac1 <;> tac2` where `(tac1; tac2)` would suffice

Note: This linter can be disabled with `set_option linter.unnecessarySeqFocus false`
warning: CGLMP5/ScalarTableRow04.lean:100:4: Used `tac1 <;> tac2` where `(tac1; tac2)` would suffice

Note: This linter can be disabled with `set_option linter.unnecessarySeqFocus false`
warning: CGLMP5/ScalarTableRow04.lean:104:4: Used `tac1 <;> tac2` where `(tac1; tac2)` would suffice

Note: This linter can be disabled with `set_option linter.unnecessarySeqFocus false`
warning: CGLMP5/ScalarTableRow04.lean:108:4: Used `tac1 <;> tac2` where `(tac1; tac2)` would suffice

Note: This linter can be disabled with `set_option linter.unnecessarySeqFocus false`
warning: CGLMP5/ScalarTableRow04.lean:116:4: Used `tac1 <;> tac2` where `(tac1; tac2)` would suffice

Note: This linter can be disabled with `set_option linter.unnecessarySeqFocus false`
warning: CGLMP5/ScalarTableRow04.lean:120:4: Used `tac1 <;> tac2` where `(tac1; tac2)` would suffice

Note: This linter can be disabled with `set_option linter.unnecessarySeqFocus false`
warning: CGLMP5/ScalarTableRow04.lean:124:4: Used `tac1 <;> tac2` where `(tac1; tac2)` would suffice

Note: This linter can be disabled with `set_option linter.unnecessarySeqFocus false`
warning: CGLMP5/ScalarTableRow04.lean:128:4: Used `tac1 <;> tac2` where `(tac1; tac2)` would suffice

Note: This linter can be disabled with `set_option linter.unnecessarySeqFocus false`
warning: CGLMP5/ScalarTableRow04.lean:132:4: Used `tac1 <;> tac2` where `(tac1; tac2)` would suffice

Note: This linter can be disabled with `set_option linter.unnecessarySeqFocus false`
warning: CGLMP5/ScalarTableRow04.lean:140:4: Used `tac1 <;> tac2` where `(tac1; tac2)` would suffice

Note: This linter can be disabled with `set_option linter.unnecessarySeqFocus false`
warning: CGLMP5/ScalarTableRow04.lean:144:4: Used `tac1 <;> tac2` where `(tac1; tac2)` would suffice

Note: This linter can be disabled with `set_option linter.unnecessarySeqFocus false`
warning: CGLMP5/ScalarTableRow04.lean:148:4: Used `tac1 <;> tac2` where `(tac1; tac2)` would suffice

Note: This linter can be disabled with `set_option linter.unnecessarySeqFocus false`
warning: CGLMP5/ScalarTableRow04.lean:152:4: Used `tac1 <;> tac2` where `(tac1; tac2)` would suffice

Note: This linter can be disabled with `set_option linter.unnecessarySeqFocus false`
warning: CGLMP5/ScalarTableRow04.lean:156:4: Used `tac1 <;> tac2` where `(tac1; tac2)` would suffice

Note: This linter can be disabled with `set_option linter.unnecessarySeqFocus false`
warning: CGLMP5/ScalarTableRow04.lean:160:4: Used `tac1 <;> tac2` where `(tac1; tac2)` would suffice

Note: This linter can be disabled with `set_option linter.unnecessarySeqFocus false`
warning: CGLMP5/ScalarTableRow04.lean:164:4: Used `tac1 <;> tac2` where `(tac1; tac2)` would suffice

Note: This linter can be disabled with `set_option linter.unnecessarySeqFocus false`
warning: CGLMP5/ScalarTableRow04.lean:168:4: Used `tac1 <;> tac2` where `(tac1; tac2)` would suffice

Note: This linter can be disabled with `set_option linter.unnecessarySeqFocus false`
warning: CGLMP5/ScalarTableRow04.lean:172:4: Used `tac1 <;> tac2` where `(tac1; tac2)` would suffice

Note: This linter can be disabled with `set_option linter.unnecessarySeqFocus false`
warning: CGLMP5/ScalarTableRow04.lean:176:4: Used `tac1 <;> tac2` where `(tac1; tac2)` would suffice

Note: This linter can be disabled with `set_option linter.unnecessarySeqFocus false`
warning: CGLMP5/ScalarTableRow04.lean:180:4: Used `tac1 <;> tac2` where `(tac1; tac2)` would suffice

Note: This linter can be disabled with `set_option linter.unnecessarySeqFocus false`
⚠ [2127/2148] Replayed CGLMP5.ScalarTableRow05
warning: CGLMP5/ScalarTableRow05.lean:88:8: Unused tactic linter: `ring` does nothing

Note: This linter can be disabled with `set_option linter.unusedTactic false`
warning: CGLMP5/ScalarTableRow05.lean:112:8: Unused tactic linter: `ring` does nothing

Note: This linter can be disabled with `set_option linter.unusedTactic false`
warning: CGLMP5/ScalarTableRow05.lean:136:8: Unused tactic linter: `ring` does nothing

Note: This linter can be disabled with `set_option linter.unusedTactic false`
warning: CGLMP5/ScalarTableRow05.lean:88:8: this tactic is never executed

Note: This linter can be disabled with `set_option linter.unreachableTactic false`
warning: CGLMP5/ScalarTableRow05.lean:112:8: this tactic is never executed

Note: This linter can be disabled with `set_option linter.unreachableTactic false`
warning: CGLMP5/ScalarTableRow05.lean:136:8: this tactic is never executed

Note: This linter can be disabled with `set_option linter.unreachableTactic false`
warning: CGLMP5/ScalarTableRow05.lean:92:4: Used `tac1 <;> tac2` where `(tac1; tac2)` would suffice

Note: This linter can be disabled with `set_option linter.unnecessarySeqFocus false`
warning: CGLMP5/ScalarTableRow05.lean:96:4: Used `tac1 <;> tac2` where `(tac1; tac2)` would suffice

Note: This linter can be disabled with `set_option linter.unnecessarySeqFocus false`
warning: CGLMP5/ScalarTableRow05.lean:100:4: Used `tac1 <;> tac2` where `(tac1; tac2)` would suffice

Note: This linter can be disabled with `set_option linter.unnecessarySeqFocus false`
warning: CGLMP5/ScalarTableRow05.lean:104:4: Used `tac1 <;> tac2` where `(tac1; tac2)` would suffice

Note: This linter can be disabled with `set_option linter.unnecessarySeqFocus false`
warning: CGLMP5/ScalarTableRow05.lean:108:4: Used `tac1 <;> tac2` where `(tac1; tac2)` would suffice

Note: This linter can be disabled with `set_option linter.unnecessarySeqFocus false`
warning: CGLMP5/ScalarTableRow05.lean:116:4: Used `tac1 <;> tac2` where `(tac1; tac2)` would suffice

Note: This linter can be disabled with `set_option linter.unnecessarySeqFocus false`
warning: CGLMP5/ScalarTableRow05.lean:120:4: Used `tac1 <;> tac2` where `(tac1; tac2)` would suffice

Note: This linter can be disabled with `set_option linter.unnecessarySeqFocus false`
warning: CGLMP5/ScalarTableRow05.lean:124:4: Used `tac1 <;> tac2` where `(tac1; tac2)` would suffice

Note: This linter can be disabled with `set_option linter.unnecessarySeqFocus false`
warning: CGLMP5/ScalarTableRow05.lean:128:4: Used `tac1 <;> tac2` where `(tac1; tac2)` would suffice

Note: This linter can be disabled with `set_option linter.unnecessarySeqFocus false`
warning: CGLMP5/ScalarTableRow05.lean:132:4: Used `tac1 <;> tac2` where `(tac1; tac2)` would suffice

Note: This linter can be disabled with `set_option linter.unnecessarySeqFocus false`
warning: CGLMP5/ScalarTableRow05.lean:140:4: Used `tac1 <;> tac2` where `(tac1; tac2)` would suffice

Note: This linter can be disabled with `set_option linter.unnecessarySeqFocus false`
warning: CGLMP5/ScalarTableRow05.lean:144:4: Used `tac1 <;> tac2` where `(tac1; tac2)` would suffice

Note: This linter can be disabled with `set_option linter.unnecessarySeqFocus false`
warning: CGLMP5/ScalarTableRow05.lean:148:4: Used `tac1 <;> tac2` where `(tac1; tac2)` would suffice

Note: This linter can be disabled with `set_option linter.unnecessarySeqFocus false`
warning: CGLMP5/ScalarTableRow05.lean:152:4: Used `tac1 <;> tac2` where `(tac1; tac2)` would suffice

Note: This linter can be disabled with `set_option linter.unnecessarySeqFocus false`
warning: CGLMP5/ScalarTableRow05.lean:156:4: Used `tac1 <;> tac2` where `(tac1; tac2)` would suffice

Note: This linter can be disabled with `set_option linter.unnecessarySeqFocus false`
warning: CGLMP5/ScalarTableRow05.lean:160:4: Used `tac1 <;> tac2` where `(tac1; tac2)` would suffice

Note: This linter can be disabled with `set_option linter.unnecessarySeqFocus false`
warning: CGLMP5/ScalarTableRow05.lean:164:4: Used `tac1 <;> tac2` where `(tac1; tac2)` would suffice

Note: This linter can be disabled with `set_option linter.unnecessarySeqFocus false`
warning: CGLMP5/ScalarTableRow05.lean:168:4: Used `tac1 <;> tac2` where `(tac1; tac2)` would suffice

Note: This linter can be disabled with `set_option linter.unnecessarySeqFocus false`
warning: CGLMP5/ScalarTableRow05.lean:172:4: Used `tac1 <;> tac2` where `(tac1; tac2)` would suffice

Note: This linter can be disabled with `set_option linter.unnecessarySeqFocus false`
warning: CGLMP5/ScalarTableRow05.lean:176:4: Used `tac1 <;> tac2` where `(tac1; tac2)` would suffice

Note: This linter can be disabled with `set_option linter.unnecessarySeqFocus false`
warning: CGLMP5/ScalarTableRow05.lean:180:4: Used `tac1 <;> tac2` where `(tac1; tac2)` would suffice

Note: This linter can be disabled with `set_option linter.unnecessarySeqFocus false`
⚠ [2128/2148] Replayed CGLMP5.ScalarTableRow06
warning: CGLMP5/ScalarTableRow06.lean:88:8: Unused tactic linter: `ring` does nothing

Note: This linter can be disabled with `set_option linter.unusedTactic false`
warning: CGLMP5/ScalarTableRow06.lean:136:8: Unused tactic linter: `ring` does nothing

Note: This linter can be disabled with `set_option linter.unusedTactic false`
warning: CGLMP5/ScalarTableRow06.lean:88:8: this tactic is never executed

Note: This linter can be disabled with `set_option linter.unreachableTactic false`
warning: CGLMP5/ScalarTableRow06.lean:136:8: this tactic is never executed

Note: This linter can be disabled with `set_option linter.unreachableTactic false`
warning: CGLMP5/ScalarTableRow06.lean:92:4: Used `tac1 <;> tac2` where `(tac1; tac2)` would suffice

Note: This linter can be disabled with `set_option linter.unnecessarySeqFocus false`
warning: CGLMP5/ScalarTableRow06.lean:96:4: Used `tac1 <;> tac2` where `(tac1; tac2)` would suffice

Note: This linter can be disabled with `set_option linter.unnecessarySeqFocus false`
warning: CGLMP5/ScalarTableRow06.lean:100:4: Used `tac1 <;> tac2` where `(tac1; tac2)` would suffice

Note: This linter can be disabled with `set_option linter.unnecessarySeqFocus false`
warning: CGLMP5/ScalarTableRow06.lean:104:4: Used `tac1 <;> tac2` where `(tac1; tac2)` would suffice

Note: This linter can be disabled with `set_option linter.unnecessarySeqFocus false`
warning: CGLMP5/ScalarTableRow06.lean:108:4: Used `tac1 <;> tac2` where `(tac1; tac2)` would suffice

Note: This linter can be disabled with `set_option linter.unnecessarySeqFocus false`
warning: CGLMP5/ScalarTableRow06.lean:112:4: Used `tac1 <;> tac2` where `(tac1; tac2)` would suffice

Note: This linter can be disabled with `set_option linter.unnecessarySeqFocus false`
warning: CGLMP5/ScalarTableRow06.lean:116:4: Used `tac1 <;> tac2` where `(tac1; tac2)` would suffice

Note: This linter can be disabled with `set_option linter.unnecessarySeqFocus false`
warning: CGLMP5/ScalarTableRow06.lean:120:4: Used `tac1 <;> tac2` where `(tac1; tac2)` would suffice

Note: This linter can be disabled with `set_option linter.unnecessarySeqFocus false`
warning: CGLMP5/ScalarTableRow06.lean:124:4: Used `tac1 <;> tac2` where `(tac1; tac2)` would suffice

Note: This linter can be disabled with `set_option linter.unnecessarySeqFocus false`
warning: CGLMP5/ScalarTableRow06.lean:128:4: Used `tac1 <;> tac2` where `(tac1; tac2)` would suffice

Note: This linter can be disabled with `set_option linter.unnecessarySeqFocus false`
warning: CGLMP5/ScalarTableRow06.lean:132:4: Used `tac1 <;> tac2` where `(tac1; tac2)` would suffice

Note: This linter can be disabled with `set_option linter.unnecessarySeqFocus false`
warning: CGLMP5/ScalarTableRow06.lean:140:4: Used `tac1 <;> tac2` where `(tac1; tac2)` would suffice

Note: This linter can be disabled with `set_option linter.unnecessarySeqFocus false`
warning: CGLMP5/ScalarTableRow06.lean:144:4: Used `tac1 <;> tac2` where `(tac1; tac2)` would suffice

Note: This linter can be disabled with `set_option linter.unnecessarySeqFocus false`
warning: CGLMP5/ScalarTableRow06.lean:148:4: Used `tac1 <;> tac2` where `(tac1; tac2)` would suffice

Note: This linter can be disabled with `set_option linter.unnecessarySeqFocus false`
warning: CGLMP5/ScalarTableRow06.lean:152:4: Used `tac1 <;> tac2` where `(tac1; tac2)` would suffice

Note: This linter can be disabled with `set_option linter.unnecessarySeqFocus false`
warning: CGLMP5/ScalarTableRow06.lean:156:4: Used `tac1 <;> tac2` where `(tac1; tac2)` would suffice

Note: This linter can be disabled with `set_option linter.unnecessarySeqFocus false`
warning: CGLMP5/ScalarTableRow06.lean:160:4: Used `tac1 <;> tac2` where `(tac1; tac2)` would suffice

Note: This linter can be disabled with `set_option linter.unnecessarySeqFocus false`
warning: CGLMP5/ScalarTableRow06.lean:164:4: Used `tac1 <;> tac2` where `(tac1; tac2)` would suffice

Note: This linter can be disabled with `set_option linter.unnecessarySeqFocus false`
warning: CGLMP5/ScalarTableRow06.lean:168:4: Used `tac1 <;> tac2` where `(tac1; tac2)` would suffice

Note: This linter can be disabled with `set_option linter.unnecessarySeqFocus false`
warning: CGLMP5/ScalarTableRow06.lean:172:4: Used `tac1 <;> tac2` where `(tac1; tac2)` would suffice

Note: This linter can be disabled with `set_option linter.unnecessarySeqFocus false`
warning: CGLMP5/ScalarTableRow06.lean:176:4: Used `tac1 <;> tac2` where `(tac1; tac2)` would suffice

Note: This linter can be disabled with `set_option linter.unnecessarySeqFocus false`
warning: CGLMP5/ScalarTableRow06.lean:180:4: Used `tac1 <;> tac2` where `(tac1; tac2)` would suffice

Note: This linter can be disabled with `set_option linter.unnecessarySeqFocus false`
⚠ [2129/2148] Replayed CGLMP5.ScalarTableRow07
warning: CGLMP5/ScalarTableRow07.lean:88:8: Unused tactic linter: `ring` does nothing

Note: This linter can be disabled with `set_option linter.unusedTactic false`
warning: CGLMP5/ScalarTableRow07.lean:136:8: Unused tactic linter: `ring` does nothing

Note: This linter can be disabled with `set_option linter.unusedTactic false`
warning: CGLMP5/ScalarTableRow07.lean:88:8: this tactic is never executed

Note: This linter can be disabled with `set_option linter.unreachableTactic false`
warning: CGLMP5/ScalarTableRow07.lean:136:8: this tactic is never executed

Note: This linter can be disabled with `set_option linter.unreachableTactic false`
warning: CGLMP5/ScalarTableRow07.lean:92:4: Used `tac1 <;> tac2` where `(tac1; tac2)` would suffice

Note: This linter can be disabled with `set_option linter.unnecessarySeqFocus false`
warning: CGLMP5/ScalarTableRow07.lean:96:4: Used `tac1 <;> tac2` where `(tac1; tac2)` would suffice

Note: This linter can be disabled with `set_option linter.unnecessarySeqFocus false`
warning: CGLMP5/ScalarTableRow07.lean:100:4: Used `tac1 <;> tac2` where `(tac1; tac2)` would suffice

Note: This linter can be disabled with `set_option linter.unnecessarySeqFocus false`
warning: CGLMP5/ScalarTableRow07.lean:104:4: Used `tac1 <;> tac2` where `(tac1; tac2)` would suffice

Note: This linter can be disabled with `set_option linter.unnecessarySeqFocus false`
warning: CGLMP5/ScalarTableRow07.lean:108:4: Used `tac1 <;> tac2` where `(tac1; tac2)` would suffice

Note: This linter can be disabled with `set_option linter.unnecessarySeqFocus false`
warning: CGLMP5/ScalarTableRow07.lean:112:4: Used `tac1 <;> tac2` where `(tac1; tac2)` would suffice

Note: This linter can be disabled with `set_option linter.unnecessarySeqFocus false`
warning: CGLMP5/ScalarTableRow07.lean:116:4: Used `tac1 <;> tac2` where `(tac1; tac2)` would suffice

Note: This linter can be disabled with `set_option linter.unnecessarySeqFocus false`
warning: CGLMP5/ScalarTableRow07.lean:120:4: Used `tac1 <;> tac2` where `(tac1; tac2)` would suffice

Note: This linter can be disabled with `set_option linter.unnecessarySeqFocus false`
warning: CGLMP5/ScalarTableRow07.lean:124:4: Used `tac1 <;> tac2` where `(tac1; tac2)` would suffice

Note: This linter can be disabled with `set_option linter.unnecessarySeqFocus false`
warning: CGLMP5/ScalarTableRow07.lean:128:4: Used `tac1 <;> tac2` where `(tac1; tac2)` would suffice

Note: This linter can be disabled with `set_option linter.unnecessarySeqFocus false`
warning: CGLMP5/ScalarTableRow07.lean:132:4: Used `tac1 <;> tac2` where `(tac1; tac2)` would suffice

Note: This linter can be disabled with `set_option linter.unnecessarySeqFocus false`
warning: CGLMP5/ScalarTableRow07.lean:140:4: Used `tac1 <;> tac2` where `(tac1; tac2)` would suffice

Note: This linter can be disabled with `set_option linter.unnecessarySeqFocus false`
warning: CGLMP5/ScalarTableRow07.lean:144:4: Used `tac1 <;> tac2` where `(tac1; tac2)` would suffice

Note: This linter can be disabled with `set_option linter.unnecessarySeqFocus false`
warning: CGLMP5/ScalarTableRow07.lean:148:4: Used `tac1 <;> tac2` where `(tac1; tac2)` would suffice

Note: This linter can be disabled with `set_option linter.unnecessarySeqFocus false`
warning: CGLMP5/ScalarTableRow07.lean:152:4: Used `tac1 <;> tac2` where `(tac1; tac2)` would suffice

Note: This linter can be disabled with `set_option linter.unnecessarySeqFocus false`
warning: CGLMP5/ScalarTableRow07.lean:156:4: Used `tac1 <;> tac2` where `(tac1; tac2)` would suffice

Note: This linter can be disabled with `set_option linter.unnecessarySeqFocus false`
warning: CGLMP5/ScalarTableRow07.lean:160:4: Used `tac1 <;> tac2` where `(tac1; tac2)` would suffice

Note: This linter can be disabled with `set_option linter.unnecessarySeqFocus false`
warning: CGLMP5/ScalarTableRow07.lean:164:4: Used `tac1 <;> tac2` where `(tac1; tac2)` would suffice

Note: This linter can be disabled with `set_option linter.unnecessarySeqFocus false`
warning: CGLMP5/ScalarTableRow07.lean:168:4: Used `tac1 <;> tac2` where `(tac1; tac2)` would suffice

Note: This linter can be disabled with `set_option linter.unnecessarySeqFocus false`
warning: CGLMP5/ScalarTableRow07.lean:172:4: Used `tac1 <;> tac2` where `(tac1; tac2)` would suffice

Note: This linter can be disabled with `set_option linter.unnecessarySeqFocus false`
warning: CGLMP5/ScalarTableRow07.lean:176:4: Used `tac1 <;> tac2` where `(tac1; tac2)` would suffice

Note: This linter can be disabled with `set_option linter.unnecessarySeqFocus false`
warning: CGLMP5/ScalarTableRow07.lean:180:4: Used `tac1 <;> tac2` where `(tac1; tac2)` would suffice

Note: This linter can be disabled with `set_option linter.unnecessarySeqFocus false`
⚠ [2130/2148] Replayed CGLMP5.ScalarTableRow08
warning: CGLMP5/ScalarTableRow08.lean:88:8: Unused tactic linter: `ring` does nothing

Note: This linter can be disabled with `set_option linter.unusedTactic false`
warning: CGLMP5/ScalarTableRow08.lean:136:8: Unused tactic linter: `ring` does nothing

Note: This linter can be disabled with `set_option linter.unusedTactic false`
warning: CGLMP5/ScalarTableRow08.lean:88:8: this tactic is never executed

Note: This linter can be disabled with `set_option linter.unreachableTactic false`
warning: CGLMP5/ScalarTableRow08.lean:136:8: this tactic is never executed

Note: This linter can be disabled with `set_option linter.unreachableTactic false`
warning: CGLMP5/ScalarTableRow08.lean:92:4: Used `tac1 <;> tac2` where `(tac1; tac2)` would suffice

Note: This linter can be disabled with `set_option linter.unnecessarySeqFocus false`
warning: CGLMP5/ScalarTableRow08.lean:96:4: Used `tac1 <;> tac2` where `(tac1; tac2)` would suffice

Note: This linter can be disabled with `set_option linter.unnecessarySeqFocus false`
warning: CGLMP5/ScalarTableRow08.lean:100:4: Used `tac1 <;> tac2` where `(tac1; tac2)` would suffice

Note: This linter can be disabled with `set_option linter.unnecessarySeqFocus false`
warning: CGLMP5/ScalarTableRow08.lean:104:4: Used `tac1 <;> tac2` where `(tac1; tac2)` would suffice

Note: This linter can be disabled with `set_option linter.unnecessarySeqFocus false`
warning: CGLMP5/ScalarTableRow08.lean:108:4: Used `tac1 <;> tac2` where `(tac1; tac2)` would suffice

Note: This linter can be disabled with `set_option linter.unnecessarySeqFocus false`
warning: CGLMP5/ScalarTableRow08.lean:112:4: Used `tac1 <;> tac2` where `(tac1; tac2)` would suffice

Note: This linter can be disabled with `set_option linter.unnecessarySeqFocus false`
warning: CGLMP5/ScalarTableRow08.lean:116:4: Used `tac1 <;> tac2` where `(tac1; tac2)` would suffice

Note: This linter can be disabled with `set_option linter.unnecessarySeqFocus false`
warning: CGLMP5/ScalarTableRow08.lean:120:4: Used `tac1 <;> tac2` where `(tac1; tac2)` would suffice

Note: This linter can be disabled with `set_option linter.unnecessarySeqFocus false`
warning: CGLMP5/ScalarTableRow08.lean:124:4: Used `tac1 <;> tac2` where `(tac1; tac2)` would suffice

Note: This linter can be disabled with `set_option linter.unnecessarySeqFocus false`
warning: CGLMP5/ScalarTableRow08.lean:128:4: Used `tac1 <;> tac2` where `(tac1; tac2)` would suffice

Note: This linter can be disabled with `set_option linter.unnecessarySeqFocus false`
warning: CGLMP5/ScalarTableRow08.lean:132:4: Used `tac1 <;> tac2` where `(tac1; tac2)` would suffice

Note: This linter can be disabled with `set_option linter.unnecessarySeqFocus false`
warning: CGLMP5/ScalarTableRow08.lean:140:4: Used `tac1 <;> tac2` where `(tac1; tac2)` would suffice

Note: This linter can be disabled with `set_option linter.unnecessarySeqFocus false`
warning: CGLMP5/ScalarTableRow08.lean:144:4: Used `tac1 <;> tac2` where `(tac1; tac2)` would suffice

Note: This linter can be disabled with `set_option linter.unnecessarySeqFocus false`
warning: CGLMP5/ScalarTableRow08.lean:148:4: Used `tac1 <;> tac2` where `(tac1; tac2)` would suffice

Note: This linter can be disabled with `set_option linter.unnecessarySeqFocus false`
warning: CGLMP5/ScalarTableRow08.lean:152:4: Used `tac1 <;> tac2` where `(tac1; tac2)` would suffice

Note: This linter can be disabled with `set_option linter.unnecessarySeqFocus false`
warning: CGLMP5/ScalarTableRow08.lean:156:4: Used `tac1 <;> tac2` where `(tac1; tac2)` would suffice

Note: This linter can be disabled with `set_option linter.unnecessarySeqFocus false`
warning: CGLMP5/ScalarTableRow08.lean:160:4: Used `tac1 <;> tac2` where `(tac1; tac2)` would suffice

Note: This linter can be disabled with `set_option linter.unnecessarySeqFocus false`
warning: CGLMP5/ScalarTableRow08.lean:164:4: Used `tac1 <;> tac2` where `(tac1; tac2)` would suffice

Note: This linter can be disabled with `set_option linter.unnecessarySeqFocus false`
warning: CGLMP5/ScalarTableRow08.lean:168:4: Used `tac1 <;> tac2` where `(tac1; tac2)` would suffice

Note: This linter can be disabled with `set_option linter.unnecessarySeqFocus false`
warning: CGLMP5/ScalarTableRow08.lean:172:4: Used `tac1 <;> tac2` where `(tac1; tac2)` would suffice

Note: This linter can be disabled with `set_option linter.unnecessarySeqFocus false`
warning: CGLMP5/ScalarTableRow08.lean:176:4: Used `tac1 <;> tac2` where `(tac1; tac2)` would suffice

Note: This linter can be disabled with `set_option linter.unnecessarySeqFocus false`
warning: CGLMP5/ScalarTableRow08.lean:180:4: Used `tac1 <;> tac2` where `(tac1; tac2)` would suffice

Note: This linter can be disabled with `set_option linter.unnecessarySeqFocus false`
⚠ [2131/2148] Replayed CGLMP5.ScalarTableRow09
warning: CGLMP5/ScalarTableRow09.lean:88:8: Unused tactic linter: `ring` does nothing

Note: This linter can be disabled with `set_option linter.unusedTactic false`
warning: CGLMP5/ScalarTableRow09.lean:136:8: Unused tactic linter: `ring` does nothing

Note: This linter can be disabled with `set_option linter.unusedTactic false`
warning: CGLMP5/ScalarTableRow09.lean:88:8: this tactic is never executed

Note: This linter can be disabled with `set_option linter.unreachableTactic false`
warning: CGLMP5/ScalarTableRow09.lean:136:8: this tactic is never executed

Note: This linter can be disabled with `set_option linter.unreachableTactic false`
warning: CGLMP5/ScalarTableRow09.lean:92:4: Used `tac1 <;> tac2` where `(tac1; tac2)` would suffice

Note: This linter can be disabled with `set_option linter.unnecessarySeqFocus false`
warning: CGLMP5/ScalarTableRow09.lean:96:4: Used `tac1 <;> tac2` where `(tac1; tac2)` would suffice

Note: This linter can be disabled with `set_option linter.unnecessarySeqFocus false`
warning: CGLMP5/ScalarTableRow09.lean:100:4: Used `tac1 <;> tac2` where `(tac1; tac2)` would suffice

Note: This linter can be disabled with `set_option linter.unnecessarySeqFocus false`
warning: CGLMP5/ScalarTableRow09.lean:104:4: Used `tac1 <;> tac2` where `(tac1; tac2)` would suffice

Note: This linter can be disabled with `set_option linter.unnecessarySeqFocus false`
warning: CGLMP5/ScalarTableRow09.lean:108:4: Used `tac1 <;> tac2` where `(tac1; tac2)` would suffice

Note: This linter can be disabled with `set_option linter.unnecessarySeqFocus false`
warning: CGLMP5/ScalarTableRow09.lean:112:4: Used `tac1 <;> tac2` where `(tac1; tac2)` would suffice

Note: This linter can be disabled with `set_option linter.unnecessarySeqFocus false`
warning: CGLMP5/ScalarTableRow09.lean:116:4: Used `tac1 <;> tac2` where `(tac1; tac2)` would suffice

Note: This linter can be disabled with `set_option linter.unnecessarySeqFocus false`
warning: CGLMP5/ScalarTableRow09.lean:120:4: Used `tac1 <;> tac2` where `(tac1; tac2)` would suffice

Note: This linter can be disabled with `set_option linter.unnecessarySeqFocus false`
warning: CGLMP5/ScalarTableRow09.lean:124:4: Used `tac1 <;> tac2` where `(tac1; tac2)` would suffice

Note: This linter can be disabled with `set_option linter.unnecessarySeqFocus false`
warning: CGLMP5/ScalarTableRow09.lean:128:4: Used `tac1 <;> tac2` where `(tac1; tac2)` would suffice

Note: This linter can be disabled with `set_option linter.unnecessarySeqFocus false`
warning: CGLMP5/ScalarTableRow09.lean:132:4: Used `tac1 <;> tac2` where `(tac1; tac2)` would suffice

Note: This linter can be disabled with `set_option linter.unnecessarySeqFocus false`
warning: CGLMP5/ScalarTableRow09.lean:140:4: Used `tac1 <;> tac2` where `(tac1; tac2)` would suffice

Note: This linter can be disabled with `set_option linter.unnecessarySeqFocus false`
warning: CGLMP5/ScalarTableRow09.lean:144:4: Used `tac1 <;> tac2` where `(tac1; tac2)` would suffice

Note: This linter can be disabled with `set_option linter.unnecessarySeqFocus false`
warning: CGLMP5/ScalarTableRow09.lean:148:4: Used `tac1 <;> tac2` where `(tac1; tac2)` would suffice

Note: This linter can be disabled with `set_option linter.unnecessarySeqFocus false`
warning: CGLMP5/ScalarTableRow09.lean:152:4: Used `tac1 <;> tac2` where `(tac1; tac2)` would suffice

Note: This linter can be disabled with `set_option linter.unnecessarySeqFocus false`
warning: CGLMP5/ScalarTableRow09.lean:156:4: Used `tac1 <;> tac2` where `(tac1; tac2)` would suffice

Note: This linter can be disabled with `set_option linter.unnecessarySeqFocus false`
warning: CGLMP5/ScalarTableRow09.lean:160:4: Used `tac1 <;> tac2` where `(tac1; tac2)` would suffice

Note: This linter can be disabled with `set_option linter.unnecessarySeqFocus false`
warning: CGLMP5/ScalarTableRow09.lean:164:4: Used `tac1 <;> tac2` where `(tac1; tac2)` would suffice

Note: This linter can be disabled with `set_option linter.unnecessarySeqFocus false`
warning: CGLMP5/ScalarTableRow09.lean:168:4: Used `tac1 <;> tac2` where `(tac1; tac2)` would suffice

Note: This linter can be disabled with `set_option linter.unnecessarySeqFocus false`
warning: CGLMP5/ScalarTableRow09.lean:172:4: Used `tac1 <;> tac2` where `(tac1; tac2)` would suffice

Note: This linter can be disabled with `set_option linter.unnecessarySeqFocus false`
warning: CGLMP5/ScalarTableRow09.lean:176:4: Used `tac1 <;> tac2` where `(tac1; tac2)` would suffice

Note: This linter can be disabled with `set_option linter.unnecessarySeqFocus false`
warning: CGLMP5/ScalarTableRow09.lean:180:4: Used `tac1 <;> tac2` where `(tac1; tac2)` would suffice

Note: This linter can be disabled with `set_option linter.unnecessarySeqFocus false`
⚠ [2132/2148] Replayed CGLMP5.ScalarTableRow10
warning: CGLMP5/ScalarTableRow10.lean:88:8: Unused tactic linter: `ring` does nothing

Note: This linter can be disabled with `set_option linter.unusedTactic false`
warning: CGLMP5/ScalarTableRow10.lean:136:8: Unused tactic linter: `ring` does nothing

Note: This linter can be disabled with `set_option linter.unusedTactic false`
warning: CGLMP5/ScalarTableRow10.lean:88:8: this tactic is never executed

Note: This linter can be disabled with `set_option linter.unreachableTactic false`
warning: CGLMP5/ScalarTableRow10.lean:136:8: this tactic is never executed

Note: This linter can be disabled with `set_option linter.unreachableTactic false`
warning: CGLMP5/ScalarTableRow10.lean:92:4: Used `tac1 <;> tac2` where `(tac1; tac2)` would suffice

Note: This linter can be disabled with `set_option linter.unnecessarySeqFocus false`
warning: CGLMP5/ScalarTableRow10.lean:96:4: Used `tac1 <;> tac2` where `(tac1; tac2)` would suffice

Note: This linter can be disabled with `set_option linter.unnecessarySeqFocus false`
warning: CGLMP5/ScalarTableRow10.lean:100:4: Used `tac1 <;> tac2` where `(tac1; tac2)` would suffice

Note: This linter can be disabled with `set_option linter.unnecessarySeqFocus false`
warning: CGLMP5/ScalarTableRow10.lean:104:4: Used `tac1 <;> tac2` where `(tac1; tac2)` would suffice

Note: This linter can be disabled with `set_option linter.unnecessarySeqFocus false`
warning: CGLMP5/ScalarTableRow10.lean:108:4: Used `tac1 <;> tac2` where `(tac1; tac2)` would suffice

Note: This linter can be disabled with `set_option linter.unnecessarySeqFocus false`
warning: CGLMP5/ScalarTableRow10.lean:112:4: Used `tac1 <;> tac2` where `(tac1; tac2)` would suffice

Note: This linter can be disabled with `set_option linter.unnecessarySeqFocus false`
warning: CGLMP5/ScalarTableRow10.lean:116:4: Used `tac1 <;> tac2` where `(tac1; tac2)` would suffice

Note: This linter can be disabled with `set_option linter.unnecessarySeqFocus false`
warning: CGLMP5/ScalarTableRow10.lean:120:4: Used `tac1 <;> tac2` where `(tac1; tac2)` would suffice

Note: This linter can be disabled with `set_option linter.unnecessarySeqFocus false`
warning: CGLMP5/ScalarTableRow10.lean:124:4: Used `tac1 <;> tac2` where `(tac1; tac2)` would suffice

Note: This linter can be disabled with `set_option linter.unnecessarySeqFocus false`
warning: CGLMP5/ScalarTableRow10.lean:128:4: Used `tac1 <;> tac2` where `(tac1; tac2)` would suffice

Note: This linter can be disabled with `set_option linter.unnecessarySeqFocus false`
warning: CGLMP5/ScalarTableRow10.lean:132:4: Used `tac1 <;> tac2` where `(tac1; tac2)` would suffice

Note: This linter can be disabled with `set_option linter.unnecessarySeqFocus false`
warning: CGLMP5/ScalarTableRow10.lean:140:4: Used `tac1 <;> tac2` where `(tac1; tac2)` would suffice

Note: This linter can be disabled with `set_option linter.unnecessarySeqFocus false`
warning: CGLMP5/ScalarTableRow10.lean:144:4: Used `tac1 <;> tac2` where `(tac1; tac2)` would suffice

Note: This linter can be disabled with `set_option linter.unnecessarySeqFocus false`
warning: CGLMP5/ScalarTableRow10.lean:148:4: Used `tac1 <;> tac2` where `(tac1; tac2)` would suffice

Note: This linter can be disabled with `set_option linter.unnecessarySeqFocus false`
warning: CGLMP5/ScalarTableRow10.lean:152:4: Used `tac1 <;> tac2` where `(tac1; tac2)` would suffice

Note: This linter can be disabled with `set_option linter.unnecessarySeqFocus false`
warning: CGLMP5/ScalarTableRow10.lean:156:4: Used `tac1 <;> tac2` where `(tac1; tac2)` would suffice

Note: This linter can be disabled with `set_option linter.unnecessarySeqFocus false`
warning: CGLMP5/ScalarTableRow10.lean:160:4: Used `tac1 <;> tac2` where `(tac1; tac2)` would suffice

Note: This linter can be disabled with `set_option linter.unnecessarySeqFocus false`
warning: CGLMP5/ScalarTableRow10.lean:164:4: Used `tac1 <;> tac2` where `(tac1; tac2)` would suffice

Note: This linter can be disabled with `set_option linter.unnecessarySeqFocus false`
warning: CGLMP5/ScalarTableRow10.lean:168:4: Used `tac1 <;> tac2` where `(tac1; tac2)` would suffice

Note: This linter can be disabled with `set_option linter.unnecessarySeqFocus false`
warning: CGLMP5/ScalarTableRow10.lean:172:4: Used `tac1 <;> tac2` where `(tac1; tac2)` would suffice

Note: This linter can be disabled with `set_option linter.unnecessarySeqFocus false`
warning: CGLMP5/ScalarTableRow10.lean:176:4: Used `tac1 <;> tac2` where `(tac1; tac2)` would suffice

Note: This linter can be disabled with `set_option linter.unnecessarySeqFocus false`
warning: CGLMP5/ScalarTableRow10.lean:180:4: Used `tac1 <;> tac2` where `(tac1; tac2)` would suffice

Note: This linter can be disabled with `set_option linter.unnecessarySeqFocus false`
⚠ [2133/2148] Replayed CGLMP5.ScalarTableRow11
warning: CGLMP5/ScalarTableRow11.lean:88:8: Unused tactic linter: `ring` does nothing

Note: This linter can be disabled with `set_option linter.unusedTactic false`
warning: CGLMP5/ScalarTableRow11.lean:136:8: Unused tactic linter: `ring` does nothing

Note: This linter can be disabled with `set_option linter.unusedTactic false`
warning: CGLMP5/ScalarTableRow11.lean:88:8: this tactic is never executed

Note: This linter can be disabled with `set_option linter.unreachableTactic false`
warning: CGLMP5/ScalarTableRow11.lean:136:8: this tactic is never executed

Note: This linter can be disabled with `set_option linter.unreachableTactic false`
warning: CGLMP5/ScalarTableRow11.lean:92:4: Used `tac1 <;> tac2` where `(tac1; tac2)` would suffice

Note: This linter can be disabled with `set_option linter.unnecessarySeqFocus false`
warning: CGLMP5/ScalarTableRow11.lean:96:4: Used `tac1 <;> tac2` where `(tac1; tac2)` would suffice

Note: This linter can be disabled with `set_option linter.unnecessarySeqFocus false`
warning: CGLMP5/ScalarTableRow11.lean:100:4: Used `tac1 <;> tac2` where `(tac1; tac2)` would suffice

Note: This linter can be disabled with `set_option linter.unnecessarySeqFocus false`
warning: CGLMP5/ScalarTableRow11.lean:104:4: Used `tac1 <;> tac2` where `(tac1; tac2)` would suffice

Note: This linter can be disabled with `set_option linter.unnecessarySeqFocus false`
warning: CGLMP5/ScalarTableRow11.lean:108:4: Used `tac1 <;> tac2` where `(tac1; tac2)` would suffice

Note: This linter can be disabled with `set_option linter.unnecessarySeqFocus false`
warning: CGLMP5/ScalarTableRow11.lean:112:4: Used `tac1 <;> tac2` where `(tac1; tac2)` would suffice

Note: This linter can be disabled with `set_option linter.unnecessarySeqFocus false`
warning: CGLMP5/ScalarTableRow11.lean:116:4: Used `tac1 <;> tac2` where `(tac1; tac2)` would suffice

Note: This linter can be disabled with `set_option linter.unnecessarySeqFocus false`
warning: CGLMP5/ScalarTableRow11.lean:120:4: Used `tac1 <;> tac2` where `(tac1; tac2)` would suffice

Note: This linter can be disabled with `set_option linter.unnecessarySeqFocus false`
warning: CGLMP5/ScalarTableRow11.lean:124:4: Used `tac1 <;> tac2` where `(tac1; tac2)` would suffice

Note: This linter can be disabled with `set_option linter.unnecessarySeqFocus false`
warning: CGLMP5/ScalarTableRow11.lean:128:4: Used `tac1 <;> tac2` where `(tac1; tac2)` would suffice

Note: This linter can be disabled with `set_option linter.unnecessarySeqFocus false`
warning: CGLMP5/ScalarTableRow11.lean:132:4: Used `tac1 <;> tac2` where `(tac1; tac2)` would suffice

Note: This linter can be disabled with `set_option linter.unnecessarySeqFocus false`
warning: CGLMP5/ScalarTableRow11.lean:140:4: Used `tac1 <;> tac2` where `(tac1; tac2)` would suffice

Note: This linter can be disabled with `set_option linter.unnecessarySeqFocus false`
warning: CGLMP5/ScalarTableRow11.lean:144:4: Used `tac1 <;> tac2` where `(tac1; tac2)` would suffice

Note: This linter can be disabled with `set_option linter.unnecessarySeqFocus false`
warning: CGLMP5/ScalarTableRow11.lean:148:4: Used `tac1 <;> tac2` where `(tac1; tac2)` would suffice

Note: This linter can be disabled with `set_option linter.unnecessarySeqFocus false`
warning: CGLMP5/ScalarTableRow11.lean:152:4: Used `tac1 <;> tac2` where `(tac1; tac2)` would suffice

Note: This linter can be disabled with `set_option linter.unnecessarySeqFocus false`
warning: CGLMP5/ScalarTableRow11.lean:156:4: Used `tac1 <;> tac2` where `(tac1; tac2)` would suffice

Note: This linter can be disabled with `set_option linter.unnecessarySeqFocus false`
warning: CGLMP5/ScalarTableRow11.lean:160:4: Used `tac1 <;> tac2` where `(tac1; tac2)` would suffice

Note: This linter can be disabled with `set_option linter.unnecessarySeqFocus false`
warning: CGLMP5/ScalarTableRow11.lean:164:4: Used `tac1 <;> tac2` where `(tac1; tac2)` would suffice

Note: This linter can be disabled with `set_option linter.unnecessarySeqFocus false`
warning: CGLMP5/ScalarTableRow11.lean:168:4: Used `tac1 <;> tac2` where `(tac1; tac2)` would suffice

Note: This linter can be disabled with `set_option linter.unnecessarySeqFocus false`
warning: CGLMP5/ScalarTableRow11.lean:172:4: Used `tac1 <;> tac2` where `(tac1; tac2)` would suffice

Note: This linter can be disabled with `set_option linter.unnecessarySeqFocus false`
warning: CGLMP5/ScalarTableRow11.lean:176:4: Used `tac1 <;> tac2` where `(tac1; tac2)` would suffice

Note: This linter can be disabled with `set_option linter.unnecessarySeqFocus false`
warning: CGLMP5/ScalarTableRow11.lean:180:4: Used `tac1 <;> tac2` where `(tac1; tac2)` would suffice

Note: This linter can be disabled with `set_option linter.unnecessarySeqFocus false`
⚠ [2134/2148] Replayed CGLMP5.ScalarTableRow12
warning: CGLMP5/ScalarTableRow12.lean:88:8: Unused tactic linter: `ring` does nothing

Note: This linter can be disabled with `set_option linter.unusedTactic false`
warning: CGLMP5/ScalarTableRow12.lean:136:8: Unused tactic linter: `linear_combination -(1) * Complex.I_sq` does nothing

Note: This linter can be disabled with `set_option linter.unusedTactic false`
warning: CGLMP5/ScalarTableRow12.lean:88:8: this tactic is never executed

Note: This linter can be disabled with `set_option linter.unreachableTactic false`
warning: CGLMP5/ScalarTableRow12.lean:136:8: this tactic is never executed

Note: This linter can be disabled with `set_option linter.unreachableTactic false`
warning: CGLMP5/ScalarTableRow12.lean:92:4: Used `tac1 <;> tac2` where `(tac1; tac2)` would suffice

Note: This linter can be disabled with `set_option linter.unnecessarySeqFocus false`
warning: CGLMP5/ScalarTableRow12.lean:96:4: Used `tac1 <;> tac2` where `(tac1; tac2)` would suffice

Note: This linter can be disabled with `set_option linter.unnecessarySeqFocus false`
warning: CGLMP5/ScalarTableRow12.lean:100:4: Used `tac1 <;> tac2` where `(tac1; tac2)` would suffice

Note: This linter can be disabled with `set_option linter.unnecessarySeqFocus false`
warning: CGLMP5/ScalarTableRow12.lean:104:4: Used `tac1 <;> tac2` where `(tac1; tac2)` would suffice

Note: This linter can be disabled with `set_option linter.unnecessarySeqFocus false`
warning: CGLMP5/ScalarTableRow12.lean:108:4: Used `tac1 <;> tac2` where `(tac1; tac2)` would suffice

Note: This linter can be disabled with `set_option linter.unnecessarySeqFocus false`
warning: CGLMP5/ScalarTableRow12.lean:112:4: Used `tac1 <;> tac2` where `(tac1; tac2)` would suffice

Note: This linter can be disabled with `set_option linter.unnecessarySeqFocus false`
warning: CGLMP5/ScalarTableRow12.lean:116:4: Used `tac1 <;> tac2` where `(tac1; tac2)` would suffice

Note: This linter can be disabled with `set_option linter.unnecessarySeqFocus false`
warning: CGLMP5/ScalarTableRow12.lean:120:4: Used `tac1 <;> tac2` where `(tac1; tac2)` would suffice

Note: This linter can be disabled with `set_option linter.unnecessarySeqFocus false`
warning: CGLMP5/ScalarTableRow12.lean:124:4: Used `tac1 <;> tac2` where `(tac1; tac2)` would suffice

Note: This linter can be disabled with `set_option linter.unnecessarySeqFocus false`
warning: CGLMP5/ScalarTableRow12.lean:128:4: Used `tac1 <;> tac2` where `(tac1; tac2)` would suffice

Note: This linter can be disabled with `set_option linter.unnecessarySeqFocus false`
warning: CGLMP5/ScalarTableRow12.lean:132:4: Used `tac1 <;> tac2` where `(tac1; tac2)` would suffice

Note: This linter can be disabled with `set_option linter.unnecessarySeqFocus false`
warning: CGLMP5/ScalarTableRow12.lean:140:4: Used `tac1 <;> tac2` where `(tac1; tac2)` would suffice

Note: This linter can be disabled with `set_option linter.unnecessarySeqFocus false`
warning: CGLMP5/ScalarTableRow12.lean:144:4: Used `tac1 <;> tac2` where `(tac1; tac2)` would suffice

Note: This linter can be disabled with `set_option linter.unnecessarySeqFocus false`
warning: CGLMP5/ScalarTableRow12.lean:148:4: Used `tac1 <;> tac2` where `(tac1; tac2)` would suffice

Note: This linter can be disabled with `set_option linter.unnecessarySeqFocus false`
warning: CGLMP5/ScalarTableRow12.lean:152:4: Used `tac1 <;> tac2` where `(tac1; tac2)` would suffice

Note: This linter can be disabled with `set_option linter.unnecessarySeqFocus false`
warning: CGLMP5/ScalarTableRow12.lean:156:4: Used `tac1 <;> tac2` where `(tac1; tac2)` would suffice

Note: This linter can be disabled with `set_option linter.unnecessarySeqFocus false`
warning: CGLMP5/ScalarTableRow12.lean:160:4: Used `tac1 <;> tac2` where `(tac1; tac2)` would suffice

Note: This linter can be disabled with `set_option linter.unnecessarySeqFocus false`
warning: CGLMP5/ScalarTableRow12.lean:164:4: Used `tac1 <;> tac2` where `(tac1; tac2)` would suffice

Note: This linter can be disabled with `set_option linter.unnecessarySeqFocus false`
warning: CGLMP5/ScalarTableRow12.lean:168:4: Used `tac1 <;> tac2` where `(tac1; tac2)` would suffice

Note: This linter can be disabled with `set_option linter.unnecessarySeqFocus false`
warning: CGLMP5/ScalarTableRow12.lean:172:4: Used `tac1 <;> tac2` where `(tac1; tac2)` would suffice

Note: This linter can be disabled with `set_option linter.unnecessarySeqFocus false`
warning: CGLMP5/ScalarTableRow12.lean:176:4: Used `tac1 <;> tac2` where `(tac1; tac2)` would suffice

Note: This linter can be disabled with `set_option linter.unnecessarySeqFocus false`
warning: CGLMP5/ScalarTableRow12.lean:180:4: Used `tac1 <;> tac2` where `(tac1; tac2)` would suffice

Note: This linter can be disabled with `set_option linter.unnecessarySeqFocus false`
⚠ [2135/2148] Replayed CGLMP5.ScalarTableRow13
warning: CGLMP5/ScalarTableRow13.lean:88:8: Unused tactic linter: `ring` does nothing

Note: This linter can be disabled with `set_option linter.unusedTactic false`
warning: CGLMP5/ScalarTableRow13.lean:88:8: this tactic is never executed

Note: This linter can be disabled with `set_option linter.unreachableTactic false`
warning: CGLMP5/ScalarTableRow13.lean:92:4: Used `tac1 <;> tac2` where `(tac1; tac2)` would suffice

Note: This linter can be disabled with `set_option linter.unnecessarySeqFocus false`
warning: CGLMP5/ScalarTableRow13.lean:96:4: Used `tac1 <;> tac2` where `(tac1; tac2)` would suffice

Note: This linter can be disabled with `set_option linter.unnecessarySeqFocus false`
warning: CGLMP5/ScalarTableRow13.lean:100:4: Used `tac1 <;> tac2` where `(tac1; tac2)` would suffice

Note: This linter can be disabled with `set_option linter.unnecessarySeqFocus false`
warning: CGLMP5/ScalarTableRow13.lean:104:4: Used `tac1 <;> tac2` where `(tac1; tac2)` would suffice

Note: This linter can be disabled with `set_option linter.unnecessarySeqFocus false`
warning: CGLMP5/ScalarTableRow13.lean:108:4: Used `tac1 <;> tac2` where `(tac1; tac2)` would suffice

Note: This linter can be disabled with `set_option linter.unnecessarySeqFocus false`
warning: CGLMP5/ScalarTableRow13.lean:112:4: Used `tac1 <;> tac2` where `(tac1; tac2)` would suffice

Note: This linter can be disabled with `set_option linter.unnecessarySeqFocus false`
warning: CGLMP5/ScalarTableRow13.lean:116:4: Used `tac1 <;> tac2` where `(tac1; tac2)` would suffice

Note: This linter can be disabled with `set_option linter.unnecessarySeqFocus false`
warning: CGLMP5/ScalarTableRow13.lean:120:4: Used `tac1 <;> tac2` where `(tac1; tac2)` would suffice

Note: This linter can be disabled with `set_option linter.unnecessarySeqFocus false`
warning: CGLMP5/ScalarTableRow13.lean:124:4: Used `tac1 <;> tac2` where `(tac1; tac2)` would suffice

Note: This linter can be disabled with `set_option linter.unnecessarySeqFocus false`
warning: CGLMP5/ScalarTableRow13.lean:128:4: Used `tac1 <;> tac2` where `(tac1; tac2)` would suffice

Note: This linter can be disabled with `set_option linter.unnecessarySeqFocus false`
warning: CGLMP5/ScalarTableRow13.lean:132:4: Used `tac1 <;> tac2` where `(tac1; tac2)` would suffice

Note: This linter can be disabled with `set_option linter.unnecessarySeqFocus false`
warning: CGLMP5/ScalarTableRow13.lean:136:4: Used `tac1 <;> tac2` where `(tac1; tac2)` would suffice

Note: This linter can be disabled with `set_option linter.unnecessarySeqFocus false`
warning: CGLMP5/ScalarTableRow13.lean:140:4: Used `tac1 <;> tac2` where `(tac1; tac2)` would suffice

Note: This linter can be disabled with `set_option linter.unnecessarySeqFocus false`
warning: CGLMP5/ScalarTableRow13.lean:144:4: Used `tac1 <;> tac2` where `(tac1; tac2)` would suffice

Note: This linter can be disabled with `set_option linter.unnecessarySeqFocus false`
warning: CGLMP5/ScalarTableRow13.lean:148:4: Used `tac1 <;> tac2` where `(tac1; tac2)` would suffice

Note: This linter can be disabled with `set_option linter.unnecessarySeqFocus false`
warning: CGLMP5/ScalarTableRow13.lean:152:4: Used `tac1 <;> tac2` where `(tac1; tac2)` would suffice

Note: This linter can be disabled with `set_option linter.unnecessarySeqFocus false`
warning: CGLMP5/ScalarTableRow13.lean:156:4: Used `tac1 <;> tac2` where `(tac1; tac2)` would suffice

Note: This linter can be disabled with `set_option linter.unnecessarySeqFocus false`
warning: CGLMP5/ScalarTableRow13.lean:160:4: Used `tac1 <;> tac2` where `(tac1; tac2)` would suffice

Note: This linter can be disabled with `set_option linter.unnecessarySeqFocus false`
warning: CGLMP5/ScalarTableRow13.lean:164:4: Used `tac1 <;> tac2` where `(tac1; tac2)` would suffice

Note: This linter can be disabled with `set_option linter.unnecessarySeqFocus false`
warning: CGLMP5/ScalarTableRow13.lean:168:4: Used `tac1 <;> tac2` where `(tac1; tac2)` would suffice

Note: This linter can be disabled with `set_option linter.unnecessarySeqFocus false`
warning: CGLMP5/ScalarTableRow13.lean:172:4: Used `tac1 <;> tac2` where `(tac1; tac2)` would suffice

Note: This linter can be disabled with `set_option linter.unnecessarySeqFocus false`
warning: CGLMP5/ScalarTableRow13.lean:176:4: Used `tac1 <;> tac2` where `(tac1; tac2)` would suffice

Note: This linter can be disabled with `set_option linter.unnecessarySeqFocus false`
warning: CGLMP5/ScalarTableRow13.lean:180:4: Used `tac1 <;> tac2` where `(tac1; tac2)` would suffice

Note: This linter can be disabled with `set_option linter.unnecessarySeqFocus false`
⚠ [2136/2148] Replayed CGLMP5.ScalarTableRow14
warning: CGLMP5/ScalarTableRow14.lean:88:8: Unused tactic linter: `ring` does nothing

Note: This linter can be disabled with `set_option linter.unusedTactic false`
warning: CGLMP5/ScalarTableRow14.lean:88:8: this tactic is never executed

Note: This linter can be disabled with `set_option linter.unreachableTactic false`
warning: CGLMP5/ScalarTableRow14.lean:92:4: Used `tac1 <;> tac2` where `(tac1; tac2)` would suffice

Note: This linter can be disabled with `set_option linter.unnecessarySeqFocus false`
warning: CGLMP5/ScalarTableRow14.lean:96:4: Used `tac1 <;> tac2` where `(tac1; tac2)` would suffice

Note: This linter can be disabled with `set_option linter.unnecessarySeqFocus false`
warning: CGLMP5/ScalarTableRow14.lean:100:4: Used `tac1 <;> tac2` where `(tac1; tac2)` would suffice

Note: This linter can be disabled with `set_option linter.unnecessarySeqFocus false`
warning: CGLMP5/ScalarTableRow14.lean:104:4: Used `tac1 <;> tac2` where `(tac1; tac2)` would suffice

Note: This linter can be disabled with `set_option linter.unnecessarySeqFocus false`
warning: CGLMP5/ScalarTableRow14.lean:108:4: Used `tac1 <;> tac2` where `(tac1; tac2)` would suffice

Note: This linter can be disabled with `set_option linter.unnecessarySeqFocus false`
warning: CGLMP5/ScalarTableRow14.lean:112:4: Used `tac1 <;> tac2` where `(tac1; tac2)` would suffice

Note: This linter can be disabled with `set_option linter.unnecessarySeqFocus false`
warning: CGLMP5/ScalarTableRow14.lean:116:4: Used `tac1 <;> tac2` where `(tac1; tac2)` would suffice

Note: This linter can be disabled with `set_option linter.unnecessarySeqFocus false`
warning: CGLMP5/ScalarTableRow14.lean:120:4: Used `tac1 <;> tac2` where `(tac1; tac2)` would suffice

Note: This linter can be disabled with `set_option linter.unnecessarySeqFocus false`
warning: CGLMP5/ScalarTableRow14.lean:124:4: Used `tac1 <;> tac2` where `(tac1; tac2)` would suffice

Note: This linter can be disabled with `set_option linter.unnecessarySeqFocus false`
warning: CGLMP5/ScalarTableRow14.lean:128:4: Used `tac1 <;> tac2` where `(tac1; tac2)` would suffice

Note: This linter can be disabled with `set_option linter.unnecessarySeqFocus false`
warning: CGLMP5/ScalarTableRow14.lean:132:4: Used `tac1 <;> tac2` where `(tac1; tac2)` would suffice

Note: This linter can be disabled with `set_option linter.unnecessarySeqFocus false`
warning: CGLMP5/ScalarTableRow14.lean:136:4: Used `tac1 <;> tac2` where `(tac1; tac2)` would suffice

Note: This linter can be disabled with `set_option linter.unnecessarySeqFocus false`
warning: CGLMP5/ScalarTableRow14.lean:140:4: Used `tac1 <;> tac2` where `(tac1; tac2)` would suffice

Note: This linter can be disabled with `set_option linter.unnecessarySeqFocus false`
warning: CGLMP5/ScalarTableRow14.lean:144:4: Used `tac1 <;> tac2` where `(tac1; tac2)` would suffice

Note: This linter can be disabled with `set_option linter.unnecessarySeqFocus false`
warning: CGLMP5/ScalarTableRow14.lean:148:4: Used `tac1 <;> tac2` where `(tac1; tac2)` would suffice

Note: This linter can be disabled with `set_option linter.unnecessarySeqFocus false`
warning: CGLMP5/ScalarTableRow14.lean:152:4: Used `tac1 <;> tac2` where `(tac1; tac2)` would suffice

Note: This linter can be disabled with `set_option linter.unnecessarySeqFocus false`
warning: CGLMP5/ScalarTableRow14.lean:156:4: Used `tac1 <;> tac2` where `(tac1; tac2)` would suffice

Note: This linter can be disabled with `set_option linter.unnecessarySeqFocus false`
warning: CGLMP5/ScalarTableRow14.lean:160:4: Used `tac1 <;> tac2` where `(tac1; tac2)` would suffice

Note: This linter can be disabled with `set_option linter.unnecessarySeqFocus false`
warning: CGLMP5/ScalarTableRow14.lean:164:4: Used `tac1 <;> tac2` where `(tac1; tac2)` would suffice

Note: This linter can be disabled with `set_option linter.unnecessarySeqFocus false`
warning: CGLMP5/ScalarTableRow14.lean:168:4: Used `tac1 <;> tac2` where `(tac1; tac2)` would suffice

Note: This linter can be disabled with `set_option linter.unnecessarySeqFocus false`
warning: CGLMP5/ScalarTableRow14.lean:172:4: Used `tac1 <;> tac2` where `(tac1; tac2)` would suffice

Note: This linter can be disabled with `set_option linter.unnecessarySeqFocus false`
warning: CGLMP5/ScalarTableRow14.lean:176:4: Used `tac1 <;> tac2` where `(tac1; tac2)` would suffice

Note: This linter can be disabled with `set_option linter.unnecessarySeqFocus false`
warning: CGLMP5/ScalarTableRow14.lean:180:4: Used `tac1 <;> tac2` where `(tac1; tac2)` would suffice

Note: This linter can be disabled with `set_option linter.unnecessarySeqFocus false`
⚠ [2137/2148] Replayed CGLMP5.ScalarTableRow15
warning: CGLMP5/ScalarTableRow15.lean:88:8: Unused tactic linter: `ring` does nothing

Note: This linter can be disabled with `set_option linter.unusedTactic false`
warning: CGLMP5/ScalarTableRow15.lean:88:8: this tactic is never executed

Note: This linter can be disabled with `set_option linter.unreachableTactic false`
warning: CGLMP5/ScalarTableRow15.lean:92:4: Used `tac1 <;> tac2` where `(tac1; tac2)` would suffice

Note: This linter can be disabled with `set_option linter.unnecessarySeqFocus false`
warning: CGLMP5/ScalarTableRow15.lean:96:4: Used `tac1 <;> tac2` where `(tac1; tac2)` would suffice

Note: This linter can be disabled with `set_option linter.unnecessarySeqFocus false`
warning: CGLMP5/ScalarTableRow15.lean:100:4: Used `tac1 <;> tac2` where `(tac1; tac2)` would suffice

Note: This linter can be disabled with `set_option linter.unnecessarySeqFocus false`
warning: CGLMP5/ScalarTableRow15.lean:104:4: Used `tac1 <;> tac2` where `(tac1; tac2)` would suffice

Note: This linter can be disabled with `set_option linter.unnecessarySeqFocus false`
warning: CGLMP5/ScalarTableRow15.lean:108:4: Used `tac1 <;> tac2` where `(tac1; tac2)` would suffice

Note: This linter can be disabled with `set_option linter.unnecessarySeqFocus false`
warning: CGLMP5/ScalarTableRow15.lean:112:4: Used `tac1 <;> tac2` where `(tac1; tac2)` would suffice

Note: This linter can be disabled with `set_option linter.unnecessarySeqFocus false`
warning: CGLMP5/ScalarTableRow15.lean:116:4: Used `tac1 <;> tac2` where `(tac1; tac2)` would suffice

Note: This linter can be disabled with `set_option linter.unnecessarySeqFocus false`
warning: CGLMP5/ScalarTableRow15.lean:120:4: Used `tac1 <;> tac2` where `(tac1; tac2)` would suffice

Note: This linter can be disabled with `set_option linter.unnecessarySeqFocus false`
warning: CGLMP5/ScalarTableRow15.lean:124:4: Used `tac1 <;> tac2` where `(tac1; tac2)` would suffice

Note: This linter can be disabled with `set_option linter.unnecessarySeqFocus false`
warning: CGLMP5/ScalarTableRow15.lean:128:4: Used `tac1 <;> tac2` where `(tac1; tac2)` would suffice

Note: This linter can be disabled with `set_option linter.unnecessarySeqFocus false`
warning: CGLMP5/ScalarTableRow15.lean:132:4: Used `tac1 <;> tac2` where `(tac1; tac2)` would suffice

Note: This linter can be disabled with `set_option linter.unnecessarySeqFocus false`
warning: CGLMP5/ScalarTableRow15.lean:136:4: Used `tac1 <;> tac2` where `(tac1; tac2)` would suffice

Note: This linter can be disabled with `set_option linter.unnecessarySeqFocus false`
warning: CGLMP5/ScalarTableRow15.lean:140:4: Used `tac1 <;> tac2` where `(tac1; tac2)` would suffice

Note: This linter can be disabled with `set_option linter.unnecessarySeqFocus false`
warning: CGLMP5/ScalarTableRow15.lean:144:4: Used `tac1 <;> tac2` where `(tac1; tac2)` would suffice

Note: This linter can be disabled with `set_option linter.unnecessarySeqFocus false`
warning: CGLMP5/ScalarTableRow15.lean:148:4: Used `tac1 <;> tac2` where `(tac1; tac2)` would suffice

Note: This linter can be disabled with `set_option linter.unnecessarySeqFocus false`
warning: CGLMP5/ScalarTableRow15.lean:152:4: Used `tac1 <;> tac2` where `(tac1; tac2)` would suffice

Note: This linter can be disabled with `set_option linter.unnecessarySeqFocus false`
warning: CGLMP5/ScalarTableRow15.lean:156:4: Used `tac1 <;> tac2` where `(tac1; tac2)` would suffice

Note: This linter can be disabled with `set_option linter.unnecessarySeqFocus false`
warning: CGLMP5/ScalarTableRow15.lean:160:4: Used `tac1 <;> tac2` where `(tac1; tac2)` would suffice

Note: This linter can be disabled with `set_option linter.unnecessarySeqFocus false`
warning: CGLMP5/ScalarTableRow15.lean:164:4: Used `tac1 <;> tac2` where `(tac1; tac2)` would suffice

Note: This linter can be disabled with `set_option linter.unnecessarySeqFocus false`
warning: CGLMP5/ScalarTableRow15.lean:168:4: Used `tac1 <;> tac2` where `(tac1; tac2)` would suffice

Note: This linter can be disabled with `set_option linter.unnecessarySeqFocus false`
warning: CGLMP5/ScalarTableRow15.lean:172:4: Used `tac1 <;> tac2` where `(tac1; tac2)` would suffice

Note: This linter can be disabled with `set_option linter.unnecessarySeqFocus false`
warning: CGLMP5/ScalarTableRow15.lean:176:4: Used `tac1 <;> tac2` where `(tac1; tac2)` would suffice

Note: This linter can be disabled with `set_option linter.unnecessarySeqFocus false`
warning: CGLMP5/ScalarTableRow15.lean:180:4: Used `tac1 <;> tac2` where `(tac1; tac2)` would suffice

Note: This linter can be disabled with `set_option linter.unnecessarySeqFocus false`
⚠ [2138/2148] Replayed CGLMP5.ScalarTableRow16
warning: CGLMP5/ScalarTableRow16.lean:88:8: Unused tactic linter: `ring` does nothing

Note: This linter can be disabled with `set_option linter.unusedTactic false`
warning: CGLMP5/ScalarTableRow16.lean:88:8: this tactic is never executed

Note: This linter can be disabled with `set_option linter.unreachableTactic false`
warning: CGLMP5/ScalarTableRow16.lean:92:4: Used `tac1 <;> tac2` where `(tac1; tac2)` would suffice

Note: This linter can be disabled with `set_option linter.unnecessarySeqFocus false`
warning: CGLMP5/ScalarTableRow16.lean:96:4: Used `tac1 <;> tac2` where `(tac1; tac2)` would suffice

Note: This linter can be disabled with `set_option linter.unnecessarySeqFocus false`
warning: CGLMP5/ScalarTableRow16.lean:100:4: Used `tac1 <;> tac2` where `(tac1; tac2)` would suffice

Note: This linter can be disabled with `set_option linter.unnecessarySeqFocus false`
warning: CGLMP5/ScalarTableRow16.lean:104:4: Used `tac1 <;> tac2` where `(tac1; tac2)` would suffice

Note: This linter can be disabled with `set_option linter.unnecessarySeqFocus false`
warning: CGLMP5/ScalarTableRow16.lean:108:4: Used `tac1 <;> tac2` where `(tac1; tac2)` would suffice

Note: This linter can be disabled with `set_option linter.unnecessarySeqFocus false`
warning: CGLMP5/ScalarTableRow16.lean:112:4: Used `tac1 <;> tac2` where `(tac1; tac2)` would suffice

Note: This linter can be disabled with `set_option linter.unnecessarySeqFocus false`
warning: CGLMP5/ScalarTableRow16.lean:116:4: Used `tac1 <;> tac2` where `(tac1; tac2)` would suffice

Note: This linter can be disabled with `set_option linter.unnecessarySeqFocus false`
warning: CGLMP5/ScalarTableRow16.lean:120:4: Used `tac1 <;> tac2` where `(tac1; tac2)` would suffice

Note: This linter can be disabled with `set_option linter.unnecessarySeqFocus false`
warning: CGLMP5/ScalarTableRow16.lean:124:4: Used `tac1 <;> tac2` where `(tac1; tac2)` would suffice

Note: This linter can be disabled with `set_option linter.unnecessarySeqFocus false`
warning: CGLMP5/ScalarTableRow16.lean:128:4: Used `tac1 <;> tac2` where `(tac1; tac2)` would suffice

Note: This linter can be disabled with `set_option linter.unnecessarySeqFocus false`
warning: CGLMP5/ScalarTableRow16.lean:132:4: Used `tac1 <;> tac2` where `(tac1; tac2)` would suffice

Note: This linter can be disabled with `set_option linter.unnecessarySeqFocus false`
warning: CGLMP5/ScalarTableRow16.lean:136:4: Used `tac1 <;> tac2` where `(tac1; tac2)` would suffice

Note: This linter can be disabled with `set_option linter.unnecessarySeqFocus false`
warning: CGLMP5/ScalarTableRow16.lean:140:4: Used `tac1 <;> tac2` where `(tac1; tac2)` would suffice

Note: This linter can be disabled with `set_option linter.unnecessarySeqFocus false`
warning: CGLMP5/ScalarTableRow16.lean:144:4: Used `tac1 <;> tac2` where `(tac1; tac2)` would suffice

Note: This linter can be disabled with `set_option linter.unnecessarySeqFocus false`
warning: CGLMP5/ScalarTableRow16.lean:148:4: Used `tac1 <;> tac2` where `(tac1; tac2)` would suffice

Note: This linter can be disabled with `set_option linter.unnecessarySeqFocus false`
warning: CGLMP5/ScalarTableRow16.lean:152:4: Used `tac1 <;> tac2` where `(tac1; tac2)` would suffice

Note: This linter can be disabled with `set_option linter.unnecessarySeqFocus false`
warning: CGLMP5/ScalarTableRow16.lean:156:4: Used `tac1 <;> tac2` where `(tac1; tac2)` would suffice

Note: This linter can be disabled with `set_option linter.unnecessarySeqFocus false`
warning: CGLMP5/ScalarTableRow16.lean:160:4: Used `tac1 <;> tac2` where `(tac1; tac2)` would suffice

Note: This linter can be disabled with `set_option linter.unnecessarySeqFocus false`
warning: CGLMP5/ScalarTableRow16.lean:164:4: Used `tac1 <;> tac2` where `(tac1; tac2)` would suffice

Note: This linter can be disabled with `set_option linter.unnecessarySeqFocus false`
warning: CGLMP5/ScalarTableRow16.lean:168:4: Used `tac1 <;> tac2` where `(tac1; tac2)` would suffice

Note: This linter can be disabled with `set_option linter.unnecessarySeqFocus false`
warning: CGLMP5/ScalarTableRow16.lean:172:4: Used `tac1 <;> tac2` where `(tac1; tac2)` would suffice

Note: This linter can be disabled with `set_option linter.unnecessarySeqFocus false`
warning: CGLMP5/ScalarTableRow16.lean:176:4: Used `tac1 <;> tac2` where `(tac1; tac2)` would suffice

Note: This linter can be disabled with `set_option linter.unnecessarySeqFocus false`
warning: CGLMP5/ScalarTableRow16.lean:180:4: Used `tac1 <;> tac2` where `(tac1; tac2)` would suffice

Note: This linter can be disabled with `set_option linter.unnecessarySeqFocus false`
⚠ [2139/2148] Replayed CGLMP5.ScalarTableRow17
warning: CGLMP5/ScalarTableRow17.lean:88:8: Unused tactic linter: `ring` does nothing

Note: This linter can be disabled with `set_option linter.unusedTactic false`
warning: CGLMP5/ScalarTableRow17.lean:88:8: this tactic is never executed

Note: This linter can be disabled with `set_option linter.unreachableTactic false`
warning: CGLMP5/ScalarTableRow17.lean:92:4: Used `tac1 <;> tac2` where `(tac1; tac2)` would suffice

Note: This linter can be disabled with `set_option linter.unnecessarySeqFocus false`
warning: CGLMP5/ScalarTableRow17.lean:96:4: Used `tac1 <;> tac2` where `(tac1; tac2)` would suffice

Note: This linter can be disabled with `set_option linter.unnecessarySeqFocus false`
warning: CGLMP5/ScalarTableRow17.lean:100:4: Used `tac1 <;> tac2` where `(tac1; tac2)` would suffice

Note: This linter can be disabled with `set_option linter.unnecessarySeqFocus false`
warning: CGLMP5/ScalarTableRow17.lean:104:4: Used `tac1 <;> tac2` where `(tac1; tac2)` would suffice

Note: This linter can be disabled with `set_option linter.unnecessarySeqFocus false`
warning: CGLMP5/ScalarTableRow17.lean:108:4: Used `tac1 <;> tac2` where `(tac1; tac2)` would suffice

Note: This linter can be disabled with `set_option linter.unnecessarySeqFocus false`
warning: CGLMP5/ScalarTableRow17.lean:112:4: Used `tac1 <;> tac2` where `(tac1; tac2)` would suffice

Note: This linter can be disabled with `set_option linter.unnecessarySeqFocus false`
warning: CGLMP5/ScalarTableRow17.lean:116:4: Used `tac1 <;> tac2` where `(tac1; tac2)` would suffice

Note: This linter can be disabled with `set_option linter.unnecessarySeqFocus false`
warning: CGLMP5/ScalarTableRow17.lean:120:4: Used `tac1 <;> tac2` where `(tac1; tac2)` would suffice

Note: This linter can be disabled with `set_option linter.unnecessarySeqFocus false`
warning: CGLMP5/ScalarTableRow17.lean:124:4: Used `tac1 <;> tac2` where `(tac1; tac2)` would suffice

Note: This linter can be disabled with `set_option linter.unnecessarySeqFocus false`
warning: CGLMP5/ScalarTableRow17.lean:128:4: Used `tac1 <;> tac2` where `(tac1; tac2)` would suffice

Note: This linter can be disabled with `set_option linter.unnecessarySeqFocus false`
warning: CGLMP5/ScalarTableRow17.lean:132:4: Used `tac1 <;> tac2` where `(tac1; tac2)` would suffice

Note: This linter can be disabled with `set_option linter.unnecessarySeqFocus false`
warning: CGLMP5/ScalarTableRow17.lean:136:4: Used `tac1 <;> tac2` where `(tac1; tac2)` would suffice

Note: This linter can be disabled with `set_option linter.unnecessarySeqFocus false`
warning: CGLMP5/ScalarTableRow17.lean:140:4: Used `tac1 <;> tac2` where `(tac1; tac2)` would suffice

Note: This linter can be disabled with `set_option linter.unnecessarySeqFocus false`
warning: CGLMP5/ScalarTableRow17.lean:144:4: Used `tac1 <;> tac2` where `(tac1; tac2)` would suffice

Note: This linter can be disabled with `set_option linter.unnecessarySeqFocus false`
warning: CGLMP5/ScalarTableRow17.lean:148:4: Used `tac1 <;> tac2` where `(tac1; tac2)` would suffice

Note: This linter can be disabled with `set_option linter.unnecessarySeqFocus false`
warning: CGLMP5/ScalarTableRow17.lean:152:4: Used `tac1 <;> tac2` where `(tac1; tac2)` would suffice

Note: This linter can be disabled with `set_option linter.unnecessarySeqFocus false`
warning: CGLMP5/ScalarTableRow17.lean:156:4: Used `tac1 <;> tac2` where `(tac1; tac2)` would suffice

Note: This linter can be disabled with `set_option linter.unnecessarySeqFocus false`
warning: CGLMP5/ScalarTableRow17.lean:160:4: Used `tac1 <;> tac2` where `(tac1; tac2)` would suffice

Note: This linter can be disabled with `set_option linter.unnecessarySeqFocus false`
warning: CGLMP5/ScalarTableRow17.lean:164:4: Used `tac1 <;> tac2` where `(tac1; tac2)` would suffice

Note: This linter can be disabled with `set_option linter.unnecessarySeqFocus false`
warning: CGLMP5/ScalarTableRow17.lean:168:4: Used `tac1 <;> tac2` where `(tac1; tac2)` would suffice

Note: This linter can be disabled with `set_option linter.unnecessarySeqFocus false`
warning: CGLMP5/ScalarTableRow17.lean:172:4: Used `tac1 <;> tac2` where `(tac1; tac2)` would suffice

Note: This linter can be disabled with `set_option linter.unnecessarySeqFocus false`
warning: CGLMP5/ScalarTableRow17.lean:176:4: Used `tac1 <;> tac2` where `(tac1; tac2)` would suffice

Note: This linter can be disabled with `set_option linter.unnecessarySeqFocus false`
warning: CGLMP5/ScalarTableRow17.lean:180:4: Used `tac1 <;> tac2` where `(tac1; tac2)` would suffice

Note: This linter can be disabled with `set_option linter.unnecessarySeqFocus false`
⚠ [2140/2148] Replayed CGLMP5.ScalarTableRow18
warning: CGLMP5/ScalarTableRow18.lean:88:8: Unused tactic linter: `ring` does nothing

Note: This linter can be disabled with `set_option linter.unusedTactic false`
warning: CGLMP5/ScalarTableRow18.lean:88:8: this tactic is never executed

Note: This linter can be disabled with `set_option linter.unreachableTactic false`
warning: CGLMP5/ScalarTableRow18.lean:92:4: Used `tac1 <;> tac2` where `(tac1; tac2)` would suffice

Note: This linter can be disabled with `set_option linter.unnecessarySeqFocus false`
warning: CGLMP5/ScalarTableRow18.lean:96:4: Used `tac1 <;> tac2` where `(tac1; tac2)` would suffice

Note: This linter can be disabled with `set_option linter.unnecessarySeqFocus false`
warning: CGLMP5/ScalarTableRow18.lean:100:4: Used `tac1 <;> tac2` where `(tac1; tac2)` would suffice

Note: This linter can be disabled with `set_option linter.unnecessarySeqFocus false`
warning: CGLMP5/ScalarTableRow18.lean:104:4: Used `tac1 <;> tac2` where `(tac1; tac2)` would suffice

Note: This linter can be disabled with `set_option linter.unnecessarySeqFocus false`
warning: CGLMP5/ScalarTableRow18.lean:108:4: Used `tac1 <;> tac2` where `(tac1; tac2)` would suffice

Note: This linter can be disabled with `set_option linter.unnecessarySeqFocus false`
warning: CGLMP5/ScalarTableRow18.lean:112:4: Used `tac1 <;> tac2` where `(tac1; tac2)` would suffice

Note: This linter can be disabled with `set_option linter.unnecessarySeqFocus false`
warning: CGLMP5/ScalarTableRow18.lean:116:4: Used `tac1 <;> tac2` where `(tac1; tac2)` would suffice

Note: This linter can be disabled with `set_option linter.unnecessarySeqFocus false`
warning: CGLMP5/ScalarTableRow18.lean:120:4: Used `tac1 <;> tac2` where `(tac1; tac2)` would suffice

Note: This linter can be disabled with `set_option linter.unnecessarySeqFocus false`
warning: CGLMP5/ScalarTableRow18.lean:124:4: Used `tac1 <;> tac2` where `(tac1; tac2)` would suffice

Note: This linter can be disabled with `set_option linter.unnecessarySeqFocus false`
warning: CGLMP5/ScalarTableRow18.lean:128:4: Used `tac1 <;> tac2` where `(tac1; tac2)` would suffice

Note: This linter can be disabled with `set_option linter.unnecessarySeqFocus false`
warning: CGLMP5/ScalarTableRow18.lean:132:4: Used `tac1 <;> tac2` where `(tac1; tac2)` would suffice

Note: This linter can be disabled with `set_option linter.unnecessarySeqFocus false`
warning: CGLMP5/ScalarTableRow18.lean:136:4: Used `tac1 <;> tac2` where `(tac1; tac2)` would suffice

Note: This linter can be disabled with `set_option linter.unnecessarySeqFocus false`
warning: CGLMP5/ScalarTableRow18.lean:140:4: Used `tac1 <;> tac2` where `(tac1; tac2)` would suffice

Note: This linter can be disabled with `set_option linter.unnecessarySeqFocus false`
warning: CGLMP5/ScalarTableRow18.lean:144:4: Used `tac1 <;> tac2` where `(tac1; tac2)` would suffice

Note: This linter can be disabled with `set_option linter.unnecessarySeqFocus false`
warning: CGLMP5/ScalarTableRow18.lean:148:4: Used `tac1 <;> tac2` where `(tac1; tac2)` would suffice

Note: This linter can be disabled with `set_option linter.unnecessarySeqFocus false`
warning: CGLMP5/ScalarTableRow18.lean:152:4: Used `tac1 <;> tac2` where `(tac1; tac2)` would suffice

Note: This linter can be disabled with `set_option linter.unnecessarySeqFocus false`
warning: CGLMP5/ScalarTableRow18.lean:156:4: Used `tac1 <;> tac2` where `(tac1; tac2)` would suffice

Note: This linter can be disabled with `set_option linter.unnecessarySeqFocus false`
warning: CGLMP5/ScalarTableRow18.lean:160:4: Used `tac1 <;> tac2` where `(tac1; tac2)` would suffice

Note: This linter can be disabled with `set_option linter.unnecessarySeqFocus false`
warning: CGLMP5/ScalarTableRow18.lean:164:4: Used `tac1 <;> tac2` where `(tac1; tac2)` would suffice

Note: This linter can be disabled with `set_option linter.unnecessarySeqFocus false`
warning: CGLMP5/ScalarTableRow18.lean:168:4: Used `tac1 <;> tac2` where `(tac1; tac2)` would suffice

Note: This linter can be disabled with `set_option linter.unnecessarySeqFocus false`
warning: CGLMP5/ScalarTableRow18.lean:172:4: Used `tac1 <;> tac2` where `(tac1; tac2)` would suffice

Note: This linter can be disabled with `set_option linter.unnecessarySeqFocus false`
warning: CGLMP5/ScalarTableRow18.lean:176:4: Used `tac1 <;> tac2` where `(tac1; tac2)` would suffice

Note: This linter can be disabled with `set_option linter.unnecessarySeqFocus false`
warning: CGLMP5/ScalarTableRow18.lean:180:4: Used `tac1 <;> tac2` where `(tac1; tac2)` would suffice

Note: This linter can be disabled with `set_option linter.unnecessarySeqFocus false`
⚠ [2141/2148] Replayed CGLMP5.ScalarTableRow19
warning: CGLMP5/ScalarTableRow19.lean:88:8: Unused tactic linter: `ring` does nothing

Note: This linter can be disabled with `set_option linter.unusedTactic false`
warning: CGLMP5/ScalarTableRow19.lean:88:8: this tactic is never executed

Note: This linter can be disabled with `set_option linter.unreachableTactic false`
warning: CGLMP5/ScalarTableRow19.lean:92:4: Used `tac1 <;> tac2` where `(tac1; tac2)` would suffice

Note: This linter can be disabled with `set_option linter.unnecessarySeqFocus false`
warning: CGLMP5/ScalarTableRow19.lean:96:4: Used `tac1 <;> tac2` where `(tac1; tac2)` would suffice

Note: This linter can be disabled with `set_option linter.unnecessarySeqFocus false`
warning: CGLMP5/ScalarTableRow19.lean:100:4: Used `tac1 <;> tac2` where `(tac1; tac2)` would suffice

Note: This linter can be disabled with `set_option linter.unnecessarySeqFocus false`
warning: CGLMP5/ScalarTableRow19.lean:104:4: Used `tac1 <;> tac2` where `(tac1; tac2)` would suffice

Note: This linter can be disabled with `set_option linter.unnecessarySeqFocus false`
warning: CGLMP5/ScalarTableRow19.lean:108:4: Used `tac1 <;> tac2` where `(tac1; tac2)` would suffice

Note: This linter can be disabled with `set_option linter.unnecessarySeqFocus false`
warning: CGLMP5/ScalarTableRow19.lean:112:4: Used `tac1 <;> tac2` where `(tac1; tac2)` would suffice

Note: This linter can be disabled with `set_option linter.unnecessarySeqFocus false`
warning: CGLMP5/ScalarTableRow19.lean:116:4: Used `tac1 <;> tac2` where `(tac1; tac2)` would suffice

Note: This linter can be disabled with `set_option linter.unnecessarySeqFocus false`
warning: CGLMP5/ScalarTableRow19.lean:120:4: Used `tac1 <;> tac2` where `(tac1; tac2)` would suffice

Note: This linter can be disabled with `set_option linter.unnecessarySeqFocus false`
warning: CGLMP5/ScalarTableRow19.lean:124:4: Used `tac1 <;> tac2` where `(tac1; tac2)` would suffice

Note: This linter can be disabled with `set_option linter.unnecessarySeqFocus false`
warning: CGLMP5/ScalarTableRow19.lean:128:4: Used `tac1 <;> tac2` where `(tac1; tac2)` would suffice

Note: This linter can be disabled with `set_option linter.unnecessarySeqFocus false`
warning: CGLMP5/ScalarTableRow19.lean:132:4: Used `tac1 <;> tac2` where `(tac1; tac2)` would suffice

Note: This linter can be disabled with `set_option linter.unnecessarySeqFocus false`
warning: CGLMP5/ScalarTableRow19.lean:136:4: Used `tac1 <;> tac2` where `(tac1; tac2)` would suffice

Note: This linter can be disabled with `set_option linter.unnecessarySeqFocus false`
warning: CGLMP5/ScalarTableRow19.lean:140:4: Used `tac1 <;> tac2` where `(tac1; tac2)` would suffice

Note: This linter can be disabled with `set_option linter.unnecessarySeqFocus false`
warning: CGLMP5/ScalarTableRow19.lean:144:4: Used `tac1 <;> tac2` where `(tac1; tac2)` would suffice

Note: This linter can be disabled with `set_option linter.unnecessarySeqFocus false`
warning: CGLMP5/ScalarTableRow19.lean:148:4: Used `tac1 <;> tac2` where `(tac1; tac2)` would suffice

Note: This linter can be disabled with `set_option linter.unnecessarySeqFocus false`
warning: CGLMP5/ScalarTableRow19.lean:152:4: Used `tac1 <;> tac2` where `(tac1; tac2)` would suffice

Note: This linter can be disabled with `set_option linter.unnecessarySeqFocus false`
warning: CGLMP5/ScalarTableRow19.lean:156:4: Used `tac1 <;> tac2` where `(tac1; tac2)` would suffice

Note: This linter can be disabled with `set_option linter.unnecessarySeqFocus false`
warning: CGLMP5/ScalarTableRow19.lean:160:4: Used `tac1 <;> tac2` where `(tac1; tac2)` would suffice

Note: This linter can be disabled with `set_option linter.unnecessarySeqFocus false`
warning: CGLMP5/ScalarTableRow19.lean:164:4: Used `tac1 <;> tac2` where `(tac1; tac2)` would suffice

Note: This linter can be disabled with `set_option linter.unnecessarySeqFocus false`
warning: CGLMP5/ScalarTableRow19.lean:168:4: Used `tac1 <;> tac2` where `(tac1; tac2)` would suffice

Note: This linter can be disabled with `set_option linter.unnecessarySeqFocus false`
warning: CGLMP5/ScalarTableRow19.lean:172:4: Used `tac1 <;> tac2` where `(tac1; tac2)` would suffice

Note: This linter can be disabled with `set_option linter.unnecessarySeqFocus false`
warning: CGLMP5/ScalarTableRow19.lean:176:4: Used `tac1 <;> tac2` where `(tac1; tac2)` would suffice

Note: This linter can be disabled with `set_option linter.unnecessarySeqFocus false`
warning: CGLMP5/ScalarTableRow19.lean:180:4: Used `tac1 <;> tac2` where `(tac1; tac2)` would suffice

Note: This linter can be disabled with `set_option linter.unnecessarySeqFocus false`
⚠ [2142/2148] Replayed CGLMP5.ScalarTableRow20
warning: CGLMP5/ScalarTableRow20.lean:88:8: Unused tactic linter: `ring` does nothing

Note: This linter can be disabled with `set_option linter.unusedTactic false`
warning: CGLMP5/ScalarTableRow20.lean:88:8: this tactic is never executed

Note: This linter can be disabled with `set_option linter.unreachableTactic false`
warning: CGLMP5/ScalarTableRow20.lean:92:4: Used `tac1 <;> tac2` where `(tac1; tac2)` would suffice

Note: This linter can be disabled with `set_option linter.unnecessarySeqFocus false`
warning: CGLMP5/ScalarTableRow20.lean:96:4: Used `tac1 <;> tac2` where `(tac1; tac2)` would suffice

Note: This linter can be disabled with `set_option linter.unnecessarySeqFocus false`
warning: CGLMP5/ScalarTableRow20.lean:100:4: Used `tac1 <;> tac2` where `(tac1; tac2)` would suffice

Note: This linter can be disabled with `set_option linter.unnecessarySeqFocus false`
warning: CGLMP5/ScalarTableRow20.lean:104:4: Used `tac1 <;> tac2` where `(tac1; tac2)` would suffice

Note: This linter can be disabled with `set_option linter.unnecessarySeqFocus false`
warning: CGLMP5/ScalarTableRow20.lean:108:4: Used `tac1 <;> tac2` where `(tac1; tac2)` would suffice

Note: This linter can be disabled with `set_option linter.unnecessarySeqFocus false`
warning: CGLMP5/ScalarTableRow20.lean:112:4: Used `tac1 <;> tac2` where `(tac1; tac2)` would suffice

Note: This linter can be disabled with `set_option linter.unnecessarySeqFocus false`
warning: CGLMP5/ScalarTableRow20.lean:116:4: Used `tac1 <;> tac2` where `(tac1; tac2)` would suffice

Note: This linter can be disabled with `set_option linter.unnecessarySeqFocus false`
warning: CGLMP5/ScalarTableRow20.lean:120:4: Used `tac1 <;> tac2` where `(tac1; tac2)` would suffice

Note: This linter can be disabled with `set_option linter.unnecessarySeqFocus false`
warning: CGLMP5/ScalarTableRow20.lean:124:4: Used `tac1 <;> tac2` where `(tac1; tac2)` would suffice

Note: This linter can be disabled with `set_option linter.unnecessarySeqFocus false`
warning: CGLMP5/ScalarTableRow20.lean:128:4: Used `tac1 <;> tac2` where `(tac1; tac2)` would suffice

Note: This linter can be disabled with `set_option linter.unnecessarySeqFocus false`
warning: CGLMP5/ScalarTableRow20.lean:132:4: Used `tac1 <;> tac2` where `(tac1; tac2)` would suffice

Note: This linter can be disabled with `set_option linter.unnecessarySeqFocus false`
warning: CGLMP5/ScalarTableRow20.lean:136:4: Used `tac1 <;> tac2` where `(tac1; tac2)` would suffice

Note: This linter can be disabled with `set_option linter.unnecessarySeqFocus false`
warning: CGLMP5/ScalarTableRow20.lean:140:4: Used `tac1 <;> tac2` where `(tac1; tac2)` would suffice

Note: This linter can be disabled with `set_option linter.unnecessarySeqFocus false`
warning: CGLMP5/ScalarTableRow20.lean:144:4: Used `tac1 <;> tac2` where `(tac1; tac2)` would suffice

Note: This linter can be disabled with `set_option linter.unnecessarySeqFocus false`
warning: CGLMP5/ScalarTableRow20.lean:148:4: Used `tac1 <;> tac2` where `(tac1; tac2)` would suffice

Note: This linter can be disabled with `set_option linter.unnecessarySeqFocus false`
warning: CGLMP5/ScalarTableRow20.lean:152:4: Used `tac1 <;> tac2` where `(tac1; tac2)` would suffice

Note: This linter can be disabled with `set_option linter.unnecessarySeqFocus false`
warning: CGLMP5/ScalarTableRow20.lean:156:4: Used `tac1 <;> tac2` where `(tac1; tac2)` would suffice

Note: This linter can be disabled with `set_option linter.unnecessarySeqFocus false`
warning: CGLMP5/ScalarTableRow20.lean:160:4: Used `tac1 <;> tac2` where `(tac1; tac2)` would suffice

Note: This linter can be disabled with `set_option linter.unnecessarySeqFocus false`
warning: CGLMP5/ScalarTableRow20.lean:164:4: Used `tac1 <;> tac2` where `(tac1; tac2)` would suffice

Note: This linter can be disabled with `set_option linter.unnecessarySeqFocus false`
warning: CGLMP5/ScalarTableRow20.lean:168:4: Used `tac1 <;> tac2` where `(tac1; tac2)` would suffice

Note: This linter can be disabled with `set_option linter.unnecessarySeqFocus false`
warning: CGLMP5/ScalarTableRow20.lean:172:4: Used `tac1 <;> tac2` where `(tac1; tac2)` would suffice

Note: This linter can be disabled with `set_option linter.unnecessarySeqFocus false`
warning: CGLMP5/ScalarTableRow20.lean:176:4: Used `tac1 <;> tac2` where `(tac1; tac2)` would suffice

Note: This linter can be disabled with `set_option linter.unnecessarySeqFocus false`
warning: CGLMP5/ScalarTableRow20.lean:180:4: Used `tac1 <;> tac2` where `(tac1; tac2)` would suffice

Note: This linter can be disabled with `set_option linter.unnecessarySeqFocus false`
⚠ [2143/2148] Replayed CGLMP5.ScalarTableRow21
warning: CGLMP5/ScalarTableRow21.lean:88:8: Unused tactic linter: `ring` does nothing

Note: This linter can be disabled with `set_option linter.unusedTactic false`
warning: CGLMP5/ScalarTableRow21.lean:88:8: this tactic is never executed

Note: This linter can be disabled with `set_option linter.unreachableTactic false`
warning: CGLMP5/ScalarTableRow21.lean:92:4: Used `tac1 <;> tac2` where `(tac1; tac2)` would suffice

Note: This linter can be disabled with `set_option linter.unnecessarySeqFocus false`
warning: CGLMP5/ScalarTableRow21.lean:96:4: Used `tac1 <;> tac2` where `(tac1; tac2)` would suffice

Note: This linter can be disabled with `set_option linter.unnecessarySeqFocus false`
warning: CGLMP5/ScalarTableRow21.lean:100:4: Used `tac1 <;> tac2` where `(tac1; tac2)` would suffice

Note: This linter can be disabled with `set_option linter.unnecessarySeqFocus false`
warning: CGLMP5/ScalarTableRow21.lean:104:4: Used `tac1 <;> tac2` where `(tac1; tac2)` would suffice

Note: This linter can be disabled with `set_option linter.unnecessarySeqFocus false`
warning: CGLMP5/ScalarTableRow21.lean:108:4: Used `tac1 <;> tac2` where `(tac1; tac2)` would suffice

Note: This linter can be disabled with `set_option linter.unnecessarySeqFocus false`
warning: CGLMP5/ScalarTableRow21.lean:112:4: Used `tac1 <;> tac2` where `(tac1; tac2)` would suffice

Note: This linter can be disabled with `set_option linter.unnecessarySeqFocus false`
warning: CGLMP5/ScalarTableRow21.lean:116:4: Used `tac1 <;> tac2` where `(tac1; tac2)` would suffice

Note: This linter can be disabled with `set_option linter.unnecessarySeqFocus false`
warning: CGLMP5/ScalarTableRow21.lean:120:4: Used `tac1 <;> tac2` where `(tac1; tac2)` would suffice

Note: This linter can be disabled with `set_option linter.unnecessarySeqFocus false`
warning: CGLMP5/ScalarTableRow21.lean:124:4: Used `tac1 <;> tac2` where `(tac1; tac2)` would suffice

Note: This linter can be disabled with `set_option linter.unnecessarySeqFocus false`
warning: CGLMP5/ScalarTableRow21.lean:128:4: Used `tac1 <;> tac2` where `(tac1; tac2)` would suffice

Note: This linter can be disabled with `set_option linter.unnecessarySeqFocus false`
warning: CGLMP5/ScalarTableRow21.lean:132:4: Used `tac1 <;> tac2` where `(tac1; tac2)` would suffice

Note: This linter can be disabled with `set_option linter.unnecessarySeqFocus false`
warning: CGLMP5/ScalarTableRow21.lean:136:4: Used `tac1 <;> tac2` where `(tac1; tac2)` would suffice

Note: This linter can be disabled with `set_option linter.unnecessarySeqFocus false`
warning: CGLMP5/ScalarTableRow21.lean:140:4: Used `tac1 <;> tac2` where `(tac1; tac2)` would suffice

Note: This linter can be disabled with `set_option linter.unnecessarySeqFocus false`
warning: CGLMP5/ScalarTableRow21.lean:144:4: Used `tac1 <;> tac2` where `(tac1; tac2)` would suffice

Note: This linter can be disabled with `set_option linter.unnecessarySeqFocus false`
warning: CGLMP5/ScalarTableRow21.lean:148:4: Used `tac1 <;> tac2` where `(tac1; tac2)` would suffice

Note: This linter can be disabled with `set_option linter.unnecessarySeqFocus false`
warning: CGLMP5/ScalarTableRow21.lean:152:4: Used `tac1 <;> tac2` where `(tac1; tac2)` would suffice

Note: This linter can be disabled with `set_option linter.unnecessarySeqFocus false`
warning: CGLMP5/ScalarTableRow21.lean:156:4: Used `tac1 <;> tac2` where `(tac1; tac2)` would suffice

Note: This linter can be disabled with `set_option linter.unnecessarySeqFocus false`
warning: CGLMP5/ScalarTableRow21.lean:160:4: Used `tac1 <;> tac2` where `(tac1; tac2)` would suffice

Note: This linter can be disabled with `set_option linter.unnecessarySeqFocus false`
warning: CGLMP5/ScalarTableRow21.lean:164:4: Used `tac1 <;> tac2` where `(tac1; tac2)` would suffice

Note: This linter can be disabled with `set_option linter.unnecessarySeqFocus false`
warning: CGLMP5/ScalarTableRow21.lean:168:4: Used `tac1 <;> tac2` where `(tac1; tac2)` would suffice

Note: This linter can be disabled with `set_option linter.unnecessarySeqFocus false`
warning: CGLMP5/ScalarTableRow21.lean:172:4: Used `tac1 <;> tac2` where `(tac1; tac2)` would suffice

Note: This linter can be disabled with `set_option linter.unnecessarySeqFocus false`
warning: CGLMP5/ScalarTableRow21.lean:176:4: Used `tac1 <;> tac2` where `(tac1; tac2)` would suffice

Note: This linter can be disabled with `set_option linter.unnecessarySeqFocus false`
warning: CGLMP5/ScalarTableRow21.lean:180:4: Used `tac1 <;> tac2` where `(tac1; tac2)` would suffice

Note: This linter can be disabled with `set_option linter.unnecessarySeqFocus false`
⚠ [2144/2148] Replayed CGLMP5.ScalarTableRow22
warning: CGLMP5/ScalarTableRow22.lean:88:8: Unused tactic linter: `ring` does nothing

Note: This linter can be disabled with `set_option linter.unusedTactic false`
warning: CGLMP5/ScalarTableRow22.lean:88:8: this tactic is never executed

Note: This linter can be disabled with `set_option linter.unreachableTactic false`
warning: CGLMP5/ScalarTableRow22.lean:92:4: Used `tac1 <;> tac2` where `(tac1; tac2)` would suffice

Note: This linter can be disabled with `set_option linter.unnecessarySeqFocus false`
warning: CGLMP5/ScalarTableRow22.lean:96:4: Used `tac1 <;> tac2` where `(tac1; tac2)` would suffice

Note: This linter can be disabled with `set_option linter.unnecessarySeqFocus false`
warning: CGLMP5/ScalarTableRow22.lean:100:4: Used `tac1 <;> tac2` where `(tac1; tac2)` would suffice

Note: This linter can be disabled with `set_option linter.unnecessarySeqFocus false`
warning: CGLMP5/ScalarTableRow22.lean:104:4: Used `tac1 <;> tac2` where `(tac1; tac2)` would suffice

Note: This linter can be disabled with `set_option linter.unnecessarySeqFocus false`
warning: CGLMP5/ScalarTableRow22.lean:108:4: Used `tac1 <;> tac2` where `(tac1; tac2)` would suffice

Note: This linter can be disabled with `set_option linter.unnecessarySeqFocus false`
warning: CGLMP5/ScalarTableRow22.lean:112:4: Used `tac1 <;> tac2` where `(tac1; tac2)` would suffice

Note: This linter can be disabled with `set_option linter.unnecessarySeqFocus false`
warning: CGLMP5/ScalarTableRow22.lean:116:4: Used `tac1 <;> tac2` where `(tac1; tac2)` would suffice

Note: This linter can be disabled with `set_option linter.unnecessarySeqFocus false`
warning: CGLMP5/ScalarTableRow22.lean:120:4: Used `tac1 <;> tac2` where `(tac1; tac2)` would suffice

Note: This linter can be disabled with `set_option linter.unnecessarySeqFocus false`
warning: CGLMP5/ScalarTableRow22.lean:124:4: Used `tac1 <;> tac2` where `(tac1; tac2)` would suffice

Note: This linter can be disabled with `set_option linter.unnecessarySeqFocus false`
warning: CGLMP5/ScalarTableRow22.lean:128:4: Used `tac1 <;> tac2` where `(tac1; tac2)` would suffice

Note: This linter can be disabled with `set_option linter.unnecessarySeqFocus false`
warning: CGLMP5/ScalarTableRow22.lean:132:4: Used `tac1 <;> tac2` where `(tac1; tac2)` would suffice

Note: This linter can be disabled with `set_option linter.unnecessarySeqFocus false`
warning: CGLMP5/ScalarTableRow22.lean:136:4: Used `tac1 <;> tac2` where `(tac1; tac2)` would suffice

Note: This linter can be disabled with `set_option linter.unnecessarySeqFocus false`
warning: CGLMP5/ScalarTableRow22.lean:140:4: Used `tac1 <;> tac2` where `(tac1; tac2)` would suffice

Note: This linter can be disabled with `set_option linter.unnecessarySeqFocus false`
warning: CGLMP5/ScalarTableRow22.lean:144:4: Used `tac1 <;> tac2` where `(tac1; tac2)` would suffice

Note: This linter can be disabled with `set_option linter.unnecessarySeqFocus false`
warning: CGLMP5/ScalarTableRow22.lean:148:4: Used `tac1 <;> tac2` where `(tac1; tac2)` would suffice

Note: This linter can be disabled with `set_option linter.unnecessarySeqFocus false`
warning: CGLMP5/ScalarTableRow22.lean:152:4: Used `tac1 <;> tac2` where `(tac1; tac2)` would suffice

Note: This linter can be disabled with `set_option linter.unnecessarySeqFocus false`
warning: CGLMP5/ScalarTableRow22.lean:156:4: Used `tac1 <;> tac2` where `(tac1; tac2)` would suffice

Note: This linter can be disabled with `set_option linter.unnecessarySeqFocus false`
warning: CGLMP5/ScalarTableRow22.lean:160:4: Used `tac1 <;> tac2` where `(tac1; tac2)` would suffice

Note: This linter can be disabled with `set_option linter.unnecessarySeqFocus false`
warning: CGLMP5/ScalarTableRow22.lean:164:4: Used `tac1 <;> tac2` where `(tac1; tac2)` would suffice

Note: This linter can be disabled with `set_option linter.unnecessarySeqFocus false`
warning: CGLMP5/ScalarTableRow22.lean:168:4: Used `tac1 <;> tac2` where `(tac1; tac2)` would suffice

Note: This linter can be disabled with `set_option linter.unnecessarySeqFocus false`
warning: CGLMP5/ScalarTableRow22.lean:172:4: Used `tac1 <;> tac2` where `(tac1; tac2)` would suffice

Note: This linter can be disabled with `set_option linter.unnecessarySeqFocus false`
warning: CGLMP5/ScalarTableRow22.lean:176:4: Used `tac1 <;> tac2` where `(tac1; tac2)` would suffice

Note: This linter can be disabled with `set_option linter.unnecessarySeqFocus false`
warning: CGLMP5/ScalarTableRow22.lean:180:4: Used `tac1 <;> tac2` where `(tac1; tac2)` would suffice

Note: This linter can be disabled with `set_option linter.unnecessarySeqFocus false`
⚠ [2145/2148] Replayed CGLMP5.ScalarTableRow23
warning: CGLMP5/ScalarTableRow23.lean:88:8: Unused tactic linter: `ring` does nothing

Note: This linter can be disabled with `set_option linter.unusedTactic false`
warning: CGLMP5/ScalarTableRow23.lean:88:8: this tactic is never executed

Note: This linter can be disabled with `set_option linter.unreachableTactic false`
warning: CGLMP5/ScalarTableRow23.lean:92:4: Used `tac1 <;> tac2` where `(tac1; tac2)` would suffice

Note: This linter can be disabled with `set_option linter.unnecessarySeqFocus false`
warning: CGLMP5/ScalarTableRow23.lean:96:4: Used `tac1 <;> tac2` where `(tac1; tac2)` would suffice

Note: This linter can be disabled with `set_option linter.unnecessarySeqFocus false`
warning: CGLMP5/ScalarTableRow23.lean:100:4: Used `tac1 <;> tac2` where `(tac1; tac2)` would suffice

Note: This linter can be disabled with `set_option linter.unnecessarySeqFocus false`
warning: CGLMP5/ScalarTableRow23.lean:104:4: Used `tac1 <;> tac2` where `(tac1; tac2)` would suffice

Note: This linter can be disabled with `set_option linter.unnecessarySeqFocus false`
warning: CGLMP5/ScalarTableRow23.lean:108:4: Used `tac1 <;> tac2` where `(tac1; tac2)` would suffice

Note: This linter can be disabled with `set_option linter.unnecessarySeqFocus false`
warning: CGLMP5/ScalarTableRow23.lean:112:4: Used `tac1 <;> tac2` where `(tac1; tac2)` would suffice

Note: This linter can be disabled with `set_option linter.unnecessarySeqFocus false`
warning: CGLMP5/ScalarTableRow23.lean:116:4: Used `tac1 <;> tac2` where `(tac1; tac2)` would suffice

Note: This linter can be disabled with `set_option linter.unnecessarySeqFocus false`
warning: CGLMP5/ScalarTableRow23.lean:120:4: Used `tac1 <;> tac2` where `(tac1; tac2)` would suffice

Note: This linter can be disabled with `set_option linter.unnecessarySeqFocus false`
warning: CGLMP5/ScalarTableRow23.lean:124:4: Used `tac1 <;> tac2` where `(tac1; tac2)` would suffice

Note: This linter can be disabled with `set_option linter.unnecessarySeqFocus false`
warning: CGLMP5/ScalarTableRow23.lean:128:4: Used `tac1 <;> tac2` where `(tac1; tac2)` would suffice

Note: This linter can be disabled with `set_option linter.unnecessarySeqFocus false`
warning: CGLMP5/ScalarTableRow23.lean:132:4: Used `tac1 <;> tac2` where `(tac1; tac2)` would suffice

Note: This linter can be disabled with `set_option linter.unnecessarySeqFocus false`
warning: CGLMP5/ScalarTableRow23.lean:136:4: Used `tac1 <;> tac2` where `(tac1; tac2)` would suffice

Note: This linter can be disabled with `set_option linter.unnecessarySeqFocus false`
warning: CGLMP5/ScalarTableRow23.lean:140:4: Used `tac1 <;> tac2` where `(tac1; tac2)` would suffice

Note: This linter can be disabled with `set_option linter.unnecessarySeqFocus false`
warning: CGLMP5/ScalarTableRow23.lean:144:4: Used `tac1 <;> tac2` where `(tac1; tac2)` would suffice

Note: This linter can be disabled with `set_option linter.unnecessarySeqFocus false`
warning: CGLMP5/ScalarTableRow23.lean:148:4: Used `tac1 <;> tac2` where `(tac1; tac2)` would suffice

Note: This linter can be disabled with `set_option linter.unnecessarySeqFocus false`
warning: CGLMP5/ScalarTableRow23.lean:152:4: Used `tac1 <;> tac2` where `(tac1; tac2)` would suffice

Note: This linter can be disabled with `set_option linter.unnecessarySeqFocus false`
warning: CGLMP5/ScalarTableRow23.lean:156:4: Used `tac1 <;> tac2` where `(tac1; tac2)` would suffice

Note: This linter can be disabled with `set_option linter.unnecessarySeqFocus false`
warning: CGLMP5/ScalarTableRow23.lean:160:4: Used `tac1 <;> tac2` where `(tac1; tac2)` would suffice

Note: This linter can be disabled with `set_option linter.unnecessarySeqFocus false`
warning: CGLMP5/ScalarTableRow23.lean:164:4: Used `tac1 <;> tac2` where `(tac1; tac2)` would suffice

Note: This linter can be disabled with `set_option linter.unnecessarySeqFocus false`
warning: CGLMP5/ScalarTableRow23.lean:168:4: Used `tac1 <;> tac2` where `(tac1; tac2)` would suffice

Note: This linter can be disabled with `set_option linter.unnecessarySeqFocus false`
warning: CGLMP5/ScalarTableRow23.lean:172:4: Used `tac1 <;> tac2` where `(tac1; tac2)` would suffice

Note: This linter can be disabled with `set_option linter.unnecessarySeqFocus false`
warning: CGLMP5/ScalarTableRow23.lean:176:4: Used `tac1 <;> tac2` where `(tac1; tac2)` would suffice

Note: This linter can be disabled with `set_option linter.unnecessarySeqFocus false`
warning: CGLMP5/ScalarTableRow23.lean:180:4: Used `tac1 <;> tac2` where `(tac1; tac2)` would suffice

Note: This linter can be disabled with `set_option linter.unnecessarySeqFocus false`
✔ [2147/2148] Built CGLMP5.ScalarTable (1.9s)
✔ [2148/2148] Built CGLMP5.Scalar (1.7s)
Build completed successfully (2148 jobs).
END_ASSEMBLY CGLMP5.Scalar STATUS 0
START_ASSEMBLY CGLMP5.ScalarConstants
[limited-build] ticket373 acquired slot0: lake build CGLMP5.ScalarConstants
⚠ [2119/2151] Replayed CGLMP5.Root
warning: CGLMP5/Root.lean:148:63: Used `tac1 <;> tac2` where `(tac1; tac2)` would suffice

Note: This linter can be disabled with `set_option linter.unnecessarySeqFocus false`
warning: CGLMP5/Root.lean:148:77: Used `tac1 <;> tac2` where `(tac1; tac2)` would suffice

Note: This linter can be disabled with `set_option linter.unnecessarySeqFocus false`
warning: CGLMP5/Root.lean:148:89: Used `tac1 <;> tac2` where `(tac1; tac2)` would suffice

Note: This linter can be disabled with `set_option linter.unnecessarySeqFocus false`
⚠ [2120/2151] Replayed CGLMP5.ScalarDefs
warning: CGLMP5/ScalarDefs.lean:33:61: Unused tactic linter: `ring` does nothing

Note: This linter can be disabled with `set_option linter.unusedTactic false`
warning: CGLMP5/ScalarDefs.lean:33:61: this tactic is never executed

Note: This linter can be disabled with `set_option linter.unreachableTactic false`
⚠ [2122/2151] Replayed CGLMP5.ScalarTableRow00
warning: CGLMP5/ScalarTableRow00.lean:88:8: Unused tactic linter: `ring` does nothing

Note: This linter can be disabled with `set_option linter.unusedTactic false`
warning: CGLMP5/ScalarTableRow00.lean:92:8: Unused tactic linter: `ring` does nothing

Note: This linter can be disabled with `set_option linter.unusedTactic false`
warning: CGLMP5/ScalarTableRow00.lean:96:8: Unused tactic linter: `ring` does nothing

Note: This linter can be disabled with `set_option linter.unusedTactic false`
warning: CGLMP5/ScalarTableRow00.lean:100:8: Unused tactic linter: `ring` does nothing

Note: This linter can be disabled with `set_option linter.unusedTactic false`
warning: CGLMP5/ScalarTableRow00.lean:104:8: Unused tactic linter: `ring` does nothing

Note: This linter can be disabled with `set_option linter.unusedTactic false`
warning: CGLMP5/ScalarTableRow00.lean:108:8: Unused tactic linter: `ring` does nothing

Note: This linter can be disabled with `set_option linter.unusedTactic false`
warning: CGLMP5/ScalarTableRow00.lean:112:8: Unused tactic linter: `ring` does nothing

Note: This linter can be disabled with `set_option linter.unusedTactic false`
warning: CGLMP5/ScalarTableRow00.lean:116:8: Unused tactic linter: `ring` does nothing

Note: This linter can be disabled with `set_option linter.unusedTactic false`
warning: CGLMP5/ScalarTableRow00.lean:120:8: Unused tactic linter: `ring` does nothing

Note: This linter can be disabled with `set_option linter.unusedTactic false`
warning: CGLMP5/ScalarTableRow00.lean:124:8: Unused tactic linter: `ring` does nothing

Note: This linter can be disabled with `set_option linter.unusedTactic false`
warning: CGLMP5/ScalarTableRow00.lean:128:8: Unused tactic linter: `ring` does nothing

Note: This linter can be disabled with `set_option linter.unusedTactic false`
warning: CGLMP5/ScalarTableRow00.lean:132:8: Unused tactic linter: `ring` does nothing

Note: This linter can be disabled with `set_option linter.unusedTactic false`
warning: CGLMP5/ScalarTableRow00.lean:136:8: Unused tactic linter: `ring` does nothing

Note: This linter can be disabled with `set_option linter.unusedTactic false`
warning: CGLMP5/ScalarTableRow00.lean:140:8: Unused tactic linter: `ring` does nothing

Note: This linter can be disabled with `set_option linter.unusedTactic false`
warning: CGLMP5/ScalarTableRow00.lean:144:8: Unused tactic linter: `ring` does nothing

Note: This linter can be disabled with `set_option linter.unusedTactic false`
warning: CGLMP5/ScalarTableRow00.lean:148:8: Unused tactic linter: `ring` does nothing

Note: This linter can be disabled with `set_option linter.unusedTactic false`
warning: CGLMP5/ScalarTableRow00.lean:152:8: Unused tactic linter: `ring` does nothing

Note: This linter can be disabled with `set_option linter.unusedTactic false`
warning: CGLMP5/ScalarTableRow00.lean:156:8: Unused tactic linter: `ring` does nothing

Note: This linter can be disabled with `set_option linter.unusedTactic false`
warning: CGLMP5/ScalarTableRow00.lean:160:8: Unused tactic linter: `ring` does nothing

Note: This linter can be disabled with `set_option linter.unusedTactic false`
warning: CGLMP5/ScalarTableRow00.lean:164:8: Unused tactic linter: `ring` does nothing

Note: This linter can be disabled with `set_option linter.unusedTactic false`
warning: CGLMP5/ScalarTableRow00.lean:168:8: Unused tactic linter: `ring` does nothing

Note: This linter can be disabled with `set_option linter.unusedTactic false`
warning: CGLMP5/ScalarTableRow00.lean:172:8: Unused tactic linter: `ring` does nothing

Note: This linter can be disabled with `set_option linter.unusedTactic false`
warning: CGLMP5/ScalarTableRow00.lean:176:8: Unused tactic linter: `ring` does nothing

Note: This linter can be disabled with `set_option linter.unusedTactic false`
warning: CGLMP5/ScalarTableRow00.lean:180:8: Unused tactic linter: `ring` does nothing

Note: This linter can be disabled with `set_option linter.unusedTactic false`
warning: CGLMP5/ScalarTableRow00.lean:88:8: this tactic is never executed

Note: This linter can be disabled with `set_option linter.unreachableTactic false`
warning: CGLMP5/ScalarTableRow00.lean:92:8: this tactic is never executed

Note: This linter can be disabled with `set_option linter.unreachableTactic false`
warning: CGLMP5/ScalarTableRow00.lean:96:8: this tactic is never executed

Note: This linter can be disabled with `set_option linter.unreachableTactic false`
warning: CGLMP5/ScalarTableRow00.lean:100:8: this tactic is never executed

Note: This linter can be disabled with `set_option linter.unreachableTactic false`
warning: CGLMP5/ScalarTableRow00.lean:104:8: this tactic is never executed

Note: This linter can be disabled with `set_option linter.unreachableTactic false`
warning: CGLMP5/ScalarTableRow00.lean:108:8: this tactic is never executed

Note: This linter can be disabled with `set_option linter.unreachableTactic false`
warning: CGLMP5/ScalarTableRow00.lean:112:8: this tactic is never executed

Note: This linter can be disabled with `set_option linter.unreachableTactic false`
warning: CGLMP5/ScalarTableRow00.lean:116:8: this tactic is never executed

Note: This linter can be disabled with `set_option linter.unreachableTactic false`
warning: CGLMP5/ScalarTableRow00.lean:120:8: this tactic is never executed

Note: This linter can be disabled with `set_option linter.unreachableTactic false`
warning: CGLMP5/ScalarTableRow00.lean:124:8: this tactic is never executed

Note: This linter can be disabled with `set_option linter.unreachableTactic false`
warning: CGLMP5/ScalarTableRow00.lean:128:8: this tactic is never executed

Note: This linter can be disabled with `set_option linter.unreachableTactic false`
warning: CGLMP5/ScalarTableRow00.lean:132:8: this tactic is never executed

Note: This linter can be disabled with `set_option linter.unreachableTactic false`
warning: CGLMP5/ScalarTableRow00.lean:136:8: this tactic is never executed

Note: This linter can be disabled with `set_option linter.unreachableTactic false`
warning: CGLMP5/ScalarTableRow00.lean:140:8: this tactic is never executed

Note: This linter can be disabled with `set_option linter.unreachableTactic false`
warning: CGLMP5/ScalarTableRow00.lean:144:8: this tactic is never executed

Note: This linter can be disabled with `set_option linter.unreachableTactic false`
warning: CGLMP5/ScalarTableRow00.lean:148:8: this tactic is never executed

Note: This linter can be disabled with `set_option linter.unreachableTactic false`
warning: CGLMP5/ScalarTableRow00.lean:152:8: this tactic is never executed

Note: This linter can be disabled with `set_option linter.unreachableTactic false`
warning: CGLMP5/ScalarTableRow00.lean:156:8: this tactic is never executed

Note: This linter can be disabled with `set_option linter.unreachableTactic false`
warning: CGLMP5/ScalarTableRow00.lean:160:8: this tactic is never executed

Note: This linter can be disabled with `set_option linter.unreachableTactic false`
warning: CGLMP5/ScalarTableRow00.lean:164:8: this tactic is never executed

Note: This linter can be disabled with `set_option linter.unreachableTactic false`
warning: CGLMP5/ScalarTableRow00.lean:168:8: this tactic is never executed

Note: This linter can be disabled with `set_option linter.unreachableTactic false`
warning: CGLMP5/ScalarTableRow00.lean:172:8: this tactic is never executed

Note: This linter can be disabled with `set_option linter.unreachableTactic false`
warning: CGLMP5/ScalarTableRow00.lean:176:8: this tactic is never executed

Note: This linter can be disabled with `set_option linter.unreachableTactic false`
warning: CGLMP5/ScalarTableRow00.lean:180:8: this tactic is never executed

Note: This linter can be disabled with `set_option linter.unreachableTactic false`
⚠ [2123/2151] Replayed CGLMP5.ScalarTableRow01
warning: CGLMP5/ScalarTableRow01.lean:88:8: Unused tactic linter: `ring` does nothing

Note: This linter can be disabled with `set_option linter.unusedTactic false`
warning: CGLMP5/ScalarTableRow01.lean:96:8: Unused tactic linter: `ring` does nothing

Note: This linter can be disabled with `set_option linter.unusedTactic false`
warning: CGLMP5/ScalarTableRow01.lean:104:8: Unused tactic linter: `ring` does nothing

Note: This linter can be disabled with `set_option linter.unusedTactic false`
warning: CGLMP5/ScalarTableRow01.lean:112:8: Unused tactic linter: `ring` does nothing

Note: This linter can be disabled with `set_option linter.unusedTactic false`
warning: CGLMP5/ScalarTableRow01.lean:136:8: Unused tactic linter: `ring` does nothing

Note: This linter can be disabled with `set_option linter.unusedTactic false`
warning: CGLMP5/ScalarTableRow01.lean:88:8: this tactic is never executed

Note: This linter can be disabled with `set_option linter.unreachableTactic false`
warning: CGLMP5/ScalarTableRow01.lean:96:8: this tactic is never executed

Note: This linter can be disabled with `set_option linter.unreachableTactic false`
warning: CGLMP5/ScalarTableRow01.lean:104:8: this tactic is never executed

Note: This linter can be disabled with `set_option linter.unreachableTactic false`
warning: CGLMP5/ScalarTableRow01.lean:112:8: this tactic is never executed

Note: This linter can be disabled with `set_option linter.unreachableTactic false`
warning: CGLMP5/ScalarTableRow01.lean:136:8: this tactic is never executed

Note: This linter can be disabled with `set_option linter.unreachableTactic false`
warning: CGLMP5/ScalarTableRow01.lean:92:4: Used `tac1 <;> tac2` where `(tac1; tac2)` would suffice

Note: This linter can be disabled with `set_option linter.unnecessarySeqFocus false`
warning: CGLMP5/ScalarTableRow01.lean:100:4: Used `tac1 <;> tac2` where `(tac1; tac2)` would suffice

Note: This linter can be disabled with `set_option linter.unnecessarySeqFocus false`
warning: CGLMP5/ScalarTableRow01.lean:108:4: Used `tac1 <;> tac2` where `(tac1; tac2)` would suffice

Note: This linter can be disabled with `set_option linter.unnecessarySeqFocus false`
warning: CGLMP5/ScalarTableRow01.lean:116:4: Used `tac1 <;> tac2` where `(tac1; tac2)` would suffice

Note: This linter can be disabled with `set_option linter.unnecessarySeqFocus false`
warning: CGLMP5/ScalarTableRow01.lean:120:4: Used `tac1 <;> tac2` where `(tac1; tac2)` would suffice

Note: This linter can be disabled with `set_option linter.unnecessarySeqFocus false`
warning: CGLMP5/ScalarTableRow01.lean:124:4: Used `tac1 <;> tac2` where `(tac1; tac2)` would suffice

Note: This linter can be disabled with `set_option linter.unnecessarySeqFocus false`
warning: CGLMP5/ScalarTableRow01.lean:128:4: Used `tac1 <;> tac2` where `(tac1; tac2)` would suffice

Note: This linter can be disabled with `set_option linter.unnecessarySeqFocus false`
warning: CGLMP5/ScalarTableRow01.lean:132:4: Used `tac1 <;> tac2` where `(tac1; tac2)` would suffice

Note: This linter can be disabled with `set_option linter.unnecessarySeqFocus false`
warning: CGLMP5/ScalarTableRow01.lean:140:4: Used `tac1 <;> tac2` where `(tac1; tac2)` would suffice

Note: This linter can be disabled with `set_option linter.unnecessarySeqFocus false`
warning: CGLMP5/ScalarTableRow01.lean:144:4: Used `tac1 <;> tac2` where `(tac1; tac2)` would suffice

Note: This linter can be disabled with `set_option linter.unnecessarySeqFocus false`
warning: CGLMP5/ScalarTableRow01.lean:148:4: Used `tac1 <;> tac2` where `(tac1; tac2)` would suffice

Note: This linter can be disabled with `set_option linter.unnecessarySeqFocus false`
warning: CGLMP5/ScalarTableRow01.lean:152:4: Used `tac1 <;> tac2` where `(tac1; tac2)` would suffice

Note: This linter can be disabled with `set_option linter.unnecessarySeqFocus false`
warning: CGLMP5/ScalarTableRow01.lean:156:4: Used `tac1 <;> tac2` where `(tac1; tac2)` would suffice

Note: This linter can be disabled with `set_option linter.unnecessarySeqFocus false`
warning: CGLMP5/ScalarTableRow01.lean:160:4: Used `tac1 <;> tac2` where `(tac1; tac2)` would suffice

Note: This linter can be disabled with `set_option linter.unnecessarySeqFocus false`
warning: CGLMP5/ScalarTableRow01.lean:164:4: Used `tac1 <;> tac2` where `(tac1; tac2)` would suffice

Note: This linter can be disabled with `set_option linter.unnecessarySeqFocus false`
warning: CGLMP5/ScalarTableRow01.lean:168:4: Used `tac1 <;> tac2` where `(tac1; tac2)` would suffice

Note: This linter can be disabled with `set_option linter.unnecessarySeqFocus false`
warning: CGLMP5/ScalarTableRow01.lean:172:4: Used `tac1 <;> tac2` where `(tac1; tac2)` would suffice

Note: This linter can be disabled with `set_option linter.unnecessarySeqFocus false`
warning: CGLMP5/ScalarTableRow01.lean:176:4: Used `tac1 <;> tac2` where `(tac1; tac2)` would suffice

Note: This linter can be disabled with `set_option linter.unnecessarySeqFocus false`
warning: CGLMP5/ScalarTableRow01.lean:180:4: Used `tac1 <;> tac2` where `(tac1; tac2)` would suffice

Note: This linter can be disabled with `set_option linter.unnecessarySeqFocus false`
⚠ [2124/2151] Replayed CGLMP5.ScalarTableRow02
warning: CGLMP5/ScalarTableRow02.lean:88:8: Unused tactic linter: `ring` does nothing

Note: This linter can be disabled with `set_option linter.unusedTactic false`
warning: CGLMP5/ScalarTableRow02.lean:112:8: Unused tactic linter: `ring` does nothing

Note: This linter can be disabled with `set_option linter.unusedTactic false`
warning: CGLMP5/ScalarTableRow02.lean:136:8: Unused tactic linter: `ring` does nothing

Note: This linter can be disabled with `set_option linter.unusedTactic false`
warning: CGLMP5/ScalarTableRow02.lean:88:8: this tactic is never executed

Note: This linter can be disabled with `set_option linter.unreachableTactic false`
warning: CGLMP5/ScalarTableRow02.lean:112:8: this tactic is never executed

Note: This linter can be disabled with `set_option linter.unreachableTactic false`
warning: CGLMP5/ScalarTableRow02.lean:136:8: this tactic is never executed

Note: This linter can be disabled with `set_option linter.unreachableTactic false`
warning: CGLMP5/ScalarTableRow02.lean:92:4: Used `tac1 <;> tac2` where `(tac1; tac2)` would suffice

Note: This linter can be disabled with `set_option linter.unnecessarySeqFocus false`
warning: CGLMP5/ScalarTableRow02.lean:96:4: Used `tac1 <;> tac2` where `(tac1; tac2)` would suffice

Note: This linter can be disabled with `set_option linter.unnecessarySeqFocus false`
warning: CGLMP5/ScalarTableRow02.lean:100:4: Used `tac1 <;> tac2` where `(tac1; tac2)` would suffice

Note: This linter can be disabled with `set_option linter.unnecessarySeqFocus false`
warning: CGLMP5/ScalarTableRow02.lean:104:4: Used `tac1 <;> tac2` where `(tac1; tac2)` would suffice

Note: This linter can be disabled with `set_option linter.unnecessarySeqFocus false`
warning: CGLMP5/ScalarTableRow02.lean:108:4: Used `tac1 <;> tac2` where `(tac1; tac2)` would suffice

Note: This linter can be disabled with `set_option linter.unnecessarySeqFocus false`
warning: CGLMP5/ScalarTableRow02.lean:116:4: Used `tac1 <;> tac2` where `(tac1; tac2)` would suffice

Note: This linter can be disabled with `set_option linter.unnecessarySeqFocus false`
warning: CGLMP5/ScalarTableRow02.lean:120:4: Used `tac1 <;> tac2` where `(tac1; tac2)` would suffice

Note: This linter can be disabled with `set_option linter.unnecessarySeqFocus false`
warning: CGLMP5/ScalarTableRow02.lean:124:4: Used `tac1 <;> tac2` where `(tac1; tac2)` would suffice

Note: This linter can be disabled with `set_option linter.unnecessarySeqFocus false`
warning: CGLMP5/ScalarTableRow02.lean:128:4: Used `tac1 <;> tac2` where `(tac1; tac2)` would suffice

Note: This linter can be disabled with `set_option linter.unnecessarySeqFocus false`
warning: CGLMP5/ScalarTableRow02.lean:132:4: Used `tac1 <;> tac2` where `(tac1; tac2)` would suffice

Note: This linter can be disabled with `set_option linter.unnecessarySeqFocus false`
warning: CGLMP5/ScalarTableRow02.lean:140:4: Used `tac1 <;> tac2` where `(tac1; tac2)` would suffice

Note: This linter can be disabled with `set_option linter.unnecessarySeqFocus false`
warning: CGLMP5/ScalarTableRow02.lean:144:4: Used `tac1 <;> tac2` where `(tac1; tac2)` would suffice

Note: This linter can be disabled with `set_option linter.unnecessarySeqFocus false`
warning: CGLMP5/ScalarTableRow02.lean:148:4: Used `tac1 <;> tac2` where `(tac1; tac2)` would suffice

Note: This linter can be disabled with `set_option linter.unnecessarySeqFocus false`
warning: CGLMP5/ScalarTableRow02.lean:152:4: Used `tac1 <;> tac2` where `(tac1; tac2)` would suffice

Note: This linter can be disabled with `set_option linter.unnecessarySeqFocus false`
warning: CGLMP5/ScalarTableRow02.lean:156:4: Used `tac1 <;> tac2` where `(tac1; tac2)` would suffice

Note: This linter can be disabled with `set_option linter.unnecessarySeqFocus false`
warning: CGLMP5/ScalarTableRow02.lean:160:4: Used `tac1 <;> tac2` where `(tac1; tac2)` would suffice

Note: This linter can be disabled with `set_option linter.unnecessarySeqFocus false`
warning: CGLMP5/ScalarTableRow02.lean:164:4: Used `tac1 <;> tac2` where `(tac1; tac2)` would suffice

Note: This linter can be disabled with `set_option linter.unnecessarySeqFocus false`
warning: CGLMP5/ScalarTableRow02.lean:168:4: Used `tac1 <;> tac2` where `(tac1; tac2)` would suffice

Note: This linter can be disabled with `set_option linter.unnecessarySeqFocus false`
warning: CGLMP5/ScalarTableRow02.lean:172:4: Used `tac1 <;> tac2` where `(tac1; tac2)` would suffice

Note: This linter can be disabled with `set_option linter.unnecessarySeqFocus false`
warning: CGLMP5/ScalarTableRow02.lean:176:4: Used `tac1 <;> tac2` where `(tac1; tac2)` would suffice

Note: This linter can be disabled with `set_option linter.unnecessarySeqFocus false`
warning: CGLMP5/ScalarTableRow02.lean:180:4: Used `tac1 <;> tac2` where `(tac1; tac2)` would suffice

Note: This linter can be disabled with `set_option linter.unnecessarySeqFocus false`
⚠ [2125/2151] Replayed CGLMP5.ScalarTableRow03
warning: CGLMP5/ScalarTableRow03.lean:88:8: Unused tactic linter: `ring` does nothing

Note: This linter can be disabled with `set_option linter.unusedTactic false`
warning: CGLMP5/ScalarTableRow03.lean:112:8: Unused tactic linter: `ring` does nothing

Note: This linter can be disabled with `set_option linter.unusedTactic false`
warning: CGLMP5/ScalarTableRow03.lean:136:8: Unused tactic linter: `ring` does nothing

Note: This linter can be disabled with `set_option linter.unusedTactic false`
warning: CGLMP5/ScalarTableRow03.lean:88:8: this tactic is never executed

Note: This linter can be disabled with `set_option linter.unreachableTactic false`
warning: CGLMP5/ScalarTableRow03.lean:112:8: this tactic is never executed

Note: This linter can be disabled with `set_option linter.unreachableTactic false`
warning: CGLMP5/ScalarTableRow03.lean:136:8: this tactic is never executed

Note: This linter can be disabled with `set_option linter.unreachableTactic false`
warning: CGLMP5/ScalarTableRow03.lean:92:4: Used `tac1 <;> tac2` where `(tac1; tac2)` would suffice

Note: This linter can be disabled with `set_option linter.unnecessarySeqFocus false`
warning: CGLMP5/ScalarTableRow03.lean:96:4: Used `tac1 <;> tac2` where `(tac1; tac2)` would suffice

Note: This linter can be disabled with `set_option linter.unnecessarySeqFocus false`
warning: CGLMP5/ScalarTableRow03.lean:100:4: Used `tac1 <;> tac2` where `(tac1; tac2)` would suffice

Note: This linter can be disabled with `set_option linter.unnecessarySeqFocus false`
warning: CGLMP5/ScalarTableRow03.lean:104:4: Used `tac1 <;> tac2` where `(tac1; tac2)` would suffice

Note: This linter can be disabled with `set_option linter.unnecessarySeqFocus false`
warning: CGLMP5/ScalarTableRow03.lean:108:4: Used `tac1 <;> tac2` where `(tac1; tac2)` would suffice

Note: This linter can be disabled with `set_option linter.unnecessarySeqFocus false`
warning: CGLMP5/ScalarTableRow03.lean:116:4: Used `tac1 <;> tac2` where `(tac1; tac2)` would suffice

Note: This linter can be disabled with `set_option linter.unnecessarySeqFocus false`
warning: CGLMP5/ScalarTableRow03.lean:120:4: Used `tac1 <;> tac2` where `(tac1; tac2)` would suffice

Note: This linter can be disabled with `set_option linter.unnecessarySeqFocus false`
warning: CGLMP5/ScalarTableRow03.lean:124:4: Used `tac1 <;> tac2` where `(tac1; tac2)` would suffice

Note: This linter can be disabled with `set_option linter.unnecessarySeqFocus false`
warning: CGLMP5/ScalarTableRow03.lean:128:4: Used `tac1 <;> tac2` where `(tac1; tac2)` would suffice

Note: This linter can be disabled with `set_option linter.unnecessarySeqFocus false`
warning: CGLMP5/ScalarTableRow03.lean:132:4: Used `tac1 <;> tac2` where `(tac1; tac2)` would suffice

Note: This linter can be disabled with `set_option linter.unnecessarySeqFocus false`
warning: CGLMP5/ScalarTableRow03.lean:140:4: Used `tac1 <;> tac2` where `(tac1; tac2)` would suffice

Note: This linter can be disabled with `set_option linter.unnecessarySeqFocus false`
warning: CGLMP5/ScalarTableRow03.lean:144:4: Used `tac1 <;> tac2` where `(tac1; tac2)` would suffice

Note: This linter can be disabled with `set_option linter.unnecessarySeqFocus false`
warning: CGLMP5/ScalarTableRow03.lean:148:4: Used `tac1 <;> tac2` where `(tac1; tac2)` would suffice

Note: This linter can be disabled with `set_option linter.unnecessarySeqFocus false`
warning: CGLMP5/ScalarTableRow03.lean:152:4: Used `tac1 <;> tac2` where `(tac1; tac2)` would suffice

Note: This linter can be disabled with `set_option linter.unnecessarySeqFocus false`
warning: CGLMP5/ScalarTableRow03.lean:156:4: Used `tac1 <;> tac2` where `(tac1; tac2)` would suffice

Note: This linter can be disabled with `set_option linter.unnecessarySeqFocus false`
warning: CGLMP5/ScalarTableRow03.lean:160:4: Used `tac1 <;> tac2` where `(tac1; tac2)` would suffice

Note: This linter can be disabled with `set_option linter.unnecessarySeqFocus false`
warning: CGLMP5/ScalarTableRow03.lean:164:4: Used `tac1 <;> tac2` where `(tac1; tac2)` would suffice

Note: This linter can be disabled with `set_option linter.unnecessarySeqFocus false`
warning: CGLMP5/ScalarTableRow03.lean:168:4: Used `tac1 <;> tac2` where `(tac1; tac2)` would suffice

Note: This linter can be disabled with `set_option linter.unnecessarySeqFocus false`
warning: CGLMP5/ScalarTableRow03.lean:172:4: Used `tac1 <;> tac2` where `(tac1; tac2)` would suffice

Note: This linter can be disabled with `set_option linter.unnecessarySeqFocus false`
warning: CGLMP5/ScalarTableRow03.lean:176:4: Used `tac1 <;> tac2` where `(tac1; tac2)` would suffice

Note: This linter can be disabled with `set_option linter.unnecessarySeqFocus false`
warning: CGLMP5/ScalarTableRow03.lean:180:4: Used `tac1 <;> tac2` where `(tac1; tac2)` would suffice

Note: This linter can be disabled with `set_option linter.unnecessarySeqFocus false`
⚠ [2126/2151] Replayed CGLMP5.ScalarTableRow04
warning: CGLMP5/ScalarTableRow04.lean:88:8: Unused tactic linter: `ring` does nothing

Note: This linter can be disabled with `set_option linter.unusedTactic false`
warning: CGLMP5/ScalarTableRow04.lean:112:8: Unused tactic linter: `ring` does nothing

Note: This linter can be disabled with `set_option linter.unusedTactic false`
warning: CGLMP5/ScalarTableRow04.lean:136:8: Unused tactic linter: `ring` does nothing

Note: This linter can be disabled with `set_option linter.unusedTactic false`
warning: CGLMP5/ScalarTableRow04.lean:88:8: this tactic is never executed

Note: This linter can be disabled with `set_option linter.unreachableTactic false`
warning: CGLMP5/ScalarTableRow04.lean:112:8: this tactic is never executed

Note: This linter can be disabled with `set_option linter.unreachableTactic false`
warning: CGLMP5/ScalarTableRow04.lean:136:8: this tactic is never executed

Note: This linter can be disabled with `set_option linter.unreachableTactic false`
warning: CGLMP5/ScalarTableRow04.lean:92:4: Used `tac1 <;> tac2` where `(tac1; tac2)` would suffice

Note: This linter can be disabled with `set_option linter.unnecessarySeqFocus false`
warning: CGLMP5/ScalarTableRow04.lean:96:4: Used `tac1 <;> tac2` where `(tac1; tac2)` would suffice

Note: This linter can be disabled with `set_option linter.unnecessarySeqFocus false`
warning: CGLMP5/ScalarTableRow04.lean:100:4: Used `tac1 <;> tac2` where `(tac1; tac2)` would suffice

Note: This linter can be disabled with `set_option linter.unnecessarySeqFocus false`
warning: CGLMP5/ScalarTableRow04.lean:104:4: Used `tac1 <;> tac2` where `(tac1; tac2)` would suffice

Note: This linter can be disabled with `set_option linter.unnecessarySeqFocus false`
warning: CGLMP5/ScalarTableRow04.lean:108:4: Used `tac1 <;> tac2` where `(tac1; tac2)` would suffice

Note: This linter can be disabled with `set_option linter.unnecessarySeqFocus false`
warning: CGLMP5/ScalarTableRow04.lean:116:4: Used `tac1 <;> tac2` where `(tac1; tac2)` would suffice

Note: This linter can be disabled with `set_option linter.unnecessarySeqFocus false`
warning: CGLMP5/ScalarTableRow04.lean:120:4: Used `tac1 <;> tac2` where `(tac1; tac2)` would suffice

Note: This linter can be disabled with `set_option linter.unnecessarySeqFocus false`
warning: CGLMP5/ScalarTableRow04.lean:124:4: Used `tac1 <;> tac2` where `(tac1; tac2)` would suffice

Note: This linter can be disabled with `set_option linter.unnecessarySeqFocus false`
warning: CGLMP5/ScalarTableRow04.lean:128:4: Used `tac1 <;> tac2` where `(tac1; tac2)` would suffice

Note: This linter can be disabled with `set_option linter.unnecessarySeqFocus false`
warning: CGLMP5/ScalarTableRow04.lean:132:4: Used `tac1 <;> tac2` where `(tac1; tac2)` would suffice

Note: This linter can be disabled with `set_option linter.unnecessarySeqFocus false`
warning: CGLMP5/ScalarTableRow04.lean:140:4: Used `tac1 <;> tac2` where `(tac1; tac2)` would suffice

Note: This linter can be disabled with `set_option linter.unnecessarySeqFocus false`
warning: CGLMP5/ScalarTableRow04.lean:144:4: Used `tac1 <;> tac2` where `(tac1; tac2)` would suffice

Note: This linter can be disabled with `set_option linter.unnecessarySeqFocus false`
warning: CGLMP5/ScalarTableRow04.lean:148:4: Used `tac1 <;> tac2` where `(tac1; tac2)` would suffice

Note: This linter can be disabled with `set_option linter.unnecessarySeqFocus false`
warning: CGLMP5/ScalarTableRow04.lean:152:4: Used `tac1 <;> tac2` where `(tac1; tac2)` would suffice

Note: This linter can be disabled with `set_option linter.unnecessarySeqFocus false`
warning: CGLMP5/ScalarTableRow04.lean:156:4: Used `tac1 <;> tac2` where `(tac1; tac2)` would suffice

Note: This linter can be disabled with `set_option linter.unnecessarySeqFocus false`
warning: CGLMP5/ScalarTableRow04.lean:160:4: Used `tac1 <;> tac2` where `(tac1; tac2)` would suffice

Note: This linter can be disabled with `set_option linter.unnecessarySeqFocus false`
warning: CGLMP5/ScalarTableRow04.lean:164:4: Used `tac1 <;> tac2` where `(tac1; tac2)` would suffice

Note: This linter can be disabled with `set_option linter.unnecessarySeqFocus false`
warning: CGLMP5/ScalarTableRow04.lean:168:4: Used `tac1 <;> tac2` where `(tac1; tac2)` would suffice

Note: This linter can be disabled with `set_option linter.unnecessarySeqFocus false`
warning: CGLMP5/ScalarTableRow04.lean:172:4: Used `tac1 <;> tac2` where `(tac1; tac2)` would suffice

Note: This linter can be disabled with `set_option linter.unnecessarySeqFocus false`
warning: CGLMP5/ScalarTableRow04.lean:176:4: Used `tac1 <;> tac2` where `(tac1; tac2)` would suffice

Note: This linter can be disabled with `set_option linter.unnecessarySeqFocus false`
warning: CGLMP5/ScalarTableRow04.lean:180:4: Used `tac1 <;> tac2` where `(tac1; tac2)` would suffice

Note: This linter can be disabled with `set_option linter.unnecessarySeqFocus false`
⚠ [2127/2151] Replayed CGLMP5.ScalarTableRow05
warning: CGLMP5/ScalarTableRow05.lean:88:8: Unused tactic linter: `ring` does nothing

Note: This linter can be disabled with `set_option linter.unusedTactic false`
warning: CGLMP5/ScalarTableRow05.lean:112:8: Unused tactic linter: `ring` does nothing

Note: This linter can be disabled with `set_option linter.unusedTactic false`
warning: CGLMP5/ScalarTableRow05.lean:136:8: Unused tactic linter: `ring` does nothing

Note: This linter can be disabled with `set_option linter.unusedTactic false`
warning: CGLMP5/ScalarTableRow05.lean:88:8: this tactic is never executed

Note: This linter can be disabled with `set_option linter.unreachableTactic false`
warning: CGLMP5/ScalarTableRow05.lean:112:8: this tactic is never executed

Note: This linter can be disabled with `set_option linter.unreachableTactic false`
warning: CGLMP5/ScalarTableRow05.lean:136:8: this tactic is never executed

Note: This linter can be disabled with `set_option linter.unreachableTactic false`
warning: CGLMP5/ScalarTableRow05.lean:92:4: Used `tac1 <;> tac2` where `(tac1; tac2)` would suffice

Note: This linter can be disabled with `set_option linter.unnecessarySeqFocus false`
warning: CGLMP5/ScalarTableRow05.lean:96:4: Used `tac1 <;> tac2` where `(tac1; tac2)` would suffice

Note: This linter can be disabled with `set_option linter.unnecessarySeqFocus false`
warning: CGLMP5/ScalarTableRow05.lean:100:4: Used `tac1 <;> tac2` where `(tac1; tac2)` would suffice

Note: This linter can be disabled with `set_option linter.unnecessarySeqFocus false`
warning: CGLMP5/ScalarTableRow05.lean:104:4: Used `tac1 <;> tac2` where `(tac1; tac2)` would suffice

Note: This linter can be disabled with `set_option linter.unnecessarySeqFocus false`
warning: CGLMP5/ScalarTableRow05.lean:108:4: Used `tac1 <;> tac2` where `(tac1; tac2)` would suffice

Note: This linter can be disabled with `set_option linter.unnecessarySeqFocus false`
warning: CGLMP5/ScalarTableRow05.lean:116:4: Used `tac1 <;> tac2` where `(tac1; tac2)` would suffice

Note: This linter can be disabled with `set_option linter.unnecessarySeqFocus false`
warning: CGLMP5/ScalarTableRow05.lean:120:4: Used `tac1 <;> tac2` where `(tac1; tac2)` would suffice

Note: This linter can be disabled with `set_option linter.unnecessarySeqFocus false`
warning: CGLMP5/ScalarTableRow05.lean:124:4: Used `tac1 <;> tac2` where `(tac1; tac2)` would suffice

Note: This linter can be disabled with `set_option linter.unnecessarySeqFocus false`
warning: CGLMP5/ScalarTableRow05.lean:128:4: Used `tac1 <;> tac2` where `(tac1; tac2)` would suffice

Note: This linter can be disabled with `set_option linter.unnecessarySeqFocus false`
warning: CGLMP5/ScalarTableRow05.lean:132:4: Used `tac1 <;> tac2` where `(tac1; tac2)` would suffice

Note: This linter can be disabled with `set_option linter.unnecessarySeqFocus false`
warning: CGLMP5/ScalarTableRow05.lean:140:4: Used `tac1 <;> tac2` where `(tac1; tac2)` would suffice

Note: This linter can be disabled with `set_option linter.unnecessarySeqFocus false`
warning: CGLMP5/ScalarTableRow05.lean:144:4: Used `tac1 <;> tac2` where `(tac1; tac2)` would suffice

Note: This linter can be disabled with `set_option linter.unnecessarySeqFocus false`
warning: CGLMP5/ScalarTableRow05.lean:148:4: Used `tac1 <;> tac2` where `(tac1; tac2)` would suffice

Note: This linter can be disabled with `set_option linter.unnecessarySeqFocus false`
warning: CGLMP5/ScalarTableRow05.lean:152:4: Used `tac1 <;> tac2` where `(tac1; tac2)` would suffice

Note: This linter can be disabled with `set_option linter.unnecessarySeqFocus false`
warning: CGLMP5/ScalarTableRow05.lean:156:4: Used `tac1 <;> tac2` where `(tac1; tac2)` would suffice

Note: This linter can be disabled with `set_option linter.unnecessarySeqFocus false`
warning: CGLMP5/ScalarTableRow05.lean:160:4: Used `tac1 <;> tac2` where `(tac1; tac2)` would suffice

Note: This linter can be disabled with `set_option linter.unnecessarySeqFocus false`
warning: CGLMP5/ScalarTableRow05.lean:164:4: Used `tac1 <;> tac2` where `(tac1; tac2)` would suffice

Note: This linter can be disabled with `set_option linter.unnecessarySeqFocus false`
warning: CGLMP5/ScalarTableRow05.lean:168:4: Used `tac1 <;> tac2` where `(tac1; tac2)` would suffice

Note: This linter can be disabled with `set_option linter.unnecessarySeqFocus false`
warning: CGLMP5/ScalarTableRow05.lean:172:4: Used `tac1 <;> tac2` where `(tac1; tac2)` would suffice

Note: This linter can be disabled with `set_option linter.unnecessarySeqFocus false`
warning: CGLMP5/ScalarTableRow05.lean:176:4: Used `tac1 <;> tac2` where `(tac1; tac2)` would suffice

Note: This linter can be disabled with `set_option linter.unnecessarySeqFocus false`
warning: CGLMP5/ScalarTableRow05.lean:180:4: Used `tac1 <;> tac2` where `(tac1; tac2)` would suffice

Note: This linter can be disabled with `set_option linter.unnecessarySeqFocus false`
⚠ [2128/2151] Replayed CGLMP5.ScalarTableRow06
warning: CGLMP5/ScalarTableRow06.lean:88:8: Unused tactic linter: `ring` does nothing

Note: This linter can be disabled with `set_option linter.unusedTactic false`
warning: CGLMP5/ScalarTableRow06.lean:136:8: Unused tactic linter: `ring` does nothing

Note: This linter can be disabled with `set_option linter.unusedTactic false`
warning: CGLMP5/ScalarTableRow06.lean:88:8: this tactic is never executed

Note: This linter can be disabled with `set_option linter.unreachableTactic false`
warning: CGLMP5/ScalarTableRow06.lean:136:8: this tactic is never executed

Note: This linter can be disabled with `set_option linter.unreachableTactic false`
warning: CGLMP5/ScalarTableRow06.lean:92:4: Used `tac1 <;> tac2` where `(tac1; tac2)` would suffice

Note: This linter can be disabled with `set_option linter.unnecessarySeqFocus false`
warning: CGLMP5/ScalarTableRow06.lean:96:4: Used `tac1 <;> tac2` where `(tac1; tac2)` would suffice

Note: This linter can be disabled with `set_option linter.unnecessarySeqFocus false`
warning: CGLMP5/ScalarTableRow06.lean:100:4: Used `tac1 <;> tac2` where `(tac1; tac2)` would suffice

Note: This linter can be disabled with `set_option linter.unnecessarySeqFocus false`
warning: CGLMP5/ScalarTableRow06.lean:104:4: Used `tac1 <;> tac2` where `(tac1; tac2)` would suffice

Note: This linter can be disabled with `set_option linter.unnecessarySeqFocus false`
warning: CGLMP5/ScalarTableRow06.lean:108:4: Used `tac1 <;> tac2` where `(tac1; tac2)` would suffice

Note: This linter can be disabled with `set_option linter.unnecessarySeqFocus false`
warning: CGLMP5/ScalarTableRow06.lean:112:4: Used `tac1 <;> tac2` where `(tac1; tac2)` would suffice

Note: This linter can be disabled with `set_option linter.unnecessarySeqFocus false`
warning: CGLMP5/ScalarTableRow06.lean:116:4: Used `tac1 <;> tac2` where `(tac1; tac2)` would suffice

Note: This linter can be disabled with `set_option linter.unnecessarySeqFocus false`
warning: CGLMP5/ScalarTableRow06.lean:120:4: Used `tac1 <;> tac2` where `(tac1; tac2)` would suffice

Note: This linter can be disabled with `set_option linter.unnecessarySeqFocus false`
warning: CGLMP5/ScalarTableRow06.lean:124:4: Used `tac1 <;> tac2` where `(tac1; tac2)` would suffice

Note: This linter can be disabled with `set_option linter.unnecessarySeqFocus false`
warning: CGLMP5/ScalarTableRow06.lean:128:4: Used `tac1 <;> tac2` where `(tac1; tac2)` would suffice

Note: This linter can be disabled with `set_option linter.unnecessarySeqFocus false`
warning: CGLMP5/ScalarTableRow06.lean:132:4: Used `tac1 <;> tac2` where `(tac1; tac2)` would suffice

Note: This linter can be disabled with `set_option linter.unnecessarySeqFocus false`
warning: CGLMP5/ScalarTableRow06.lean:140:4: Used `tac1 <;> tac2` where `(tac1; tac2)` would suffice

Note: This linter can be disabled with `set_option linter.unnecessarySeqFocus false`
warning: CGLMP5/ScalarTableRow06.lean:144:4: Used `tac1 <;> tac2` where `(tac1; tac2)` would suffice

Note: This linter can be disabled with `set_option linter.unnecessarySeqFocus false`
warning: CGLMP5/ScalarTableRow06.lean:148:4: Used `tac1 <;> tac2` where `(tac1; tac2)` would suffice

Note: This linter can be disabled with `set_option linter.unnecessarySeqFocus false`
warning: CGLMP5/ScalarTableRow06.lean:152:4: Used `tac1 <;> tac2` where `(tac1; tac2)` would suffice

Note: This linter can be disabled with `set_option linter.unnecessarySeqFocus false`
warning: CGLMP5/ScalarTableRow06.lean:156:4: Used `tac1 <;> tac2` where `(tac1; tac2)` would suffice

Note: This linter can be disabled with `set_option linter.unnecessarySeqFocus false`
warning: CGLMP5/ScalarTableRow06.lean:160:4: Used `tac1 <;> tac2` where `(tac1; tac2)` would suffice

Note: This linter can be disabled with `set_option linter.unnecessarySeqFocus false`
warning: CGLMP5/ScalarTableRow06.lean:164:4: Used `tac1 <;> tac2` where `(tac1; tac2)` would suffice

Note: This linter can be disabled with `set_option linter.unnecessarySeqFocus false`
warning: CGLMP5/ScalarTableRow06.lean:168:4: Used `tac1 <;> tac2` where `(tac1; tac2)` would suffice

Note: This linter can be disabled with `set_option linter.unnecessarySeqFocus false`
warning: CGLMP5/ScalarTableRow06.lean:172:4: Used `tac1 <;> tac2` where `(tac1; tac2)` would suffice

Note: This linter can be disabled with `set_option linter.unnecessarySeqFocus false`
warning: CGLMP5/ScalarTableRow06.lean:176:4: Used `tac1 <;> tac2` where `(tac1; tac2)` would suffice

Note: This linter can be disabled with `set_option linter.unnecessarySeqFocus false`
warning: CGLMP5/ScalarTableRow06.lean:180:4: Used `tac1 <;> tac2` where `(tac1; tac2)` would suffice

Note: This linter can be disabled with `set_option linter.unnecessarySeqFocus false`
⚠ [2129/2151] Replayed CGLMP5.ScalarTableRow07
warning: CGLMP5/ScalarTableRow07.lean:88:8: Unused tactic linter: `ring` does nothing

Note: This linter can be disabled with `set_option linter.unusedTactic false`
warning: CGLMP5/ScalarTableRow07.lean:136:8: Unused tactic linter: `ring` does nothing

Note: This linter can be disabled with `set_option linter.unusedTactic false`
warning: CGLMP5/ScalarTableRow07.lean:88:8: this tactic is never executed

Note: This linter can be disabled with `set_option linter.unreachableTactic false`
warning: CGLMP5/ScalarTableRow07.lean:136:8: this tactic is never executed

Note: This linter can be disabled with `set_option linter.unreachableTactic false`
warning: CGLMP5/ScalarTableRow07.lean:92:4: Used `tac1 <;> tac2` where `(tac1; tac2)` would suffice

Note: This linter can be disabled with `set_option linter.unnecessarySeqFocus false`
warning: CGLMP5/ScalarTableRow07.lean:96:4: Used `tac1 <;> tac2` where `(tac1; tac2)` would suffice

Note: This linter can be disabled with `set_option linter.unnecessarySeqFocus false`
warning: CGLMP5/ScalarTableRow07.lean:100:4: Used `tac1 <;> tac2` where `(tac1; tac2)` would suffice

Note: This linter can be disabled with `set_option linter.unnecessarySeqFocus false`
warning: CGLMP5/ScalarTableRow07.lean:104:4: Used `tac1 <;> tac2` where `(tac1; tac2)` would suffice

Note: This linter can be disabled with `set_option linter.unnecessarySeqFocus false`
warning: CGLMP5/ScalarTableRow07.lean:108:4: Used `tac1 <;> tac2` where `(tac1; tac2)` would suffice

Note: This linter can be disabled with `set_option linter.unnecessarySeqFocus false`
warning: CGLMP5/ScalarTableRow07.lean:112:4: Used `tac1 <;> tac2` where `(tac1; tac2)` would suffice

Note: This linter can be disabled with `set_option linter.unnecessarySeqFocus false`
warning: CGLMP5/ScalarTableRow07.lean:116:4: Used `tac1 <;> tac2` where `(tac1; tac2)` would suffice

Note: This linter can be disabled with `set_option linter.unnecessarySeqFocus false`
warning: CGLMP5/ScalarTableRow07.lean:120:4: Used `tac1 <;> tac2` where `(tac1; tac2)` would suffice

Note: This linter can be disabled with `set_option linter.unnecessarySeqFocus false`
warning: CGLMP5/ScalarTableRow07.lean:124:4: Used `tac1 <;> tac2` where `(tac1; tac2)` would suffice

Note: This linter can be disabled with `set_option linter.unnecessarySeqFocus false`
warning: CGLMP5/ScalarTableRow07.lean:128:4: Used `tac1 <;> tac2` where `(tac1; tac2)` would suffice

Note: This linter can be disabled with `set_option linter.unnecessarySeqFocus false`
warning: CGLMP5/ScalarTableRow07.lean:132:4: Used `tac1 <;> tac2` where `(tac1; tac2)` would suffice

Note: This linter can be disabled with `set_option linter.unnecessarySeqFocus false`
warning: CGLMP5/ScalarTableRow07.lean:140:4: Used `tac1 <;> tac2` where `(tac1; tac2)` would suffice

Note: This linter can be disabled with `set_option linter.unnecessarySeqFocus false`
warning: CGLMP5/ScalarTableRow07.lean:144:4: Used `tac1 <;> tac2` where `(tac1; tac2)` would suffice

Note: This linter can be disabled with `set_option linter.unnecessarySeqFocus false`
warning: CGLMP5/ScalarTableRow07.lean:148:4: Used `tac1 <;> tac2` where `(tac1; tac2)` would suffice

Note: This linter can be disabled with `set_option linter.unnecessarySeqFocus false`
warning: CGLMP5/ScalarTableRow07.lean:152:4: Used `tac1 <;> tac2` where `(tac1; tac2)` would suffice

Note: This linter can be disabled with `set_option linter.unnecessarySeqFocus false`
warning: CGLMP5/ScalarTableRow07.lean:156:4: Used `tac1 <;> tac2` where `(tac1; tac2)` would suffice

Note: This linter can be disabled with `set_option linter.unnecessarySeqFocus false`
warning: CGLMP5/ScalarTableRow07.lean:160:4: Used `tac1 <;> tac2` where `(tac1; tac2)` would suffice

Note: This linter can be disabled with `set_option linter.unnecessarySeqFocus false`
warning: CGLMP5/ScalarTableRow07.lean:164:4: Used `tac1 <;> tac2` where `(tac1; tac2)` would suffice

Note: This linter can be disabled with `set_option linter.unnecessarySeqFocus false`
warning: CGLMP5/ScalarTableRow07.lean:168:4: Used `tac1 <;> tac2` where `(tac1; tac2)` would suffice

Note: This linter can be disabled with `set_option linter.unnecessarySeqFocus false`
warning: CGLMP5/ScalarTableRow07.lean:172:4: Used `tac1 <;> tac2` where `(tac1; tac2)` would suffice

Note: This linter can be disabled with `set_option linter.unnecessarySeqFocus false`
warning: CGLMP5/ScalarTableRow07.lean:176:4: Used `tac1 <;> tac2` where `(tac1; tac2)` would suffice

Note: This linter can be disabled with `set_option linter.unnecessarySeqFocus false`
warning: CGLMP5/ScalarTableRow07.lean:180:4: Used `tac1 <;> tac2` where `(tac1; tac2)` would suffice

Note: This linter can be disabled with `set_option linter.unnecessarySeqFocus false`
⚠ [2130/2151] Replayed CGLMP5.ScalarTableRow08
warning: CGLMP5/ScalarTableRow08.lean:88:8: Unused tactic linter: `ring` does nothing

Note: This linter can be disabled with `set_option linter.unusedTactic false`
warning: CGLMP5/ScalarTableRow08.lean:136:8: Unused tactic linter: `ring` does nothing

Note: This linter can be disabled with `set_option linter.unusedTactic false`
warning: CGLMP5/ScalarTableRow08.lean:88:8: this tactic is never executed

Note: This linter can be disabled with `set_option linter.unreachableTactic false`
warning: CGLMP5/ScalarTableRow08.lean:136:8: this tactic is never executed

Note: This linter can be disabled with `set_option linter.unreachableTactic false`
warning: CGLMP5/ScalarTableRow08.lean:92:4: Used `tac1 <;> tac2` where `(tac1; tac2)` would suffice

Note: This linter can be disabled with `set_option linter.unnecessarySeqFocus false`
warning: CGLMP5/ScalarTableRow08.lean:96:4: Used `tac1 <;> tac2` where `(tac1; tac2)` would suffice

Note: This linter can be disabled with `set_option linter.unnecessarySeqFocus false`
warning: CGLMP5/ScalarTableRow08.lean:100:4: Used `tac1 <;> tac2` where `(tac1; tac2)` would suffice

Note: This linter can be disabled with `set_option linter.unnecessarySeqFocus false`
warning: CGLMP5/ScalarTableRow08.lean:104:4: Used `tac1 <;> tac2` where `(tac1; tac2)` would suffice

Note: This linter can be disabled with `set_option linter.unnecessarySeqFocus false`
warning: CGLMP5/ScalarTableRow08.lean:108:4: Used `tac1 <;> tac2` where `(tac1; tac2)` would suffice

Note: This linter can be disabled with `set_option linter.unnecessarySeqFocus false`
warning: CGLMP5/ScalarTableRow08.lean:112:4: Used `tac1 <;> tac2` where `(tac1; tac2)` would suffice

Note: This linter can be disabled with `set_option linter.unnecessarySeqFocus false`
warning: CGLMP5/ScalarTableRow08.lean:116:4: Used `tac1 <;> tac2` where `(tac1; tac2)` would suffice

Note: This linter can be disabled with `set_option linter.unnecessarySeqFocus false`
warning: CGLMP5/ScalarTableRow08.lean:120:4: Used `tac1 <;> tac2` where `(tac1; tac2)` would suffice

Note: This linter can be disabled with `set_option linter.unnecessarySeqFocus false`
warning: CGLMP5/ScalarTableRow08.lean:124:4: Used `tac1 <;> tac2` where `(tac1; tac2)` would suffice

Note: This linter can be disabled with `set_option linter.unnecessarySeqFocus false`
warning: CGLMP5/ScalarTableRow08.lean:128:4: Used `tac1 <;> tac2` where `(tac1; tac2)` would suffice

Note: This linter can be disabled with `set_option linter.unnecessarySeqFocus false`
warning: CGLMP5/ScalarTableRow08.lean:132:4: Used `tac1 <;> tac2` where `(tac1; tac2)` would suffice

Note: This linter can be disabled with `set_option linter.unnecessarySeqFocus false`
warning: CGLMP5/ScalarTableRow08.lean:140:4: Used `tac1 <;> tac2` where `(tac1; tac2)` would suffice

Note: This linter can be disabled with `set_option linter.unnecessarySeqFocus false`
warning: CGLMP5/ScalarTableRow08.lean:144:4: Used `tac1 <;> tac2` where `(tac1; tac2)` would suffice

Note: This linter can be disabled with `set_option linter.unnecessarySeqFocus false`
warning: CGLMP5/ScalarTableRow08.lean:148:4: Used `tac1 <;> tac2` where `(tac1; tac2)` would suffice

Note: This linter can be disabled with `set_option linter.unnecessarySeqFocus false`
warning: CGLMP5/ScalarTableRow08.lean:152:4: Used `tac1 <;> tac2` where `(tac1; tac2)` would suffice

Note: This linter can be disabled with `set_option linter.unnecessarySeqFocus false`
warning: CGLMP5/ScalarTableRow08.lean:156:4: Used `tac1 <;> tac2` where `(tac1; tac2)` would suffice

Note: This linter can be disabled with `set_option linter.unnecessarySeqFocus false`
warning: CGLMP5/ScalarTableRow08.lean:160:4: Used `tac1 <;> tac2` where `(tac1; tac2)` would suffice

Note: This linter can be disabled with `set_option linter.unnecessarySeqFocus false`
warning: CGLMP5/ScalarTableRow08.lean:164:4: Used `tac1 <;> tac2` where `(tac1; tac2)` would suffice

Note: This linter can be disabled with `set_option linter.unnecessarySeqFocus false`
warning: CGLMP5/ScalarTableRow08.lean:168:4: Used `tac1 <;> tac2` where `(tac1; tac2)` would suffice

Note: This linter can be disabled with `set_option linter.unnecessarySeqFocus false`
warning: CGLMP5/ScalarTableRow08.lean:172:4: Used `tac1 <;> tac2` where `(tac1; tac2)` would suffice

Note: This linter can be disabled with `set_option linter.unnecessarySeqFocus false`
warning: CGLMP5/ScalarTableRow08.lean:176:4: Used `tac1 <;> tac2` where `(tac1; tac2)` would suffice

Note: This linter can be disabled with `set_option linter.unnecessarySeqFocus false`
warning: CGLMP5/ScalarTableRow08.lean:180:4: Used `tac1 <;> tac2` where `(tac1; tac2)` would suffice

Note: This linter can be disabled with `set_option linter.unnecessarySeqFocus false`
⚠ [2131/2151] Replayed CGLMP5.ScalarTableRow09
warning: CGLMP5/ScalarTableRow09.lean:88:8: Unused tactic linter: `ring` does nothing

Note: This linter can be disabled with `set_option linter.unusedTactic false`
warning: CGLMP5/ScalarTableRow09.lean:136:8: Unused tactic linter: `ring` does nothing

Note: This linter can be disabled with `set_option linter.unusedTactic false`
warning: CGLMP5/ScalarTableRow09.lean:88:8: this tactic is never executed

Note: This linter can be disabled with `set_option linter.unreachableTactic false`
warning: CGLMP5/ScalarTableRow09.lean:136:8: this tactic is never executed

Note: This linter can be disabled with `set_option linter.unreachableTactic false`
warning: CGLMP5/ScalarTableRow09.lean:92:4: Used `tac1 <;> tac2` where `(tac1; tac2)` would suffice

Note: This linter can be disabled with `set_option linter.unnecessarySeqFocus false`
warning: CGLMP5/ScalarTableRow09.lean:96:4: Used `tac1 <;> tac2` where `(tac1; tac2)` would suffice

Note: This linter can be disabled with `set_option linter.unnecessarySeqFocus false`
warning: CGLMP5/ScalarTableRow09.lean:100:4: Used `tac1 <;> tac2` where `(tac1; tac2)` would suffice

Note: This linter can be disabled with `set_option linter.unnecessarySeqFocus false`
warning: CGLMP5/ScalarTableRow09.lean:104:4: Used `tac1 <;> tac2` where `(tac1; tac2)` would suffice

Note: This linter can be disabled with `set_option linter.unnecessarySeqFocus false`
warning: CGLMP5/ScalarTableRow09.lean:108:4: Used `tac1 <;> tac2` where `(tac1; tac2)` would suffice

Note: This linter can be disabled with `set_option linter.unnecessarySeqFocus false`
warning: CGLMP5/ScalarTableRow09.lean:112:4: Used `tac1 <;> tac2` where `(tac1; tac2)` would suffice

Note: This linter can be disabled with `set_option linter.unnecessarySeqFocus false`
warning: CGLMP5/ScalarTableRow09.lean:116:4: Used `tac1 <;> tac2` where `(tac1; tac2)` would suffice

Note: This linter can be disabled with `set_option linter.unnecessarySeqFocus false`
warning: CGLMP5/ScalarTableRow09.lean:120:4: Used `tac1 <;> tac2` where `(tac1; tac2)` would suffice

Note: This linter can be disabled with `set_option linter.unnecessarySeqFocus false`
warning: CGLMP5/ScalarTableRow09.lean:124:4: Used `tac1 <;> tac2` where `(tac1; tac2)` would suffice

Note: This linter can be disabled with `set_option linter.unnecessarySeqFocus false`
warning: CGLMP5/ScalarTableRow09.lean:128:4: Used `tac1 <;> tac2` where `(tac1; tac2)` would suffice

Note: This linter can be disabled with `set_option linter.unnecessarySeqFocus false`
warning: CGLMP5/ScalarTableRow09.lean:132:4: Used `tac1 <;> tac2` where `(tac1; tac2)` would suffice

Note: This linter can be disabled with `set_option linter.unnecessarySeqFocus false`
warning: CGLMP5/ScalarTableRow09.lean:140:4: Used `tac1 <;> tac2` where `(tac1; tac2)` would suffice

Note: This linter can be disabled with `set_option linter.unnecessarySeqFocus false`
warning: CGLMP5/ScalarTableRow09.lean:144:4: Used `tac1 <;> tac2` where `(tac1; tac2)` would suffice

Note: This linter can be disabled with `set_option linter.unnecessarySeqFocus false`
warning: CGLMP5/ScalarTableRow09.lean:148:4: Used `tac1 <;> tac2` where `(tac1; tac2)` would suffice

Note: This linter can be disabled with `set_option linter.unnecessarySeqFocus false`
warning: CGLMP5/ScalarTableRow09.lean:152:4: Used `tac1 <;> tac2` where `(tac1; tac2)` would suffice

Note: This linter can be disabled with `set_option linter.unnecessarySeqFocus false`
warning: CGLMP5/ScalarTableRow09.lean:156:4: Used `tac1 <;> tac2` where `(tac1; tac2)` would suffice

Note: This linter can be disabled with `set_option linter.unnecessarySeqFocus false`
warning: CGLMP5/ScalarTableRow09.lean:160:4: Used `tac1 <;> tac2` where `(tac1; tac2)` would suffice

Note: This linter can be disabled with `set_option linter.unnecessarySeqFocus false`
warning: CGLMP5/ScalarTableRow09.lean:164:4: Used `tac1 <;> tac2` where `(tac1; tac2)` would suffice

Note: This linter can be disabled with `set_option linter.unnecessarySeqFocus false`
warning: CGLMP5/ScalarTableRow09.lean:168:4: Used `tac1 <;> tac2` where `(tac1; tac2)` would suffice

Note: This linter can be disabled with `set_option linter.unnecessarySeqFocus false`
warning: CGLMP5/ScalarTableRow09.lean:172:4: Used `tac1 <;> tac2` where `(tac1; tac2)` would suffice

Note: This linter can be disabled with `set_option linter.unnecessarySeqFocus false`
warning: CGLMP5/ScalarTableRow09.lean:176:4: Used `tac1 <;> tac2` where `(tac1; tac2)` would suffice

Note: This linter can be disabled with `set_option linter.unnecessarySeqFocus false`
warning: CGLMP5/ScalarTableRow09.lean:180:4: Used `tac1 <;> tac2` where `(tac1; tac2)` would suffice

Note: This linter can be disabled with `set_option linter.unnecessarySeqFocus false`
⚠ [2132/2151] Replayed CGLMP5.ScalarTableRow10
warning: CGLMP5/ScalarTableRow10.lean:88:8: Unused tactic linter: `ring` does nothing

Note: This linter can be disabled with `set_option linter.unusedTactic false`
warning: CGLMP5/ScalarTableRow10.lean:136:8: Unused tactic linter: `ring` does nothing

Note: This linter can be disabled with `set_option linter.unusedTactic false`
warning: CGLMP5/ScalarTableRow10.lean:88:8: this tactic is never executed

Note: This linter can be disabled with `set_option linter.unreachableTactic false`
warning: CGLMP5/ScalarTableRow10.lean:136:8: this tactic is never executed

Note: This linter can be disabled with `set_option linter.unreachableTactic false`
warning: CGLMP5/ScalarTableRow10.lean:92:4: Used `tac1 <;> tac2` where `(tac1; tac2)` would suffice

Note: This linter can be disabled with `set_option linter.unnecessarySeqFocus false`
warning: CGLMP5/ScalarTableRow10.lean:96:4: Used `tac1 <;> tac2` where `(tac1; tac2)` would suffice

Note: This linter can be disabled with `set_option linter.unnecessarySeqFocus false`
warning: CGLMP5/ScalarTableRow10.lean:100:4: Used `tac1 <;> tac2` where `(tac1; tac2)` would suffice

Note: This linter can be disabled with `set_option linter.unnecessarySeqFocus false`
warning: CGLMP5/ScalarTableRow10.lean:104:4: Used `tac1 <;> tac2` where `(tac1; tac2)` would suffice

Note: This linter can be disabled with `set_option linter.unnecessarySeqFocus false`
warning: CGLMP5/ScalarTableRow10.lean:108:4: Used `tac1 <;> tac2` where `(tac1; tac2)` would suffice

Note: This linter can be disabled with `set_option linter.unnecessarySeqFocus false`
warning: CGLMP5/ScalarTableRow10.lean:112:4: Used `tac1 <;> tac2` where `(tac1; tac2)` would suffice

Note: This linter can be disabled with `set_option linter.unnecessarySeqFocus false`
warning: CGLMP5/ScalarTableRow10.lean:116:4: Used `tac1 <;> tac2` where `(tac1; tac2)` would suffice

Note: This linter can be disabled with `set_option linter.unnecessarySeqFocus false`
warning: CGLMP5/ScalarTableRow10.lean:120:4: Used `tac1 <;> tac2` where `(tac1; tac2)` would suffice

Note: This linter can be disabled with `set_option linter.unnecessarySeqFocus false`
warning: CGLMP5/ScalarTableRow10.lean:124:4: Used `tac1 <;> tac2` where `(tac1; tac2)` would suffice

Note: This linter can be disabled with `set_option linter.unnecessarySeqFocus false`
warning: CGLMP5/ScalarTableRow10.lean:128:4: Used `tac1 <;> tac2` where `(tac1; tac2)` would suffice

Note: This linter can be disabled with `set_option linter.unnecessarySeqFocus false`
warning: CGLMP5/ScalarTableRow10.lean:132:4: Used `tac1 <;> tac2` where `(tac1; tac2)` would suffice

Note: This linter can be disabled with `set_option linter.unnecessarySeqFocus false`
warning: CGLMP5/ScalarTableRow10.lean:140:4: Used `tac1 <;> tac2` where `(tac1; tac2)` would suffice

Note: This linter can be disabled with `set_option linter.unnecessarySeqFocus false`
warning: CGLMP5/ScalarTableRow10.lean:144:4: Used `tac1 <;> tac2` where `(tac1; tac2)` would suffice

Note: This linter can be disabled with `set_option linter.unnecessarySeqFocus false`
warning: CGLMP5/ScalarTableRow10.lean:148:4: Used `tac1 <;> tac2` where `(tac1; tac2)` would suffice

Note: This linter can be disabled with `set_option linter.unnecessarySeqFocus false`
warning: CGLMP5/ScalarTableRow10.lean:152:4: Used `tac1 <;> tac2` where `(tac1; tac2)` would suffice

Note: This linter can be disabled with `set_option linter.unnecessarySeqFocus false`
warning: CGLMP5/ScalarTableRow10.lean:156:4: Used `tac1 <;> tac2` where `(tac1; tac2)` would suffice

Note: This linter can be disabled with `set_option linter.unnecessarySeqFocus false`
warning: CGLMP5/ScalarTableRow10.lean:160:4: Used `tac1 <;> tac2` where `(tac1; tac2)` would suffice

Note: This linter can be disabled with `set_option linter.unnecessarySeqFocus false`
warning: CGLMP5/ScalarTableRow10.lean:164:4: Used `tac1 <;> tac2` where `(tac1; tac2)` would suffice

Note: This linter can be disabled with `set_option linter.unnecessarySeqFocus false`
warning: CGLMP5/ScalarTableRow10.lean:168:4: Used `tac1 <;> tac2` where `(tac1; tac2)` would suffice

Note: This linter can be disabled with `set_option linter.unnecessarySeqFocus false`
warning: CGLMP5/ScalarTableRow10.lean:172:4: Used `tac1 <;> tac2` where `(tac1; tac2)` would suffice

Note: This linter can be disabled with `set_option linter.unnecessarySeqFocus false`
warning: CGLMP5/ScalarTableRow10.lean:176:4: Used `tac1 <;> tac2` where `(tac1; tac2)` would suffice

Note: This linter can be disabled with `set_option linter.unnecessarySeqFocus false`
warning: CGLMP5/ScalarTableRow10.lean:180:4: Used `tac1 <;> tac2` where `(tac1; tac2)` would suffice

Note: This linter can be disabled with `set_option linter.unnecessarySeqFocus false`
⚠ [2133/2151] Replayed CGLMP5.ScalarTableRow11
warning: CGLMP5/ScalarTableRow11.lean:88:8: Unused tactic linter: `ring` does nothing

Note: This linter can be disabled with `set_option linter.unusedTactic false`
warning: CGLMP5/ScalarTableRow11.lean:136:8: Unused tactic linter: `ring` does nothing

Note: This linter can be disabled with `set_option linter.unusedTactic false`
warning: CGLMP5/ScalarTableRow11.lean:88:8: this tactic is never executed

Note: This linter can be disabled with `set_option linter.unreachableTactic false`
warning: CGLMP5/ScalarTableRow11.lean:136:8: this tactic is never executed

Note: This linter can be disabled with `set_option linter.unreachableTactic false`
warning: CGLMP5/ScalarTableRow11.lean:92:4: Used `tac1 <;> tac2` where `(tac1; tac2)` would suffice

Note: This linter can be disabled with `set_option linter.unnecessarySeqFocus false`
warning: CGLMP5/ScalarTableRow11.lean:96:4: Used `tac1 <;> tac2` where `(tac1; tac2)` would suffice

Note: This linter can be disabled with `set_option linter.unnecessarySeqFocus false`
warning: CGLMP5/ScalarTableRow11.lean:100:4: Used `tac1 <;> tac2` where `(tac1; tac2)` would suffice

Note: This linter can be disabled with `set_option linter.unnecessarySeqFocus false`
warning: CGLMP5/ScalarTableRow11.lean:104:4: Used `tac1 <;> tac2` where `(tac1; tac2)` would suffice

Note: This linter can be disabled with `set_option linter.unnecessarySeqFocus false`
warning: CGLMP5/ScalarTableRow11.lean:108:4: Used `tac1 <;> tac2` where `(tac1; tac2)` would suffice

Note: This linter can be disabled with `set_option linter.unnecessarySeqFocus false`
warning: CGLMP5/ScalarTableRow11.lean:112:4: Used `tac1 <;> tac2` where `(tac1; tac2)` would suffice

Note: This linter can be disabled with `set_option linter.unnecessarySeqFocus false`
warning: CGLMP5/ScalarTableRow11.lean:116:4: Used `tac1 <;> tac2` where `(tac1; tac2)` would suffice

Note: This linter can be disabled with `set_option linter.unnecessarySeqFocus false`
warning: CGLMP5/ScalarTableRow11.lean:120:4: Used `tac1 <;> tac2` where `(tac1; tac2)` would suffice

Note: This linter can be disabled with `set_option linter.unnecessarySeqFocus false`
warning: CGLMP5/ScalarTableRow11.lean:124:4: Used `tac1 <;> tac2` where `(tac1; tac2)` would suffice

Note: This linter can be disabled with `set_option linter.unnecessarySeqFocus false`
warning: CGLMP5/ScalarTableRow11.lean:128:4: Used `tac1 <;> tac2` where `(tac1; tac2)` would suffice

Note: This linter can be disabled with `set_option linter.unnecessarySeqFocus false`
warning: CGLMP5/ScalarTableRow11.lean:132:4: Used `tac1 <;> tac2` where `(tac1; tac2)` would suffice

Note: This linter can be disabled with `set_option linter.unnecessarySeqFocus false`
warning: CGLMP5/ScalarTableRow11.lean:140:4: Used `tac1 <;> tac2` where `(tac1; tac2)` would suffice

Note: This linter can be disabled with `set_option linter.unnecessarySeqFocus false`
warning: CGLMP5/ScalarTableRow11.lean:144:4: Used `tac1 <;> tac2` where `(tac1; tac2)` would suffice

Note: This linter can be disabled with `set_option linter.unnecessarySeqFocus false`
warning: CGLMP5/ScalarTableRow11.lean:148:4: Used `tac1 <;> tac2` where `(tac1; tac2)` would suffice

Note: This linter can be disabled with `set_option linter.unnecessarySeqFocus false`
warning: CGLMP5/ScalarTableRow11.lean:152:4: Used `tac1 <;> tac2` where `(tac1; tac2)` would suffice

Note: This linter can be disabled with `set_option linter.unnecessarySeqFocus false`
warning: CGLMP5/ScalarTableRow11.lean:156:4: Used `tac1 <;> tac2` where `(tac1; tac2)` would suffice

Note: This linter can be disabled with `set_option linter.unnecessarySeqFocus false`
warning: CGLMP5/ScalarTableRow11.lean:160:4: Used `tac1 <;> tac2` where `(tac1; tac2)` would suffice

Note: This linter can be disabled with `set_option linter.unnecessarySeqFocus false`
warning: CGLMP5/ScalarTableRow11.lean:164:4: Used `tac1 <;> tac2` where `(tac1; tac2)` would suffice

Note: This linter can be disabled with `set_option linter.unnecessarySeqFocus false`
warning: CGLMP5/ScalarTableRow11.lean:168:4: Used `tac1 <;> tac2` where `(tac1; tac2)` would suffice

Note: This linter can be disabled with `set_option linter.unnecessarySeqFocus false`
warning: CGLMP5/ScalarTableRow11.lean:172:4: Used `tac1 <;> tac2` where `(tac1; tac2)` would suffice

Note: This linter can be disabled with `set_option linter.unnecessarySeqFocus false`
warning: CGLMP5/ScalarTableRow11.lean:176:4: Used `tac1 <;> tac2` where `(tac1; tac2)` would suffice

Note: This linter can be disabled with `set_option linter.unnecessarySeqFocus false`
warning: CGLMP5/ScalarTableRow11.lean:180:4: Used `tac1 <;> tac2` where `(tac1; tac2)` would suffice

Note: This linter can be disabled with `set_option linter.unnecessarySeqFocus false`
⚠ [2134/2151] Replayed CGLMP5.ScalarTableRow12
warning: CGLMP5/ScalarTableRow12.lean:88:8: Unused tactic linter: `ring` does nothing

Note: This linter can be disabled with `set_option linter.unusedTactic false`
warning: CGLMP5/ScalarTableRow12.lean:136:8: Unused tactic linter: `linear_combination -(1) * Complex.I_sq` does nothing

Note: This linter can be disabled with `set_option linter.unusedTactic false`
warning: CGLMP5/ScalarTableRow12.lean:88:8: this tactic is never executed

Note: This linter can be disabled with `set_option linter.unreachableTactic false`
warning: CGLMP5/ScalarTableRow12.lean:136:8: this tactic is never executed

Note: This linter can be disabled with `set_option linter.unreachableTactic false`
warning: CGLMP5/ScalarTableRow12.lean:92:4: Used `tac1 <;> tac2` where `(tac1; tac2)` would suffice

Note: This linter can be disabled with `set_option linter.unnecessarySeqFocus false`
warning: CGLMP5/ScalarTableRow12.lean:96:4: Used `tac1 <;> tac2` where `(tac1; tac2)` would suffice

Note: This linter can be disabled with `set_option linter.unnecessarySeqFocus false`
warning: CGLMP5/ScalarTableRow12.lean:100:4: Used `tac1 <;> tac2` where `(tac1; tac2)` would suffice

Note: This linter can be disabled with `set_option linter.unnecessarySeqFocus false`
warning: CGLMP5/ScalarTableRow12.lean:104:4: Used `tac1 <;> tac2` where `(tac1; tac2)` would suffice

Note: This linter can be disabled with `set_option linter.unnecessarySeqFocus false`
warning: CGLMP5/ScalarTableRow12.lean:108:4: Used `tac1 <;> tac2` where `(tac1; tac2)` would suffice

Note: This linter can be disabled with `set_option linter.unnecessarySeqFocus false`
warning: CGLMP5/ScalarTableRow12.lean:112:4: Used `tac1 <;> tac2` where `(tac1; tac2)` would suffice

Note: This linter can be disabled with `set_option linter.unnecessarySeqFocus false`
warning: CGLMP5/ScalarTableRow12.lean:116:4: Used `tac1 <;> tac2` where `(tac1; tac2)` would suffice

Note: This linter can be disabled with `set_option linter.unnecessarySeqFocus false`
warning: CGLMP5/ScalarTableRow12.lean:120:4: Used `tac1 <;> tac2` where `(tac1; tac2)` would suffice

Note: This linter can be disabled with `set_option linter.unnecessarySeqFocus false`
warning: CGLMP5/ScalarTableRow12.lean:124:4: Used `tac1 <;> tac2` where `(tac1; tac2)` would suffice

Note: This linter can be disabled with `set_option linter.unnecessarySeqFocus false`
warning: CGLMP5/ScalarTableRow12.lean:128:4: Used `tac1 <;> tac2` where `(tac1; tac2)` would suffice

Note: This linter can be disabled with `set_option linter.unnecessarySeqFocus false`
warning: CGLMP5/ScalarTableRow12.lean:132:4: Used `tac1 <;> tac2` where `(tac1; tac2)` would suffice

Note: This linter can be disabled with `set_option linter.unnecessarySeqFocus false`
warning: CGLMP5/ScalarTableRow12.lean:140:4: Used `tac1 <;> tac2` where `(tac1; tac2)` would suffice

Note: This linter can be disabled with `set_option linter.unnecessarySeqFocus false`
warning: CGLMP5/ScalarTableRow12.lean:144:4: Used `tac1 <;> tac2` where `(tac1; tac2)` would suffice

Note: This linter can be disabled with `set_option linter.unnecessarySeqFocus false`
warning: CGLMP5/ScalarTableRow12.lean:148:4: Used `tac1 <;> tac2` where `(tac1; tac2)` would suffice

Note: This linter can be disabled with `set_option linter.unnecessarySeqFocus false`
warning: CGLMP5/ScalarTableRow12.lean:152:4: Used `tac1 <;> tac2` where `(tac1; tac2)` would suffice

Note: This linter can be disabled with `set_option linter.unnecessarySeqFocus false`
warning: CGLMP5/ScalarTableRow12.lean:156:4: Used `tac1 <;> tac2` where `(tac1; tac2)` would suffice

Note: This linter can be disabled with `set_option linter.unnecessarySeqFocus false`
warning: CGLMP5/ScalarTableRow12.lean:160:4: Used `tac1 <;> tac2` where `(tac1; tac2)` would suffice

Note: This linter can be disabled with `set_option linter.unnecessarySeqFocus false`
warning: CGLMP5/ScalarTableRow12.lean:164:4: Used `tac1 <;> tac2` where `(tac1; tac2)` would suffice

Note: This linter can be disabled with `set_option linter.unnecessarySeqFocus false`
warning: CGLMP5/ScalarTableRow12.lean:168:4: Used `tac1 <;> tac2` where `(tac1; tac2)` would suffice

Note: This linter can be disabled with `set_option linter.unnecessarySeqFocus false`
warning: CGLMP5/ScalarTableRow12.lean:172:4: Used `tac1 <;> tac2` where `(tac1; tac2)` would suffice

Note: This linter can be disabled with `set_option linter.unnecessarySeqFocus false`
warning: CGLMP5/ScalarTableRow12.lean:176:4: Used `tac1 <;> tac2` where `(tac1; tac2)` would suffice

Note: This linter can be disabled with `set_option linter.unnecessarySeqFocus false`
warning: CGLMP5/ScalarTableRow12.lean:180:4: Used `tac1 <;> tac2` where `(tac1; tac2)` would suffice

Note: This linter can be disabled with `set_option linter.unnecessarySeqFocus false`
⚠ [2135/2151] Replayed CGLMP5.ScalarTableRow13
warning: CGLMP5/ScalarTableRow13.lean:88:8: Unused tactic linter: `ring` does nothing

Note: This linter can be disabled with `set_option linter.unusedTactic false`
warning: CGLMP5/ScalarTableRow13.lean:88:8: this tactic is never executed

Note: This linter can be disabled with `set_option linter.unreachableTactic false`
warning: CGLMP5/ScalarTableRow13.lean:92:4: Used `tac1 <;> tac2` where `(tac1; tac2)` would suffice

Note: This linter can be disabled with `set_option linter.unnecessarySeqFocus false`
warning: CGLMP5/ScalarTableRow13.lean:96:4: Used `tac1 <;> tac2` where `(tac1; tac2)` would suffice

Note: This linter can be disabled with `set_option linter.unnecessarySeqFocus false`
warning: CGLMP5/ScalarTableRow13.lean:100:4: Used `tac1 <;> tac2` where `(tac1; tac2)` would suffice

Note: This linter can be disabled with `set_option linter.unnecessarySeqFocus false`
warning: CGLMP5/ScalarTableRow13.lean:104:4: Used `tac1 <;> tac2` where `(tac1; tac2)` would suffice

Note: This linter can be disabled with `set_option linter.unnecessarySeqFocus false`
warning: CGLMP5/ScalarTableRow13.lean:108:4: Used `tac1 <;> tac2` where `(tac1; tac2)` would suffice

Note: This linter can be disabled with `set_option linter.unnecessarySeqFocus false`
warning: CGLMP5/ScalarTableRow13.lean:112:4: Used `tac1 <;> tac2` where `(tac1; tac2)` would suffice

Note: This linter can be disabled with `set_option linter.unnecessarySeqFocus false`
warning: CGLMP5/ScalarTableRow13.lean:116:4: Used `tac1 <;> tac2` where `(tac1; tac2)` would suffice

Note: This linter can be disabled with `set_option linter.unnecessarySeqFocus false`
warning: CGLMP5/ScalarTableRow13.lean:120:4: Used `tac1 <;> tac2` where `(tac1; tac2)` would suffice

Note: This linter can be disabled with `set_option linter.unnecessarySeqFocus false`
warning: CGLMP5/ScalarTableRow13.lean:124:4: Used `tac1 <;> tac2` where `(tac1; tac2)` would suffice

Note: This linter can be disabled with `set_option linter.unnecessarySeqFocus false`
warning: CGLMP5/ScalarTableRow13.lean:128:4: Used `tac1 <;> tac2` where `(tac1; tac2)` would suffice

Note: This linter can be disabled with `set_option linter.unnecessarySeqFocus false`
warning: CGLMP5/ScalarTableRow13.lean:132:4: Used `tac1 <;> tac2` where `(tac1; tac2)` would suffice

Note: This linter can be disabled with `set_option linter.unnecessarySeqFocus false`
warning: CGLMP5/ScalarTableRow13.lean:136:4: Used `tac1 <;> tac2` where `(tac1; tac2)` would suffice

Note: This linter can be disabled with `set_option linter.unnecessarySeqFocus false`
warning: CGLMP5/ScalarTableRow13.lean:140:4: Used `tac1 <;> tac2` where `(tac1; tac2)` would suffice

Note: This linter can be disabled with `set_option linter.unnecessarySeqFocus false`
warning: CGLMP5/ScalarTableRow13.lean:144:4: Used `tac1 <;> tac2` where `(tac1; tac2)` would suffice

Note: This linter can be disabled with `set_option linter.unnecessarySeqFocus false`
warning: CGLMP5/ScalarTableRow13.lean:148:4: Used `tac1 <;> tac2` where `(tac1; tac2)` would suffice

Note: This linter can be disabled with `set_option linter.unnecessarySeqFocus false`
warning: CGLMP5/ScalarTableRow13.lean:152:4: Used `tac1 <;> tac2` where `(tac1; tac2)` would suffice

Note: This linter can be disabled with `set_option linter.unnecessarySeqFocus false`
warning: CGLMP5/ScalarTableRow13.lean:156:4: Used `tac1 <;> tac2` where `(tac1; tac2)` would suffice

Note: This linter can be disabled with `set_option linter.unnecessarySeqFocus false`
warning: CGLMP5/ScalarTableRow13.lean:160:4: Used `tac1 <;> tac2` where `(tac1; tac2)` would suffice

Note: This linter can be disabled with `set_option linter.unnecessarySeqFocus false`
warning: CGLMP5/ScalarTableRow13.lean:164:4: Used `tac1 <;> tac2` where `(tac1; tac2)` would suffice

Note: This linter can be disabled with `set_option linter.unnecessarySeqFocus false`
warning: CGLMP5/ScalarTableRow13.lean:168:4: Used `tac1 <;> tac2` where `(tac1; tac2)` would suffice

Note: This linter can be disabled with `set_option linter.unnecessarySeqFocus false`
warning: CGLMP5/ScalarTableRow13.lean:172:4: Used `tac1 <;> tac2` where `(tac1; tac2)` would suffice

Note: This linter can be disabled with `set_option linter.unnecessarySeqFocus false`
warning: CGLMP5/ScalarTableRow13.lean:176:4: Used `tac1 <;> tac2` where `(tac1; tac2)` would suffice

Note: This linter can be disabled with `set_option linter.unnecessarySeqFocus false`
warning: CGLMP5/ScalarTableRow13.lean:180:4: Used `tac1 <;> tac2` where `(tac1; tac2)` would suffice

Note: This linter can be disabled with `set_option linter.unnecessarySeqFocus false`
⚠ [2136/2151] Replayed CGLMP5.ScalarTableRow14
warning: CGLMP5/ScalarTableRow14.lean:88:8: Unused tactic linter: `ring` does nothing

Note: This linter can be disabled with `set_option linter.unusedTactic false`
warning: CGLMP5/ScalarTableRow14.lean:88:8: this tactic is never executed

Note: This linter can be disabled with `set_option linter.unreachableTactic false`
warning: CGLMP5/ScalarTableRow14.lean:92:4: Used `tac1 <;> tac2` where `(tac1; tac2)` would suffice

Note: This linter can be disabled with `set_option linter.unnecessarySeqFocus false`
warning: CGLMP5/ScalarTableRow14.lean:96:4: Used `tac1 <;> tac2` where `(tac1; tac2)` would suffice

Note: This linter can be disabled with `set_option linter.unnecessarySeqFocus false`
warning: CGLMP5/ScalarTableRow14.lean:100:4: Used `tac1 <;> tac2` where `(tac1; tac2)` would suffice

Note: This linter can be disabled with `set_option linter.unnecessarySeqFocus false`
warning: CGLMP5/ScalarTableRow14.lean:104:4: Used `tac1 <;> tac2` where `(tac1; tac2)` would suffice

Note: This linter can be disabled with `set_option linter.unnecessarySeqFocus false`
warning: CGLMP5/ScalarTableRow14.lean:108:4: Used `tac1 <;> tac2` where `(tac1; tac2)` would suffice

Note: This linter can be disabled with `set_option linter.unnecessarySeqFocus false`
warning: CGLMP5/ScalarTableRow14.lean:112:4: Used `tac1 <;> tac2` where `(tac1; tac2)` would suffice

Note: This linter can be disabled with `set_option linter.unnecessarySeqFocus false`
warning: CGLMP5/ScalarTableRow14.lean:116:4: Used `tac1 <;> tac2` where `(tac1; tac2)` would suffice

Note: This linter can be disabled with `set_option linter.unnecessarySeqFocus false`
warning: CGLMP5/ScalarTableRow14.lean:120:4: Used `tac1 <;> tac2` where `(tac1; tac2)` would suffice

Note: This linter can be disabled with `set_option linter.unnecessarySeqFocus false`
warning: CGLMP5/ScalarTableRow14.lean:124:4: Used `tac1 <;> tac2` where `(tac1; tac2)` would suffice

Note: This linter can be disabled with `set_option linter.unnecessarySeqFocus false`
warning: CGLMP5/ScalarTableRow14.lean:128:4: Used `tac1 <;> tac2` where `(tac1; tac2)` would suffice

Note: This linter can be disabled with `set_option linter.unnecessarySeqFocus false`
warning: CGLMP5/ScalarTableRow14.lean:132:4: Used `tac1 <;> tac2` where `(tac1; tac2)` would suffice

Note: This linter can be disabled with `set_option linter.unnecessarySeqFocus false`
warning: CGLMP5/ScalarTableRow14.lean:136:4: Used `tac1 <;> tac2` where `(tac1; tac2)` would suffice

Note: This linter can be disabled with `set_option linter.unnecessarySeqFocus false`
warning: CGLMP5/ScalarTableRow14.lean:140:4: Used `tac1 <;> tac2` where `(tac1; tac2)` would suffice

Note: This linter can be disabled with `set_option linter.unnecessarySeqFocus false`
warning: CGLMP5/ScalarTableRow14.lean:144:4: Used `tac1 <;> tac2` where `(tac1; tac2)` would suffice

Note: This linter can be disabled with `set_option linter.unnecessarySeqFocus false`
warning: CGLMP5/ScalarTableRow14.lean:148:4: Used `tac1 <;> tac2` where `(tac1; tac2)` would suffice

Note: This linter can be disabled with `set_option linter.unnecessarySeqFocus false`
warning: CGLMP5/ScalarTableRow14.lean:152:4: Used `tac1 <;> tac2` where `(tac1; tac2)` would suffice

Note: This linter can be disabled with `set_option linter.unnecessarySeqFocus false`
warning: CGLMP5/ScalarTableRow14.lean:156:4: Used `tac1 <;> tac2` where `(tac1; tac2)` would suffice

Note: This linter can be disabled with `set_option linter.unnecessarySeqFocus false`
warning: CGLMP5/ScalarTableRow14.lean:160:4: Used `tac1 <;> tac2` where `(tac1; tac2)` would suffice

Note: This linter can be disabled with `set_option linter.unnecessarySeqFocus false`
warning: CGLMP5/ScalarTableRow14.lean:164:4: Used `tac1 <;> tac2` where `(tac1; tac2)` would suffice

Note: This linter can be disabled with `set_option linter.unnecessarySeqFocus false`
warning: CGLMP5/ScalarTableRow14.lean:168:4: Used `tac1 <;> tac2` where `(tac1; tac2)` would suffice

Note: This linter can be disabled with `set_option linter.unnecessarySeqFocus false`
warning: CGLMP5/ScalarTableRow14.lean:172:4: Used `tac1 <;> tac2` where `(tac1; tac2)` would suffice

Note: This linter can be disabled with `set_option linter.unnecessarySeqFocus false`
warning: CGLMP5/ScalarTableRow14.lean:176:4: Used `tac1 <;> tac2` where `(tac1; tac2)` would suffice

Note: This linter can be disabled with `set_option linter.unnecessarySeqFocus false`
warning: CGLMP5/ScalarTableRow14.lean:180:4: Used `tac1 <;> tac2` where `(tac1; tac2)` would suffice

Note: This linter can be disabled with `set_option linter.unnecessarySeqFocus false`
⚠ [2137/2151] Replayed CGLMP5.ScalarTableRow15
warning: CGLMP5/ScalarTableRow15.lean:88:8: Unused tactic linter: `ring` does nothing

Note: This linter can be disabled with `set_option linter.unusedTactic false`
warning: CGLMP5/ScalarTableRow15.lean:88:8: this tactic is never executed

Note: This linter can be disabled with `set_option linter.unreachableTactic false`
warning: CGLMP5/ScalarTableRow15.lean:92:4: Used `tac1 <;> tac2` where `(tac1; tac2)` would suffice

Note: This linter can be disabled with `set_option linter.unnecessarySeqFocus false`
warning: CGLMP5/ScalarTableRow15.lean:96:4: Used `tac1 <;> tac2` where `(tac1; tac2)` would suffice

Note: This linter can be disabled with `set_option linter.unnecessarySeqFocus false`
warning: CGLMP5/ScalarTableRow15.lean:100:4: Used `tac1 <;> tac2` where `(tac1; tac2)` would suffice

Note: This linter can be disabled with `set_option linter.unnecessarySeqFocus false`
warning: CGLMP5/ScalarTableRow15.lean:104:4: Used `tac1 <;> tac2` where `(tac1; tac2)` would suffice

Note: This linter can be disabled with `set_option linter.unnecessarySeqFocus false`
warning: CGLMP5/ScalarTableRow15.lean:108:4: Used `tac1 <;> tac2` where `(tac1; tac2)` would suffice

Note: This linter can be disabled with `set_option linter.unnecessarySeqFocus false`
warning: CGLMP5/ScalarTableRow15.lean:112:4: Used `tac1 <;> tac2` where `(tac1; tac2)` would suffice

Note: This linter can be disabled with `set_option linter.unnecessarySeqFocus false`
warning: CGLMP5/ScalarTableRow15.lean:116:4: Used `tac1 <;> tac2` where `(tac1; tac2)` would suffice

Note: This linter can be disabled with `set_option linter.unnecessarySeqFocus false`
warning: CGLMP5/ScalarTableRow15.lean:120:4: Used `tac1 <;> tac2` where `(tac1; tac2)` would suffice

Note: This linter can be disabled with `set_option linter.unnecessarySeqFocus false`
warning: CGLMP5/ScalarTableRow15.lean:124:4: Used `tac1 <;> tac2` where `(tac1; tac2)` would suffice

Note: This linter can be disabled with `set_option linter.unnecessarySeqFocus false`
warning: CGLMP5/ScalarTableRow15.lean:128:4: Used `tac1 <;> tac2` where `(tac1; tac2)` would suffice

Note: This linter can be disabled with `set_option linter.unnecessarySeqFocus false`
warning: CGLMP5/ScalarTableRow15.lean:132:4: Used `tac1 <;> tac2` where `(tac1; tac2)` would suffice

Note: This linter can be disabled with `set_option linter.unnecessarySeqFocus false`
warning: CGLMP5/ScalarTableRow15.lean:136:4: Used `tac1 <;> tac2` where `(tac1; tac2)` would suffice

Note: This linter can be disabled with `set_option linter.unnecessarySeqFocus false`
warning: CGLMP5/ScalarTableRow15.lean:140:4: Used `tac1 <;> tac2` where `(tac1; tac2)` would suffice

Note: This linter can be disabled with `set_option linter.unnecessarySeqFocus false`
warning: CGLMP5/ScalarTableRow15.lean:144:4: Used `tac1 <;> tac2` where `(tac1; tac2)` would suffice

Note: This linter can be disabled with `set_option linter.unnecessarySeqFocus false`
warning: CGLMP5/ScalarTableRow15.lean:148:4: Used `tac1 <;> tac2` where `(tac1; tac2)` would suffice

Note: This linter can be disabled with `set_option linter.unnecessarySeqFocus false`
warning: CGLMP5/ScalarTableRow15.lean:152:4: Used `tac1 <;> tac2` where `(tac1; tac2)` would suffice

Note: This linter can be disabled with `set_option linter.unnecessarySeqFocus false`
warning: CGLMP5/ScalarTableRow15.lean:156:4: Used `tac1 <;> tac2` where `(tac1; tac2)` would suffice

Note: This linter can be disabled with `set_option linter.unnecessarySeqFocus false`
warning: CGLMP5/ScalarTableRow15.lean:160:4: Used `tac1 <;> tac2` where `(tac1; tac2)` would suffice

Note: This linter can be disabled with `set_option linter.unnecessarySeqFocus false`
warning: CGLMP5/ScalarTableRow15.lean:164:4: Used `tac1 <;> tac2` where `(tac1; tac2)` would suffice

Note: This linter can be disabled with `set_option linter.unnecessarySeqFocus false`
warning: CGLMP5/ScalarTableRow15.lean:168:4: Used `tac1 <;> tac2` where `(tac1; tac2)` would suffice

Note: This linter can be disabled with `set_option linter.unnecessarySeqFocus false`
warning: CGLMP5/ScalarTableRow15.lean:172:4: Used `tac1 <;> tac2` where `(tac1; tac2)` would suffice

Note: This linter can be disabled with `set_option linter.unnecessarySeqFocus false`
warning: CGLMP5/ScalarTableRow15.lean:176:4: Used `tac1 <;> tac2` where `(tac1; tac2)` would suffice

Note: This linter can be disabled with `set_option linter.unnecessarySeqFocus false`
warning: CGLMP5/ScalarTableRow15.lean:180:4: Used `tac1 <;> tac2` where `(tac1; tac2)` would suffice

Note: This linter can be disabled with `set_option linter.unnecessarySeqFocus false`
⚠ [2138/2151] Replayed CGLMP5.ScalarTableRow16
warning: CGLMP5/ScalarTableRow16.lean:88:8: Unused tactic linter: `ring` does nothing

Note: This linter can be disabled with `set_option linter.unusedTactic false`
warning: CGLMP5/ScalarTableRow16.lean:88:8: this tactic is never executed

Note: This linter can be disabled with `set_option linter.unreachableTactic false`
warning: CGLMP5/ScalarTableRow16.lean:92:4: Used `tac1 <;> tac2` where `(tac1; tac2)` would suffice

Note: This linter can be disabled with `set_option linter.unnecessarySeqFocus false`
warning: CGLMP5/ScalarTableRow16.lean:96:4: Used `tac1 <;> tac2` where `(tac1; tac2)` would suffice

Note: This linter can be disabled with `set_option linter.unnecessarySeqFocus false`
warning: CGLMP5/ScalarTableRow16.lean:100:4: Used `tac1 <;> tac2` where `(tac1; tac2)` would suffice

Note: This linter can be disabled with `set_option linter.unnecessarySeqFocus false`
warning: CGLMP5/ScalarTableRow16.lean:104:4: Used `tac1 <;> tac2` where `(tac1; tac2)` would suffice

Note: This linter can be disabled with `set_option linter.unnecessarySeqFocus false`
warning: CGLMP5/ScalarTableRow16.lean:108:4: Used `tac1 <;> tac2` where `(tac1; tac2)` would suffice

Note: This linter can be disabled with `set_option linter.unnecessarySeqFocus false`
warning: CGLMP5/ScalarTableRow16.lean:112:4: Used `tac1 <;> tac2` where `(tac1; tac2)` would suffice

Note: This linter can be disabled with `set_option linter.unnecessarySeqFocus false`
warning: CGLMP5/ScalarTableRow16.lean:116:4: Used `tac1 <;> tac2` where `(tac1; tac2)` would suffice

Note: This linter can be disabled with `set_option linter.unnecessarySeqFocus false`
warning: CGLMP5/ScalarTableRow16.lean:120:4: Used `tac1 <;> tac2` where `(tac1; tac2)` would suffice

Note: This linter can be disabled with `set_option linter.unnecessarySeqFocus false`
warning: CGLMP5/ScalarTableRow16.lean:124:4: Used `tac1 <;> tac2` where `(tac1; tac2)` would suffice

Note: This linter can be disabled with `set_option linter.unnecessarySeqFocus false`
warning: CGLMP5/ScalarTableRow16.lean:128:4: Used `tac1 <;> tac2` where `(tac1; tac2)` would suffice

Note: This linter can be disabled with `set_option linter.unnecessarySeqFocus false`
warning: CGLMP5/ScalarTableRow16.lean:132:4: Used `tac1 <;> tac2` where `(tac1; tac2)` would suffice

Note: This linter can be disabled with `set_option linter.unnecessarySeqFocus false`
warning: CGLMP5/ScalarTableRow16.lean:136:4: Used `tac1 <;> tac2` where `(tac1; tac2)` would suffice

Note: This linter can be disabled with `set_option linter.unnecessarySeqFocus false`
warning: CGLMP5/ScalarTableRow16.lean:140:4: Used `tac1 <;> tac2` where `(tac1; tac2)` would suffice

Note: This linter can be disabled with `set_option linter.unnecessarySeqFocus false`
warning: CGLMP5/ScalarTableRow16.lean:144:4: Used `tac1 <;> tac2` where `(tac1; tac2)` would suffice

Note: This linter can be disabled with `set_option linter.unnecessarySeqFocus false`
warning: CGLMP5/ScalarTableRow16.lean:148:4: Used `tac1 <;> tac2` where `(tac1; tac2)` would suffice

Note: This linter can be disabled with `set_option linter.unnecessarySeqFocus false`
warning: CGLMP5/ScalarTableRow16.lean:152:4: Used `tac1 <;> tac2` where `(tac1; tac2)` would suffice

Note: This linter can be disabled with `set_option linter.unnecessarySeqFocus false`
warning: CGLMP5/ScalarTableRow16.lean:156:4: Used `tac1 <;> tac2` where `(tac1; tac2)` would suffice

Note: This linter can be disabled with `set_option linter.unnecessarySeqFocus false`
warning: CGLMP5/ScalarTableRow16.lean:160:4: Used `tac1 <;> tac2` where `(tac1; tac2)` would suffice

Note: This linter can be disabled with `set_option linter.unnecessarySeqFocus false`
warning: CGLMP5/ScalarTableRow16.lean:164:4: Used `tac1 <;> tac2` where `(tac1; tac2)` would suffice

Note: This linter can be disabled with `set_option linter.unnecessarySeqFocus false`
warning: CGLMP5/ScalarTableRow16.lean:168:4: Used `tac1 <;> tac2` where `(tac1; tac2)` would suffice

Note: This linter can be disabled with `set_option linter.unnecessarySeqFocus false`
warning: CGLMP5/ScalarTableRow16.lean:172:4: Used `tac1 <;> tac2` where `(tac1; tac2)` would suffice

Note: This linter can be disabled with `set_option linter.unnecessarySeqFocus false`
warning: CGLMP5/ScalarTableRow16.lean:176:4: Used `tac1 <;> tac2` where `(tac1; tac2)` would suffice

Note: This linter can be disabled with `set_option linter.unnecessarySeqFocus false`
warning: CGLMP5/ScalarTableRow16.lean:180:4: Used `tac1 <;> tac2` where `(tac1; tac2)` would suffice

Note: This linter can be disabled with `set_option linter.unnecessarySeqFocus false`
⚠ [2139/2151] Replayed CGLMP5.ScalarTableRow17
warning: CGLMP5/ScalarTableRow17.lean:88:8: Unused tactic linter: `ring` does nothing

Note: This linter can be disabled with `set_option linter.unusedTactic false`
warning: CGLMP5/ScalarTableRow17.lean:88:8: this tactic is never executed

Note: This linter can be disabled with `set_option linter.unreachableTactic false`
warning: CGLMP5/ScalarTableRow17.lean:92:4: Used `tac1 <;> tac2` where `(tac1; tac2)` would suffice

Note: This linter can be disabled with `set_option linter.unnecessarySeqFocus false`
warning: CGLMP5/ScalarTableRow17.lean:96:4: Used `tac1 <;> tac2` where `(tac1; tac2)` would suffice

Note: This linter can be disabled with `set_option linter.unnecessarySeqFocus false`
warning: CGLMP5/ScalarTableRow17.lean:100:4: Used `tac1 <;> tac2` where `(tac1; tac2)` would suffice

Note: This linter can be disabled with `set_option linter.unnecessarySeqFocus false`
warning: CGLMP5/ScalarTableRow17.lean:104:4: Used `tac1 <;> tac2` where `(tac1; tac2)` would suffice

Note: This linter can be disabled with `set_option linter.unnecessarySeqFocus false`
warning: CGLMP5/ScalarTableRow17.lean:108:4: Used `tac1 <;> tac2` where `(tac1; tac2)` would suffice

Note: This linter can be disabled with `set_option linter.unnecessarySeqFocus false`
warning: CGLMP5/ScalarTableRow17.lean:112:4: Used `tac1 <;> tac2` where `(tac1; tac2)` would suffice

Note: This linter can be disabled with `set_option linter.unnecessarySeqFocus false`
warning: CGLMP5/ScalarTableRow17.lean:116:4: Used `tac1 <;> tac2` where `(tac1; tac2)` would suffice

Note: This linter can be disabled with `set_option linter.unnecessarySeqFocus false`
warning: CGLMP5/ScalarTableRow17.lean:120:4: Used `tac1 <;> tac2` where `(tac1; tac2)` would suffice

Note: This linter can be disabled with `set_option linter.unnecessarySeqFocus false`
warning: CGLMP5/ScalarTableRow17.lean:124:4: Used `tac1 <;> tac2` where `(tac1; tac2)` would suffice

Note: This linter can be disabled with `set_option linter.unnecessarySeqFocus false`
warning: CGLMP5/ScalarTableRow17.lean:128:4: Used `tac1 <;> tac2` where `(tac1; tac2)` would suffice

Note: This linter can be disabled with `set_option linter.unnecessarySeqFocus false`
warning: CGLMP5/ScalarTableRow17.lean:132:4: Used `tac1 <;> tac2` where `(tac1; tac2)` would suffice

Note: This linter can be disabled with `set_option linter.unnecessarySeqFocus false`
warning: CGLMP5/ScalarTableRow17.lean:136:4: Used `tac1 <;> tac2` where `(tac1; tac2)` would suffice

Note: This linter can be disabled with `set_option linter.unnecessarySeqFocus false`
warning: CGLMP5/ScalarTableRow17.lean:140:4: Used `tac1 <;> tac2` where `(tac1; tac2)` would suffice

Note: This linter can be disabled with `set_option linter.unnecessarySeqFocus false`
warning: CGLMP5/ScalarTableRow17.lean:144:4: Used `tac1 <;> tac2` where `(tac1; tac2)` would suffice

Note: This linter can be disabled with `set_option linter.unnecessarySeqFocus false`
warning: CGLMP5/ScalarTableRow17.lean:148:4: Used `tac1 <;> tac2` where `(tac1; tac2)` would suffice

Note: This linter can be disabled with `set_option linter.unnecessarySeqFocus false`
warning: CGLMP5/ScalarTableRow17.lean:152:4: Used `tac1 <;> tac2` where `(tac1; tac2)` would suffice

Note: This linter can be disabled with `set_option linter.unnecessarySeqFocus false`
warning: CGLMP5/ScalarTableRow17.lean:156:4: Used `tac1 <;> tac2` where `(tac1; tac2)` would suffice

Note: This linter can be disabled with `set_option linter.unnecessarySeqFocus false`
warning: CGLMP5/ScalarTableRow17.lean:160:4: Used `tac1 <;> tac2` where `(tac1; tac2)` would suffice

Note: This linter can be disabled with `set_option linter.unnecessarySeqFocus false`
warning: CGLMP5/ScalarTableRow17.lean:164:4: Used `tac1 <;> tac2` where `(tac1; tac2)` would suffice

Note: This linter can be disabled with `set_option linter.unnecessarySeqFocus false`
warning: CGLMP5/ScalarTableRow17.lean:168:4: Used `tac1 <;> tac2` where `(tac1; tac2)` would suffice

Note: This linter can be disabled with `set_option linter.unnecessarySeqFocus false`
warning: CGLMP5/ScalarTableRow17.lean:172:4: Used `tac1 <;> tac2` where `(tac1; tac2)` would suffice

Note: This linter can be disabled with `set_option linter.unnecessarySeqFocus false`
warning: CGLMP5/ScalarTableRow17.lean:176:4: Used `tac1 <;> tac2` where `(tac1; tac2)` would suffice

Note: This linter can be disabled with `set_option linter.unnecessarySeqFocus false`
warning: CGLMP5/ScalarTableRow17.lean:180:4: Used `tac1 <;> tac2` where `(tac1; tac2)` would suffice

Note: This linter can be disabled with `set_option linter.unnecessarySeqFocus false`
⚠ [2140/2151] Replayed CGLMP5.ScalarTableRow18
warning: CGLMP5/ScalarTableRow18.lean:88:8: Unused tactic linter: `ring` does nothing

Note: This linter can be disabled with `set_option linter.unusedTactic false`
warning: CGLMP5/ScalarTableRow18.lean:88:8: this tactic is never executed

Note: This linter can be disabled with `set_option linter.unreachableTactic false`
warning: CGLMP5/ScalarTableRow18.lean:92:4: Used `tac1 <;> tac2` where `(tac1; tac2)` would suffice

Note: This linter can be disabled with `set_option linter.unnecessarySeqFocus false`
warning: CGLMP5/ScalarTableRow18.lean:96:4: Used `tac1 <;> tac2` where `(tac1; tac2)` would suffice

Note: This linter can be disabled with `set_option linter.unnecessarySeqFocus false`
warning: CGLMP5/ScalarTableRow18.lean:100:4: Used `tac1 <;> tac2` where `(tac1; tac2)` would suffice

Note: This linter can be disabled with `set_option linter.unnecessarySeqFocus false`
warning: CGLMP5/ScalarTableRow18.lean:104:4: Used `tac1 <;> tac2` where `(tac1; tac2)` would suffice

Note: This linter can be disabled with `set_option linter.unnecessarySeqFocus false`
warning: CGLMP5/ScalarTableRow18.lean:108:4: Used `tac1 <;> tac2` where `(tac1; tac2)` would suffice

Note: This linter can be disabled with `set_option linter.unnecessarySeqFocus false`
warning: CGLMP5/ScalarTableRow18.lean:112:4: Used `tac1 <;> tac2` where `(tac1; tac2)` would suffice

Note: This linter can be disabled with `set_option linter.unnecessarySeqFocus false`
warning: CGLMP5/ScalarTableRow18.lean:116:4: Used `tac1 <;> tac2` where `(tac1; tac2)` would suffice

Note: This linter can be disabled with `set_option linter.unnecessarySeqFocus false`
warning: CGLMP5/ScalarTableRow18.lean:120:4: Used `tac1 <;> tac2` where `(tac1; tac2)` would suffice

Note: This linter can be disabled with `set_option linter.unnecessarySeqFocus false`
warning: CGLMP5/ScalarTableRow18.lean:124:4: Used `tac1 <;> tac2` where `(tac1; tac2)` would suffice

Note: This linter can be disabled with `set_option linter.unnecessarySeqFocus false`
warning: CGLMP5/ScalarTableRow18.lean:128:4: Used `tac1 <;> tac2` where `(tac1; tac2)` would suffice

Note: This linter can be disabled with `set_option linter.unnecessarySeqFocus false`
warning: CGLMP5/ScalarTableRow18.lean:132:4: Used `tac1 <;> tac2` where `(tac1; tac2)` would suffice

Note: This linter can be disabled with `set_option linter.unnecessarySeqFocus false`
warning: CGLMP5/ScalarTableRow18.lean:136:4: Used `tac1 <;> tac2` where `(tac1; tac2)` would suffice

Note: This linter can be disabled with `set_option linter.unnecessarySeqFocus false`
warning: CGLMP5/ScalarTableRow18.lean:140:4: Used `tac1 <;> tac2` where `(tac1; tac2)` would suffice

Note: This linter can be disabled with `set_option linter.unnecessarySeqFocus false`
warning: CGLMP5/ScalarTableRow18.lean:144:4: Used `tac1 <;> tac2` where `(tac1; tac2)` would suffice

Note: This linter can be disabled with `set_option linter.unnecessarySeqFocus false`
warning: CGLMP5/ScalarTableRow18.lean:148:4: Used `tac1 <;> tac2` where `(tac1; tac2)` would suffice

Note: This linter can be disabled with `set_option linter.unnecessarySeqFocus false`
warning: CGLMP5/ScalarTableRow18.lean:152:4: Used `tac1 <;> tac2` where `(tac1; tac2)` would suffice

Note: This linter can be disabled with `set_option linter.unnecessarySeqFocus false`
warning: CGLMP5/ScalarTableRow18.lean:156:4: Used `tac1 <;> tac2` where `(tac1; tac2)` would suffice

Note: This linter can be disabled with `set_option linter.unnecessarySeqFocus false`
warning: CGLMP5/ScalarTableRow18.lean:160:4: Used `tac1 <;> tac2` where `(tac1; tac2)` would suffice

Note: This linter can be disabled with `set_option linter.unnecessarySeqFocus false`
warning: CGLMP5/ScalarTableRow18.lean:164:4: Used `tac1 <;> tac2` where `(tac1; tac2)` would suffice

Note: This linter can be disabled with `set_option linter.unnecessarySeqFocus false`
warning: CGLMP5/ScalarTableRow18.lean:168:4: Used `tac1 <;> tac2` where `(tac1; tac2)` would suffice

Note: This linter can be disabled with `set_option linter.unnecessarySeqFocus false`
warning: CGLMP5/ScalarTableRow18.lean:172:4: Used `tac1 <;> tac2` where `(tac1; tac2)` would suffice

Note: This linter can be disabled with `set_option linter.unnecessarySeqFocus false`
warning: CGLMP5/ScalarTableRow18.lean:176:4: Used `tac1 <;> tac2` where `(tac1; tac2)` would suffice

Note: This linter can be disabled with `set_option linter.unnecessarySeqFocus false`
warning: CGLMP5/ScalarTableRow18.lean:180:4: Used `tac1 <;> tac2` where `(tac1; tac2)` would suffice

Note: This linter can be disabled with `set_option linter.unnecessarySeqFocus false`
⚠ [2141/2151] Replayed CGLMP5.ScalarTableRow19
warning: CGLMP5/ScalarTableRow19.lean:88:8: Unused tactic linter: `ring` does nothing

Note: This linter can be disabled with `set_option linter.unusedTactic false`
warning: CGLMP5/ScalarTableRow19.lean:88:8: this tactic is never executed

Note: This linter can be disabled with `set_option linter.unreachableTactic false`
warning: CGLMP5/ScalarTableRow19.lean:92:4: Used `tac1 <;> tac2` where `(tac1; tac2)` would suffice

Note: This linter can be disabled with `set_option linter.unnecessarySeqFocus false`
warning: CGLMP5/ScalarTableRow19.lean:96:4: Used `tac1 <;> tac2` where `(tac1; tac2)` would suffice

Note: This linter can be disabled with `set_option linter.unnecessarySeqFocus false`
warning: CGLMP5/ScalarTableRow19.lean:100:4: Used `tac1 <;> tac2` where `(tac1; tac2)` would suffice

Note: This linter can be disabled with `set_option linter.unnecessarySeqFocus false`
warning: CGLMP5/ScalarTableRow19.lean:104:4: Used `tac1 <;> tac2` where `(tac1; tac2)` would suffice

Note: This linter can be disabled with `set_option linter.unnecessarySeqFocus false`
warning: CGLMP5/ScalarTableRow19.lean:108:4: Used `tac1 <;> tac2` where `(tac1; tac2)` would suffice

Note: This linter can be disabled with `set_option linter.unnecessarySeqFocus false`
warning: CGLMP5/ScalarTableRow19.lean:112:4: Used `tac1 <;> tac2` where `(tac1; tac2)` would suffice

Note: This linter can be disabled with `set_option linter.unnecessarySeqFocus false`
warning: CGLMP5/ScalarTableRow19.lean:116:4: Used `tac1 <;> tac2` where `(tac1; tac2)` would suffice

Note: This linter can be disabled with `set_option linter.unnecessarySeqFocus false`
warning: CGLMP5/ScalarTableRow19.lean:120:4: Used `tac1 <;> tac2` where `(tac1; tac2)` would suffice

Note: This linter can be disabled with `set_option linter.unnecessarySeqFocus false`
warning: CGLMP5/ScalarTableRow19.lean:124:4: Used `tac1 <;> tac2` where `(tac1; tac2)` would suffice

Note: This linter can be disabled with `set_option linter.unnecessarySeqFocus false`
warning: CGLMP5/ScalarTableRow19.lean:128:4: Used `tac1 <;> tac2` where `(tac1; tac2)` would suffice

Note: This linter can be disabled with `set_option linter.unnecessarySeqFocus false`
warning: CGLMP5/ScalarTableRow19.lean:132:4: Used `tac1 <;> tac2` where `(tac1; tac2)` would suffice

Note: This linter can be disabled with `set_option linter.unnecessarySeqFocus false`
warning: CGLMP5/ScalarTableRow19.lean:136:4: Used `tac1 <;> tac2` where `(tac1; tac2)` would suffice

Note: This linter can be disabled with `set_option linter.unnecessarySeqFocus false`
warning: CGLMP5/ScalarTableRow19.lean:140:4: Used `tac1 <;> tac2` where `(tac1; tac2)` would suffice

Note: This linter can be disabled with `set_option linter.unnecessarySeqFocus false`
warning: CGLMP5/ScalarTableRow19.lean:144:4: Used `tac1 <;> tac2` where `(tac1; tac2)` would suffice

Note: This linter can be disabled with `set_option linter.unnecessarySeqFocus false`
warning: CGLMP5/ScalarTableRow19.lean:148:4: Used `tac1 <;> tac2` where `(tac1; tac2)` would suffice

Note: This linter can be disabled with `set_option linter.unnecessarySeqFocus false`
warning: CGLMP5/ScalarTableRow19.lean:152:4: Used `tac1 <;> tac2` where `(tac1; tac2)` would suffice

Note: This linter can be disabled with `set_option linter.unnecessarySeqFocus false`
warning: CGLMP5/ScalarTableRow19.lean:156:4: Used `tac1 <;> tac2` where `(tac1; tac2)` would suffice

Note: This linter can be disabled with `set_option linter.unnecessarySeqFocus false`
warning: CGLMP5/ScalarTableRow19.lean:160:4: Used `tac1 <;> tac2` where `(tac1; tac2)` would suffice

Note: This linter can be disabled with `set_option linter.unnecessarySeqFocus false`
warning: CGLMP5/ScalarTableRow19.lean:164:4: Used `tac1 <;> tac2` where `(tac1; tac2)` would suffice

Note: This linter can be disabled with `set_option linter.unnecessarySeqFocus false`
warning: CGLMP5/ScalarTableRow19.lean:168:4: Used `tac1 <;> tac2` where `(tac1; tac2)` would suffice

Note: This linter can be disabled with `set_option linter.unnecessarySeqFocus false`
warning: CGLMP5/ScalarTableRow19.lean:172:4: Used `tac1 <;> tac2` where `(tac1; tac2)` would suffice

Note: This linter can be disabled with `set_option linter.unnecessarySeqFocus false`
warning: CGLMP5/ScalarTableRow19.lean:176:4: Used `tac1 <;> tac2` where `(tac1; tac2)` would suffice

Note: This linter can be disabled with `set_option linter.unnecessarySeqFocus false`
warning: CGLMP5/ScalarTableRow19.lean:180:4: Used `tac1 <;> tac2` where `(tac1; tac2)` would suffice

Note: This linter can be disabled with `set_option linter.unnecessarySeqFocus false`
⚠ [2142/2151] Replayed CGLMP5.ScalarTableRow20
warning: CGLMP5/ScalarTableRow20.lean:88:8: Unused tactic linter: `ring` does nothing

Note: This linter can be disabled with `set_option linter.unusedTactic false`
warning: CGLMP5/ScalarTableRow20.lean:88:8: this tactic is never executed

Note: This linter can be disabled with `set_option linter.unreachableTactic false`
warning: CGLMP5/ScalarTableRow20.lean:92:4: Used `tac1 <;> tac2` where `(tac1; tac2)` would suffice

Note: This linter can be disabled with `set_option linter.unnecessarySeqFocus false`
warning: CGLMP5/ScalarTableRow20.lean:96:4: Used `tac1 <;> tac2` where `(tac1; tac2)` would suffice

Note: This linter can be disabled with `set_option linter.unnecessarySeqFocus false`
warning: CGLMP5/ScalarTableRow20.lean:100:4: Used `tac1 <;> tac2` where `(tac1; tac2)` would suffice

Note: This linter can be disabled with `set_option linter.unnecessarySeqFocus false`
warning: CGLMP5/ScalarTableRow20.lean:104:4: Used `tac1 <;> tac2` where `(tac1; tac2)` would suffice

Note: This linter can be disabled with `set_option linter.unnecessarySeqFocus false`
warning: CGLMP5/ScalarTableRow20.lean:108:4: Used `tac1 <;> tac2` where `(tac1; tac2)` would suffice

Note: This linter can be disabled with `set_option linter.unnecessarySeqFocus false`
warning: CGLMP5/ScalarTableRow20.lean:112:4: Used `tac1 <;> tac2` where `(tac1; tac2)` would suffice

Note: This linter can be disabled with `set_option linter.unnecessarySeqFocus false`
warning: CGLMP5/ScalarTableRow20.lean:116:4: Used `tac1 <;> tac2` where `(tac1; tac2)` would suffice

Note: This linter can be disabled with `set_option linter.unnecessarySeqFocus false`
warning: CGLMP5/ScalarTableRow20.lean:120:4: Used `tac1 <;> tac2` where `(tac1; tac2)` would suffice

Note: This linter can be disabled with `set_option linter.unnecessarySeqFocus false`
warning: CGLMP5/ScalarTableRow20.lean:124:4: Used `tac1 <;> tac2` where `(tac1; tac2)` would suffice

Note: This linter can be disabled with `set_option linter.unnecessarySeqFocus false`
warning: CGLMP5/ScalarTableRow20.lean:128:4: Used `tac1 <;> tac2` where `(tac1; tac2)` would suffice

Note: This linter can be disabled with `set_option linter.unnecessarySeqFocus false`
warning: CGLMP5/ScalarTableRow20.lean:132:4: Used `tac1 <;> tac2` where `(tac1; tac2)` would suffice

Note: This linter can be disabled with `set_option linter.unnecessarySeqFocus false`
warning: CGLMP5/ScalarTableRow20.lean:136:4: Used `tac1 <;> tac2` where `(tac1; tac2)` would suffice

Note: This linter can be disabled with `set_option linter.unnecessarySeqFocus false`
warning: CGLMP5/ScalarTableRow20.lean:140:4: Used `tac1 <;> tac2` where `(tac1; tac2)` would suffice

Note: This linter can be disabled with `set_option linter.unnecessarySeqFocus false`
warning: CGLMP5/ScalarTableRow20.lean:144:4: Used `tac1 <;> tac2` where `(tac1; tac2)` would suffice

Note: This linter can be disabled with `set_option linter.unnecessarySeqFocus false`
warning: CGLMP5/ScalarTableRow20.lean:148:4: Used `tac1 <;> tac2` where `(tac1; tac2)` would suffice

Note: This linter can be disabled with `set_option linter.unnecessarySeqFocus false`
warning: CGLMP5/ScalarTableRow20.lean:152:4: Used `tac1 <;> tac2` where `(tac1; tac2)` would suffice

Note: This linter can be disabled with `set_option linter.unnecessarySeqFocus false`
warning: CGLMP5/ScalarTableRow20.lean:156:4: Used `tac1 <;> tac2` where `(tac1; tac2)` would suffice

Note: This linter can be disabled with `set_option linter.unnecessarySeqFocus false`
warning: CGLMP5/ScalarTableRow20.lean:160:4: Used `tac1 <;> tac2` where `(tac1; tac2)` would suffice

Note: This linter can be disabled with `set_option linter.unnecessarySeqFocus false`
warning: CGLMP5/ScalarTableRow20.lean:164:4: Used `tac1 <;> tac2` where `(tac1; tac2)` would suffice

Note: This linter can be disabled with `set_option linter.unnecessarySeqFocus false`
warning: CGLMP5/ScalarTableRow20.lean:168:4: Used `tac1 <;> tac2` where `(tac1; tac2)` would suffice

Note: This linter can be disabled with `set_option linter.unnecessarySeqFocus false`
warning: CGLMP5/ScalarTableRow20.lean:172:4: Used `tac1 <;> tac2` where `(tac1; tac2)` would suffice

Note: This linter can be disabled with `set_option linter.unnecessarySeqFocus false`
warning: CGLMP5/ScalarTableRow20.lean:176:4: Used `tac1 <;> tac2` where `(tac1; tac2)` would suffice

Note: This linter can be disabled with `set_option linter.unnecessarySeqFocus false`
warning: CGLMP5/ScalarTableRow20.lean:180:4: Used `tac1 <;> tac2` where `(tac1; tac2)` would suffice

Note: This linter can be disabled with `set_option linter.unnecessarySeqFocus false`
⚠ [2143/2151] Replayed CGLMP5.ScalarTableRow21
warning: CGLMP5/ScalarTableRow21.lean:88:8: Unused tactic linter: `ring` does nothing

Note: This linter can be disabled with `set_option linter.unusedTactic false`
warning: CGLMP5/ScalarTableRow21.lean:88:8: this tactic is never executed

Note: This linter can be disabled with `set_option linter.unreachableTactic false`
warning: CGLMP5/ScalarTableRow21.lean:92:4: Used `tac1 <;> tac2` where `(tac1; tac2)` would suffice

Note: This linter can be disabled with `set_option linter.unnecessarySeqFocus false`
warning: CGLMP5/ScalarTableRow21.lean:96:4: Used `tac1 <;> tac2` where `(tac1; tac2)` would suffice

Note: This linter can be disabled with `set_option linter.unnecessarySeqFocus false`
warning: CGLMP5/ScalarTableRow21.lean:100:4: Used `tac1 <;> tac2` where `(tac1; tac2)` would suffice

Note: This linter can be disabled with `set_option linter.unnecessarySeqFocus false`
warning: CGLMP5/ScalarTableRow21.lean:104:4: Used `tac1 <;> tac2` where `(tac1; tac2)` would suffice

Note: This linter can be disabled with `set_option linter.unnecessarySeqFocus false`
warning: CGLMP5/ScalarTableRow21.lean:108:4: Used `tac1 <;> tac2` where `(tac1; tac2)` would suffice

Note: This linter can be disabled with `set_option linter.unnecessarySeqFocus false`
warning: CGLMP5/ScalarTableRow21.lean:112:4: Used `tac1 <;> tac2` where `(tac1; tac2)` would suffice

Note: This linter can be disabled with `set_option linter.unnecessarySeqFocus false`
warning: CGLMP5/ScalarTableRow21.lean:116:4: Used `tac1 <;> tac2` where `(tac1; tac2)` would suffice

Note: This linter can be disabled with `set_option linter.unnecessarySeqFocus false`
warning: CGLMP5/ScalarTableRow21.lean:120:4: Used `tac1 <;> tac2` where `(tac1; tac2)` would suffice

Note: This linter can be disabled with `set_option linter.unnecessarySeqFocus false`
warning: CGLMP5/ScalarTableRow21.lean:124:4: Used `tac1 <;> tac2` where `(tac1; tac2)` would suffice

Note: This linter can be disabled with `set_option linter.unnecessarySeqFocus false`
warning: CGLMP5/ScalarTableRow21.lean:128:4: Used `tac1 <;> tac2` where `(tac1; tac2)` would suffice

Note: This linter can be disabled with `set_option linter.unnecessarySeqFocus false`
warning: CGLMP5/ScalarTableRow21.lean:132:4: Used `tac1 <;> tac2` where `(tac1; tac2)` would suffice

Note: This linter can be disabled with `set_option linter.unnecessarySeqFocus false`
warning: CGLMP5/ScalarTableRow21.lean:136:4: Used `tac1 <;> tac2` where `(tac1; tac2)` would suffice

Note: This linter can be disabled with `set_option linter.unnecessarySeqFocus false`
warning: CGLMP5/ScalarTableRow21.lean:140:4: Used `tac1 <;> tac2` where `(tac1; tac2)` would suffice

Note: This linter can be disabled with `set_option linter.unnecessarySeqFocus false`
warning: CGLMP5/ScalarTableRow21.lean:144:4: Used `tac1 <;> tac2` where `(tac1; tac2)` would suffice

Note: This linter can be disabled with `set_option linter.unnecessarySeqFocus false`
warning: CGLMP5/ScalarTableRow21.lean:148:4: Used `tac1 <;> tac2` where `(tac1; tac2)` would suffice

Note: This linter can be disabled with `set_option linter.unnecessarySeqFocus false`
warning: CGLMP5/ScalarTableRow21.lean:152:4: Used `tac1 <;> tac2` where `(tac1; tac2)` would suffice

Note: This linter can be disabled with `set_option linter.unnecessarySeqFocus false`
warning: CGLMP5/ScalarTableRow21.lean:156:4: Used `tac1 <;> tac2` where `(tac1; tac2)` would suffice

Note: This linter can be disabled with `set_option linter.unnecessarySeqFocus false`
warning: CGLMP5/ScalarTableRow21.lean:160:4: Used `tac1 <;> tac2` where `(tac1; tac2)` would suffice

Note: This linter can be disabled with `set_option linter.unnecessarySeqFocus false`
warning: CGLMP5/ScalarTableRow21.lean:164:4: Used `tac1 <;> tac2` where `(tac1; tac2)` would suffice

Note: This linter can be disabled with `set_option linter.unnecessarySeqFocus false`
warning: CGLMP5/ScalarTableRow21.lean:168:4: Used `tac1 <;> tac2` where `(tac1; tac2)` would suffice

Note: This linter can be disabled with `set_option linter.unnecessarySeqFocus false`
warning: CGLMP5/ScalarTableRow21.lean:172:4: Used `tac1 <;> tac2` where `(tac1; tac2)` would suffice

Note: This linter can be disabled with `set_option linter.unnecessarySeqFocus false`
warning: CGLMP5/ScalarTableRow21.lean:176:4: Used `tac1 <;> tac2` where `(tac1; tac2)` would suffice

Note: This linter can be disabled with `set_option linter.unnecessarySeqFocus false`
warning: CGLMP5/ScalarTableRow21.lean:180:4: Used `tac1 <;> tac2` where `(tac1; tac2)` would suffice

Note: This linter can be disabled with `set_option linter.unnecessarySeqFocus false`
⚠ [2144/2151] Replayed CGLMP5.ScalarTableRow22
warning: CGLMP5/ScalarTableRow22.lean:88:8: Unused tactic linter: `ring` does nothing

Note: This linter can be disabled with `set_option linter.unusedTactic false`
warning: CGLMP5/ScalarTableRow22.lean:88:8: this tactic is never executed

Note: This linter can be disabled with `set_option linter.unreachableTactic false`
warning: CGLMP5/ScalarTableRow22.lean:92:4: Used `tac1 <;> tac2` where `(tac1; tac2)` would suffice

Note: This linter can be disabled with `set_option linter.unnecessarySeqFocus false`
warning: CGLMP5/ScalarTableRow22.lean:96:4: Used `tac1 <;> tac2` where `(tac1; tac2)` would suffice

Note: This linter can be disabled with `set_option linter.unnecessarySeqFocus false`
warning: CGLMP5/ScalarTableRow22.lean:100:4: Used `tac1 <;> tac2` where `(tac1; tac2)` would suffice

Note: This linter can be disabled with `set_option linter.unnecessarySeqFocus false`
warning: CGLMP5/ScalarTableRow22.lean:104:4: Used `tac1 <;> tac2` where `(tac1; tac2)` would suffice

Note: This linter can be disabled with `set_option linter.unnecessarySeqFocus false`
warning: CGLMP5/ScalarTableRow22.lean:108:4: Used `tac1 <;> tac2` where `(tac1; tac2)` would suffice

Note: This linter can be disabled with `set_option linter.unnecessarySeqFocus false`
warning: CGLMP5/ScalarTableRow22.lean:112:4: Used `tac1 <;> tac2` where `(tac1; tac2)` would suffice

Note: This linter can be disabled with `set_option linter.unnecessarySeqFocus false`
warning: CGLMP5/ScalarTableRow22.lean:116:4: Used `tac1 <;> tac2` where `(tac1; tac2)` would suffice

Note: This linter can be disabled with `set_option linter.unnecessarySeqFocus false`
warning: CGLMP5/ScalarTableRow22.lean:120:4: Used `tac1 <;> tac2` where `(tac1; tac2)` would suffice

Note: This linter can be disabled with `set_option linter.unnecessarySeqFocus false`
warning: CGLMP5/ScalarTableRow22.lean:124:4: Used `tac1 <;> tac2` where `(tac1; tac2)` would suffice

Note: This linter can be disabled with `set_option linter.unnecessarySeqFocus false`
warning: CGLMP5/ScalarTableRow22.lean:128:4: Used `tac1 <;> tac2` where `(tac1; tac2)` would suffice

Note: This linter can be disabled with `set_option linter.unnecessarySeqFocus false`
warning: CGLMP5/ScalarTableRow22.lean:132:4: Used `tac1 <;> tac2` where `(tac1; tac2)` would suffice

Note: This linter can be disabled with `set_option linter.unnecessarySeqFocus false`
warning: CGLMP5/ScalarTableRow22.lean:136:4: Used `tac1 <;> tac2` where `(tac1; tac2)` would suffice

Note: This linter can be disabled with `set_option linter.unnecessarySeqFocus false`
warning: CGLMP5/ScalarTableRow22.lean:140:4: Used `tac1 <;> tac2` where `(tac1; tac2)` would suffice

Note: This linter can be disabled with `set_option linter.unnecessarySeqFocus false`
warning: CGLMP5/ScalarTableRow22.lean:144:4: Used `tac1 <;> tac2` where `(tac1; tac2)` would suffice

Note: This linter can be disabled with `set_option linter.unnecessarySeqFocus false`
warning: CGLMP5/ScalarTableRow22.lean:148:4: Used `tac1 <;> tac2` where `(tac1; tac2)` would suffice

Note: This linter can be disabled with `set_option linter.unnecessarySeqFocus false`
warning: CGLMP5/ScalarTableRow22.lean:152:4: Used `tac1 <;> tac2` where `(tac1; tac2)` would suffice

Note: This linter can be disabled with `set_option linter.unnecessarySeqFocus false`
warning: CGLMP5/ScalarTableRow22.lean:156:4: Used `tac1 <;> tac2` where `(tac1; tac2)` would suffice

Note: This linter can be disabled with `set_option linter.unnecessarySeqFocus false`
warning: CGLMP5/ScalarTableRow22.lean:160:4: Used `tac1 <;> tac2` where `(tac1; tac2)` would suffice

Note: This linter can be disabled with `set_option linter.unnecessarySeqFocus false`
warning: CGLMP5/ScalarTableRow22.lean:164:4: Used `tac1 <;> tac2` where `(tac1; tac2)` would suffice

Note: This linter can be disabled with `set_option linter.unnecessarySeqFocus false`
warning: CGLMP5/ScalarTableRow22.lean:168:4: Used `tac1 <;> tac2` where `(tac1; tac2)` would suffice

Note: This linter can be disabled with `set_option linter.unnecessarySeqFocus false`
warning: CGLMP5/ScalarTableRow22.lean:172:4: Used `tac1 <;> tac2` where `(tac1; tac2)` would suffice

Note: This linter can be disabled with `set_option linter.unnecessarySeqFocus false`
warning: CGLMP5/ScalarTableRow22.lean:176:4: Used `tac1 <;> tac2` where `(tac1; tac2)` would suffice

Note: This linter can be disabled with `set_option linter.unnecessarySeqFocus false`
warning: CGLMP5/ScalarTableRow22.lean:180:4: Used `tac1 <;> tac2` where `(tac1; tac2)` would suffice

Note: This linter can be disabled with `set_option linter.unnecessarySeqFocus false`
⚠ [2145/2151] Replayed CGLMP5.ScalarTableRow23
warning: CGLMP5/ScalarTableRow23.lean:88:8: Unused tactic linter: `ring` does nothing

Note: This linter can be disabled with `set_option linter.unusedTactic false`
warning: CGLMP5/ScalarTableRow23.lean:88:8: this tactic is never executed

Note: This linter can be disabled with `set_option linter.unreachableTactic false`
warning: CGLMP5/ScalarTableRow23.lean:92:4: Used `tac1 <;> tac2` where `(tac1; tac2)` would suffice

Note: This linter can be disabled with `set_option linter.unnecessarySeqFocus false`
warning: CGLMP5/ScalarTableRow23.lean:96:4: Used `tac1 <;> tac2` where `(tac1; tac2)` would suffice

Note: This linter can be disabled with `set_option linter.unnecessarySeqFocus false`
warning: CGLMP5/ScalarTableRow23.lean:100:4: Used `tac1 <;> tac2` where `(tac1; tac2)` would suffice

Note: This linter can be disabled with `set_option linter.unnecessarySeqFocus false`
warning: CGLMP5/ScalarTableRow23.lean:104:4: Used `tac1 <;> tac2` where `(tac1; tac2)` would suffice

Note: This linter can be disabled with `set_option linter.unnecessarySeqFocus false`
warning: CGLMP5/ScalarTableRow23.lean:108:4: Used `tac1 <;> tac2` where `(tac1; tac2)` would suffice

Note: This linter can be disabled with `set_option linter.unnecessarySeqFocus false`
warning: CGLMP5/ScalarTableRow23.lean:112:4: Used `tac1 <;> tac2` where `(tac1; tac2)` would suffice

Note: This linter can be disabled with `set_option linter.unnecessarySeqFocus false`
warning: CGLMP5/ScalarTableRow23.lean:116:4: Used `tac1 <;> tac2` where `(tac1; tac2)` would suffice

Note: This linter can be disabled with `set_option linter.unnecessarySeqFocus false`
warning: CGLMP5/ScalarTableRow23.lean:120:4: Used `tac1 <;> tac2` where `(tac1; tac2)` would suffice

Note: This linter can be disabled with `set_option linter.unnecessarySeqFocus false`
warning: CGLMP5/ScalarTableRow23.lean:124:4: Used `tac1 <;> tac2` where `(tac1; tac2)` would suffice

Note: This linter can be disabled with `set_option linter.unnecessarySeqFocus false`
warning: CGLMP5/ScalarTableRow23.lean:128:4: Used `tac1 <;> tac2` where `(tac1; tac2)` would suffice

Note: This linter can be disabled with `set_option linter.unnecessarySeqFocus false`
warning: CGLMP5/ScalarTableRow23.lean:132:4: Used `tac1 <;> tac2` where `(tac1; tac2)` would suffice

Note: This linter can be disabled with `set_option linter.unnecessarySeqFocus false`
warning: CGLMP5/ScalarTableRow23.lean:136:4: Used `tac1 <;> tac2` where `(tac1; tac2)` would suffice

Note: This linter can be disabled with `set_option linter.unnecessarySeqFocus false`
warning: CGLMP5/ScalarTableRow23.lean:140:4: Used `tac1 <;> tac2` where `(tac1; tac2)` would suffice

Note: This linter can be disabled with `set_option linter.unnecessarySeqFocus false`
warning: CGLMP5/ScalarTableRow23.lean:144:4: Used `tac1 <;> tac2` where `(tac1; tac2)` would suffice

Note: This linter can be disabled with `set_option linter.unnecessarySeqFocus false`
warning: CGLMP5/ScalarTableRow23.lean:148:4: Used `tac1 <;> tac2` where `(tac1; tac2)` would suffice

Note: This linter can be disabled with `set_option linter.unnecessarySeqFocus false`
warning: CGLMP5/ScalarTableRow23.lean:152:4: Used `tac1 <;> tac2` where `(tac1; tac2)` would suffice

Note: This linter can be disabled with `set_option linter.unnecessarySeqFocus false`
warning: CGLMP5/ScalarTableRow23.lean:156:4: Used `tac1 <;> tac2` where `(tac1; tac2)` would suffice

Note: This linter can be disabled with `set_option linter.unnecessarySeqFocus false`
warning: CGLMP5/ScalarTableRow23.lean:160:4: Used `tac1 <;> tac2` where `(tac1; tac2)` would suffice

Note: This linter can be disabled with `set_option linter.unnecessarySeqFocus false`
warning: CGLMP5/ScalarTableRow23.lean:164:4: Used `tac1 <;> tac2` where `(tac1; tac2)` would suffice

Note: This linter can be disabled with `set_option linter.unnecessarySeqFocus false`
warning: CGLMP5/ScalarTableRow23.lean:168:4: Used `tac1 <;> tac2` where `(tac1; tac2)` would suffice

Note: This linter can be disabled with `set_option linter.unnecessarySeqFocus false`
warning: CGLMP5/ScalarTableRow23.lean:172:4: Used `tac1 <;> tac2` where `(tac1; tac2)` would suffice

Note: This linter can be disabled with `set_option linter.unnecessarySeqFocus false`
warning: CGLMP5/ScalarTableRow23.lean:176:4: Used `tac1 <;> tac2` where `(tac1; tac2)` would suffice

Note: This linter can be disabled with `set_option linter.unnecessarySeqFocus false`
warning: CGLMP5/ScalarTableRow23.lean:180:4: Used `tac1 <;> tac2` where `(tac1; tac2)` would suffice

Note: This linter can be disabled with `set_option linter.unnecessarySeqFocus false`
✔ [2151/2151] Built CGLMP5.ScalarConstants (1.7s)
Build completed successfully (2151 jobs).
END_ASSEMBLY CGLMP5.ScalarConstants STATUS 0
START_ASSEMBLY CGLMP5.Positivity
[limited-build] ticket374 acquired slot0: lake build CGLMP5.Positivity
⚠ [2137/2141] Replayed CGLMP5.Root
warning: CGLMP5/Root.lean:148:63: Used `tac1 <;> tac2` where `(tac1; tac2)` would suffice

Note: This linter can be disabled with `set_option linter.unnecessarySeqFocus false`
warning: CGLMP5/Root.lean:148:77: Used `tac1 <;> tac2` where `(tac1; tac2)` would suffice

Note: This linter can be disabled with `set_option linter.unnecessarySeqFocus false`
warning: CGLMP5/Root.lean:148:89: Used `tac1 <;> tac2` where `(tac1; tac2)` would suffice

Note: This linter can be disabled with `set_option linter.unnecessarySeqFocus false`
⚠ [2138/2141] Replayed CGLMP5.ScalarDefs
warning: CGLMP5/ScalarDefs.lean:33:61: Unused tactic linter: `ring` does nothing

Note: This linter can be disabled with `set_option linter.unusedTactic false`
warning: CGLMP5/ScalarDefs.lean:33:61: this tactic is never executed

Note: This linter can be disabled with `set_option linter.unreachableTactic false`
✔ [2139/2141] Built CGLMP5.ScalarIntervals (1.8s)
✔ [2140/2141] Built CGLMP5.EmbeddingBounds (2.1s)
✔ [2141/2141] Built CGLMP5.Positivity (2.1s)
Build completed successfully (2141 jobs).
END_ASSEMBLY CGLMP5.Positivity STATUS 0
START_ASSEMBLY CGLMP5.SOSTarget
[limited-build] ticket375 acquired slot0: lake build CGLMP5.SOSTarget
⚠ [2141/2149] Replayed CGLMP5.Root
warning: CGLMP5/Root.lean:148:63: Used `tac1 <;> tac2` where `(tac1; tac2)` would suffice

Note: This linter can be disabled with `set_option linter.unnecessarySeqFocus false`
warning: CGLMP5/Root.lean:148:77: Used `tac1 <;> tac2` where `(tac1; tac2)` would suffice

Note: This linter can be disabled with `set_option linter.unnecessarySeqFocus false`
warning: CGLMP5/Root.lean:148:89: Used `tac1 <;> tac2` where `(tac1; tac2)` would suffice

Note: This linter can be disabled with `set_option linter.unnecessarySeqFocus false`
⚠ [2142/2149] Replayed CGLMP5.ScalarDefs
warning: CGLMP5/ScalarDefs.lean:33:61: Unused tactic linter: `ring` does nothing

Note: This linter can be disabled with `set_option linter.unusedTactic false`
warning: CGLMP5/ScalarDefs.lean:33:61: this tactic is never executed

Note: This linter can be disabled with `set_option linter.unreachableTactic false`
⚠ [2145/2149] Replayed CGLMP5.Words
warning: CGLMP5/Words.lean:49:27: This simp argument is unused:
  Prod.fst

Hint: Omit it from the simp argument list.
  [apply] simp only [push, Prod.snd, hz, ↓reduceIte, hmz, eval_cons]

Note: This linter can be disabled with `set_option linter.unusedSimpArgs false`
warning: CGLMP5/Words.lean:49:37: This simp argument is unused:
  Prod.snd

Hint: Omit it from the simp argument list.
  [apply] simp only [push, Prod.fst, hz, ↓reduceIte, hmz, eval_cons]

Note: This linter can be disabled with `set_option linter.unusedSimpArgs false`
⚠ [2148/2149] Built CGLMP5.SOSTargetCoefficients (52s)
warning: CGLMP5/SOSTargetCoefficients.lean:37:41: This simp argument is unused:
  Scalar.uC_sq

Hint: Omit it from the simp argument list.
  [apply] simp only [Scalar.sC_sq, Complex.I_sq]

Note: This linter can be disabled with `set_option linter.unusedSimpArgs false`
warning: CGLMP5/SOSTargetCoefficients.lean:37:55: This simp argument is unused:
  Complex.I_sq

Hint: Omit it from the simp argument list.
  [apply] simp only [Scalar.sC_sq, Scalar.uC_sq]

Note: This linter can be disabled with `set_option linter.unusedSimpArgs false`
⚠ [2149/2149] Built CGLMP5.SOSTarget (2.1s)
warning: CGLMP5/SOSTarget.lean:19:19: This simp argument is unused:
  Prod.fst

Hint: Omit it from the simp argument list.
  [apply] simp only [List.map_cons, List.map_flatMap, List.map_map, Function.comp_def, List.sum_cons, Prod.snd,
    Scalar.eval_mu, hone]

Note: This linter can be disabled with `set_option linter.unusedSimpArgs false`
warning: CGLMP5/SOSTarget.lean:19:29: This simp argument is unused:
  Prod.snd

Hint: Omit it from the simp argument list.
  [apply] simp only [List.map_cons, List.map_flatMap, List.map_map, Function.comp_def, List.sum_cons, Prod.fst,
    Scalar.eval_mu, hone]

Note: This linter can be disabled with `set_option linter.unusedSimpArgs false`
warning: CGLMP5/SOSTarget.lean:23:62: This simp argument is unused:
  zero_add

Hint: Omit it from the simp argument list.
  [apply] simp only [hfr, List.flatMap_cons, List.flatMap_nil, List.map_cons, List.map_nil, List.append_nil,
    List.cons_append, List.nil_append, List.sum_cons, List.sum_nil, SOS.bell, Fin.sum_univ_succ, Fin.sum_univ_zero,
    add_zero]

Note: This linter can be disabled with `set_option linter.unusedSimpArgs false`
Build completed successfully (2149 jobs).
END_ASSEMBLY CGLMP5.SOSTarget STATUS 0
