[limited-build] ticket864 acquired slot0: lake build CGLMP5.SOSIdentity
⚠ [1075/1088] Replayed CGLMP5.SOSIntegerDataSoundness
warning: CGLMP5/SOSIntegerDataSoundness.lean:12:32: Unused tactic linter: `(fin_cases k <;>
    simp [targetAt, targetNumerator, targetDenominator, Scalar.zero, Scalar.ofCanonical])` does nothing

Note: This linter can be disabled with `set_option linter.unusedTactic false`
warning: CGLMP5/SOSIntegerDataSoundness.lean:12:32: this tactic is never executed

Note: This linter can be disabled with `set_option linter.unreachableTactic false`
warning: CGLMP5/SOSIntegerDataSoundness.lean:16:32: Unused tactic linter: `(fin_cases k <;>
    simp [targetAt, targetNumerator, targetDenominator, Scalar.zero, Scalar.ofCanonical])` does nothing

Note: This linter can be disabled with `set_option linter.unusedTactic false`
warning: CGLMP5/SOSIntegerDataSoundness.lean:16:32: this tactic is never executed

Note: This linter can be disabled with `set_option linter.unreachableTactic false`
⚠ [2419/2471] Replayed CGLMP5.Root
warning: CGLMP5/Root.lean:148:63: Used `tac1 <;> tac2` where `(tac1; tac2)` would suffice

Note: This linter can be disabled with `set_option linter.unnecessarySeqFocus false`
warning: CGLMP5/Root.lean:148:77: Used `tac1 <;> tac2` where `(tac1; tac2)` would suffice

Note: This linter can be disabled with `set_option linter.unnecessarySeqFocus false`
warning: CGLMP5/Root.lean:148:89: Used `tac1 <;> tac2` where `(tac1; tac2)` would suffice

Note: This linter can be disabled with `set_option linter.unnecessarySeqFocus false`
⚠ [2420/2471] Replayed CGLMP5.ScalarDefs
warning: CGLMP5/ScalarDefs.lean:33:61: Unused tactic linter: `ring` does nothing

Note: This linter can be disabled with `set_option linter.unusedTactic false`
warning: CGLMP5/ScalarDefs.lean:33:61: this tactic is never executed

Note: This linter can be disabled with `set_option linter.unreachableTactic false`
⚠ [2421/2471] Replayed CGLMP5.Words
warning: CGLMP5/Words.lean:49:27: This simp argument is unused:
  Prod.fst

Hint: Omit it from the simp argument list.
  [apply] simp only [push, Prod.snd, hz, ↓reduceIte, hmz, eval_cons]

Note: This linter can be disabled with `set_option linter.unusedSimpArgs false`
warning: CGLMP5/Words.lean:49:37: This simp argument is unused:
  Prod.snd

Hint: Omit it from the simp argument list.
  [apply] simp only [push, Prod.fst, hz, ↓reduceIte, hmz, eval_cons]

Note: This linter can be disabled with `set_option linter.unusedSimpArgs false`
⚠ [2429/2471] Replayed CGLMP5.SOSPhaseLinear00
warning: CGLMP5/SOSPhaseLinear00.lean:14:15: Unused tactic linter: `ring` does nothing

Note: This linter can be disabled with `set_option linter.unusedTactic false`
warning: CGLMP5/SOSPhaseLinear00.lean:14:15: this tactic is never executed

Note: This linter can be disabled with `set_option linter.unreachableTactic false`
warning: CGLMP5/SOSPhaseLinear00.lean:20:15: Unused tactic linter: `ring` does nothing

Note: This linter can be disabled with `set_option linter.unusedTactic false`
warning: CGLMP5/SOSPhaseLinear00.lean:20:15: this tactic is never executed

Note: This linter can be disabled with `set_option linter.unreachableTactic false`
warning: CGLMP5/SOSPhaseLinear00.lean:26:15: Unused tactic linter: `ring` does nothing

Note: This linter can be disabled with `set_option linter.unusedTactic false`
warning: CGLMP5/SOSPhaseLinear00.lean:26:15: this tactic is never executed

Note: This linter can be disabled with `set_option linter.unreachableTactic false`
warning: CGLMP5/SOSPhaseLinear00.lean:32:15: Unused tactic linter: `ring` does nothing

Note: This linter can be disabled with `set_option linter.unusedTactic false`
warning: CGLMP5/SOSPhaseLinear00.lean:32:15: this tactic is never executed

Note: This linter can be disabled with `set_option linter.unreachableTactic false`
warning: CGLMP5/SOSPhaseLinear00.lean:38:15: Unused tactic linter: `ring` does nothing

Note: This linter can be disabled with `set_option linter.unusedTactic false`
warning: CGLMP5/SOSPhaseLinear00.lean:38:15: this tactic is never executed

Note: This linter can be disabled with `set_option linter.unreachableTactic false`
warning: CGLMP5/SOSPhaseLinear00.lean:44:15: Unused tactic linter: `ring` does nothing

Note: This linter can be disabled with `set_option linter.unusedTactic false`
warning: CGLMP5/SOSPhaseLinear00.lean:44:15: this tactic is never executed

Note: This linter can be disabled with `set_option linter.unreachableTactic false`
warning: CGLMP5/SOSPhaseLinear00.lean:50:15: Unused tactic linter: `ring` does nothing

Note: This linter can be disabled with `set_option linter.unusedTactic false`
warning: CGLMP5/SOSPhaseLinear00.lean:50:15: this tactic is never executed

Note: This linter can be disabled with `set_option linter.unreachableTactic false`
warning: CGLMP5/SOSPhaseLinear00.lean:56:15: Unused tactic linter: `ring` does nothing

Note: This linter can be disabled with `set_option linter.unusedTactic false`
warning: CGLMP5/SOSPhaseLinear00.lean:56:15: this tactic is never executed

Note: This linter can be disabled with `set_option linter.unreachableTactic false`
warning: CGLMP5/SOSPhaseLinear00.lean:62:15: Unused tactic linter: `ring` does nothing

Note: This linter can be disabled with `set_option linter.unusedTactic false`
warning: CGLMP5/SOSPhaseLinear00.lean:62:15: this tactic is never executed

Note: This linter can be disabled with `set_option linter.unreachableTactic false`
warning: CGLMP5/SOSPhaseLinear00.lean:68:15: Unused tactic linter: `ring` does nothing

Note: This linter can be disabled with `set_option linter.unusedTactic false`
warning: CGLMP5/SOSPhaseLinear00.lean:68:15: this tactic is never executed

Note: This linter can be disabled with `set_option linter.unreachableTactic false`
warning: CGLMP5/SOSPhaseLinear00.lean:74:15: Unused tactic linter: `ring` does nothing

Note: This linter can be disabled with `set_option linter.unusedTactic false`
warning: CGLMP5/SOSPhaseLinear00.lean:74:15: this tactic is never executed

Note: This linter can be disabled with `set_option linter.unreachableTactic false`
warning: CGLMP5/SOSPhaseLinear00.lean:80:15: Unused tactic linter: `ring` does nothing

Note: This linter can be disabled with `set_option linter.unusedTactic false`
warning: CGLMP5/SOSPhaseLinear00.lean:80:15: this tactic is never executed

Note: This linter can be disabled with `set_option linter.unreachableTactic false`
warning: CGLMP5/SOSPhaseLinear00.lean:86:15: Unused tactic linter: `ring` does nothing

Note: This linter can be disabled with `set_option linter.unusedTactic false`
warning: CGLMP5/SOSPhaseLinear00.lean:86:15: this tactic is never executed

Note: This linter can be disabled with `set_option linter.unreachableTactic false`
warning: CGLMP5/SOSPhaseLinear00.lean:92:15: Unused tactic linter: `ring` does nothing

Note: This linter can be disabled with `set_option linter.unusedTactic false`
warning: CGLMP5/SOSPhaseLinear00.lean:92:15: this tactic is never executed

Note: This linter can be disabled with `set_option linter.unreachableTactic false`
warning: CGLMP5/SOSPhaseLinear00.lean:98:15: Unused tactic linter: `ring` does nothing

Note: This linter can be disabled with `set_option linter.unusedTactic false`
warning: CGLMP5/SOSPhaseLinear00.lean:98:15: this tactic is never executed

Note: This linter can be disabled with `set_option linter.unreachableTactic false`
warning: CGLMP5/SOSPhaseLinear00.lean:104:15: Unused tactic linter: `ring` does nothing

Note: This linter can be disabled with `set_option linter.unusedTactic false`
warning: CGLMP5/SOSPhaseLinear00.lean:104:15: this tactic is never executed

Note: This linter can be disabled with `set_option linter.unreachableTactic false`
warning: CGLMP5/SOSPhaseLinear00.lean:110:15: Unused tactic linter: `ring` does nothing

Note: This linter can be disabled with `set_option linter.unusedTactic false`
warning: CGLMP5/SOSPhaseLinear00.lean:110:15: this tactic is never executed

Note: This linter can be disabled with `set_option linter.unreachableTactic false`
warning: CGLMP5/SOSPhaseLinear00.lean:116:15: Unused tactic linter: `ring` does nothing

Note: This linter can be disabled with `set_option linter.unusedTactic false`
warning: CGLMP5/SOSPhaseLinear00.lean:116:15: this tactic is never executed

Note: This linter can be disabled with `set_option linter.unreachableTactic false`
warning: CGLMP5/SOSPhaseLinear00.lean:122:15: Unused tactic linter: `ring` does nothing

Note: This linter can be disabled with `set_option linter.unusedTactic false`
warning: CGLMP5/SOSPhaseLinear00.lean:122:15: this tactic is never executed

Note: This linter can be disabled with `set_option linter.unreachableTactic false`
warning: CGLMP5/SOSPhaseLinear00.lean:128:15: Unused tactic linter: `ring` does nothing

Note: This linter can be disabled with `set_option linter.unusedTactic false`
warning: CGLMP5/SOSPhaseLinear00.lean:128:15: this tactic is never executed

Note: This linter can be disabled with `set_option linter.unreachableTactic false`
warning: CGLMP5/SOSPhaseLinear00.lean:134:15: Unused tactic linter: `ring` does nothing

Note: This linter can be disabled with `set_option linter.unusedTactic false`
warning: CGLMP5/SOSPhaseLinear00.lean:134:15: this tactic is never executed

Note: This linter can be disabled with `set_option linter.unreachableTactic false`
warning: CGLMP5/SOSPhaseLinear00.lean:140:15: Unused tactic linter: `ring` does nothing

Note: This linter can be disabled with `set_option linter.unusedTactic false`
warning: CGLMP5/SOSPhaseLinear00.lean:140:15: this tactic is never executed

Note: This linter can be disabled with `set_option linter.unreachableTactic false`
warning: CGLMP5/SOSPhaseLinear00.lean:146:15: Unused tactic linter: `ring` does nothing

Note: This linter can be disabled with `set_option linter.unusedTactic false`
warning: CGLMP5/SOSPhaseLinear00.lean:146:15: this tactic is never executed

Note: This linter can be disabled with `set_option linter.unreachableTactic false`
warning: CGLMP5/SOSPhaseLinear00.lean:152:15: Unused tactic linter: `ring` does nothing

Note: This linter can be disabled with `set_option linter.unusedTactic false`
warning: CGLMP5/SOSPhaseLinear00.lean:152:15: this tactic is never executed

Note: This linter can be disabled with `set_option linter.unreachableTactic false`
⚠ [2431/2471] Replayed CGLMP5.SOSPhaseLinear02
warning: CGLMP5/SOSPhaseLinear02.lean:14:11: Used `tac1 <;> tac2` where `(tac1; tac2)` would suffice

Note: This linter can be disabled with `set_option linter.unnecessarySeqFocus false`
warning: CGLMP5/SOSPhaseLinear02.lean:20:11: Used `tac1 <;> tac2` where `(tac1; tac2)` would suffice

Note: This linter can be disabled with `set_option linter.unnecessarySeqFocus false`
warning: CGLMP5/SOSPhaseLinear02.lean:26:11: Used `tac1 <;> tac2` where `(tac1; tac2)` would suffice

Note: This linter can be disabled with `set_option linter.unnecessarySeqFocus false`
warning: CGLMP5/SOSPhaseLinear02.lean:32:11: Used `tac1 <;> tac2` where `(tac1; tac2)` would suffice

Note: This linter can be disabled with `set_option linter.unnecessarySeqFocus false`
warning: CGLMP5/SOSPhaseLinear02.lean:38:11: Used `tac1 <;> tac2` where `(tac1; tac2)` would suffice

Note: This linter can be disabled with `set_option linter.unnecessarySeqFocus false`
warning: CGLMP5/SOSPhaseLinear02.lean:44:11: Used `tac1 <;> tac2` where `(tac1; tac2)` would suffice

Note: This linter can be disabled with `set_option linter.unnecessarySeqFocus false`
warning: CGLMP5/SOSPhaseLinear02.lean:50:11: Used `tac1 <;> tac2` where `(tac1; tac2)` would suffice

Note: This linter can be disabled with `set_option linter.unnecessarySeqFocus false`
warning: CGLMP5/SOSPhaseLinear02.lean:56:11: Used `tac1 <;> tac2` where `(tac1; tac2)` would suffice

Note: This linter can be disabled with `set_option linter.unnecessarySeqFocus false`
warning: CGLMP5/SOSPhaseLinear02.lean:62:11: Used `tac1 <;> tac2` where `(tac1; tac2)` would suffice

Note: This linter can be disabled with `set_option linter.unnecessarySeqFocus false`
warning: CGLMP5/SOSPhaseLinear02.lean:68:11: Used `tac1 <;> tac2` where `(tac1; tac2)` would suffice

Note: This linter can be disabled with `set_option linter.unnecessarySeqFocus false`
warning: CGLMP5/SOSPhaseLinear02.lean:74:11: Used `tac1 <;> tac2` where `(tac1; tac2)` would suffice

Note: This linter can be disabled with `set_option linter.unnecessarySeqFocus false`
warning: CGLMP5/SOSPhaseLinear02.lean:80:11: Used `tac1 <;> tac2` where `(tac1; tac2)` would suffice

Note: This linter can be disabled with `set_option linter.unnecessarySeqFocus false`
warning: CGLMP5/SOSPhaseLinear02.lean:86:11: Used `tac1 <;> tac2` where `(tac1; tac2)` would suffice

Note: This linter can be disabled with `set_option linter.unnecessarySeqFocus false`
warning: CGLMP5/SOSPhaseLinear02.lean:92:11: Used `tac1 <;> tac2` where `(tac1; tac2)` would suffice

Note: This linter can be disabled with `set_option linter.unnecessarySeqFocus false`
warning: CGLMP5/SOSPhaseLinear02.lean:98:11: Used `tac1 <;> tac2` where `(tac1; tac2)` would suffice

Note: This linter can be disabled with `set_option linter.unnecessarySeqFocus false`
warning: CGLMP5/SOSPhaseLinear02.lean:104:11: Used `tac1 <;> tac2` where `(tac1; tac2)` would suffice

Note: This linter can be disabled with `set_option linter.unnecessarySeqFocus false`
warning: CGLMP5/SOSPhaseLinear02.lean:110:11: Used `tac1 <;> tac2` where `(tac1; tac2)` would suffice

Note: This linter can be disabled with `set_option linter.unnecessarySeqFocus false`
warning: CGLMP5/SOSPhaseLinear02.lean:116:11: Used `tac1 <;> tac2` where `(tac1; tac2)` would suffice

Note: This linter can be disabled with `set_option linter.unnecessarySeqFocus false`
warning: CGLMP5/SOSPhaseLinear02.lean:122:11: Used `tac1 <;> tac2` where `(tac1; tac2)` would suffice

Note: This linter can be disabled with `set_option linter.unnecessarySeqFocus false`
warning: CGLMP5/SOSPhaseLinear02.lean:128:11: Used `tac1 <;> tac2` where `(tac1; tac2)` would suffice

Note: This linter can be disabled with `set_option linter.unnecessarySeqFocus false`
warning: CGLMP5/SOSPhaseLinear02.lean:134:11: Used `tac1 <;> tac2` where `(tac1; tac2)` would suffice

Note: This linter can be disabled with `set_option linter.unnecessarySeqFocus false`
warning: CGLMP5/SOSPhaseLinear02.lean:140:11: Used `tac1 <;> tac2` where `(tac1; tac2)` would suffice

Note: This linter can be disabled with `set_option linter.unnecessarySeqFocus false`
warning: CGLMP5/SOSPhaseLinear02.lean:146:11: Used `tac1 <;> tac2` where `(tac1; tac2)` would suffice

Note: This linter can be disabled with `set_option linter.unnecessarySeqFocus false`
warning: CGLMP5/SOSPhaseLinear02.lean:152:11: Used `tac1 <;> tac2` where `(tac1; tac2)` would suffice

Note: This linter can be disabled with `set_option linter.unnecessarySeqFocus false`
⚠ [2432/2471] Replayed CGLMP5.SOSPhaseLinear04
warning: CGLMP5/SOSPhaseLinear04.lean:14:11: Used `tac1 <;> tac2` where `(tac1; tac2)` would suffice

Note: This linter can be disabled with `set_option linter.unnecessarySeqFocus false`
warning: CGLMP5/SOSPhaseLinear04.lean:20:11: Used `tac1 <;> tac2` where `(tac1; tac2)` would suffice

Note: This linter can be disabled with `set_option linter.unnecessarySeqFocus false`
warning: CGLMP5/SOSPhaseLinear04.lean:26:11: Used `tac1 <;> tac2` where `(tac1; tac2)` would suffice

Note: This linter can be disabled with `set_option linter.unnecessarySeqFocus false`
warning: CGLMP5/SOSPhaseLinear04.lean:32:11: Used `tac1 <;> tac2` where `(tac1; tac2)` would suffice

Note: This linter can be disabled with `set_option linter.unnecessarySeqFocus false`
warning: CGLMP5/SOSPhaseLinear04.lean:38:11: Used `tac1 <;> tac2` where `(tac1; tac2)` would suffice

Note: This linter can be disabled with `set_option linter.unnecessarySeqFocus false`
warning: CGLMP5/SOSPhaseLinear04.lean:44:11: Used `tac1 <;> tac2` where `(tac1; tac2)` would suffice

Note: This linter can be disabled with `set_option linter.unnecessarySeqFocus false`
warning: CGLMP5/SOSPhaseLinear04.lean:50:11: Used `tac1 <;> tac2` where `(tac1; tac2)` would suffice

Note: This linter can be disabled with `set_option linter.unnecessarySeqFocus false`
warning: CGLMP5/SOSPhaseLinear04.lean:56:11: Used `tac1 <;> tac2` where `(tac1; tac2)` would suffice

Note: This linter can be disabled with `set_option linter.unnecessarySeqFocus false`
warning: CGLMP5/SOSPhaseLinear04.lean:62:11: Used `tac1 <;> tac2` where `(tac1; tac2)` would suffice

Note: This linter can be disabled with `set_option linter.unnecessarySeqFocus false`
warning: CGLMP5/SOSPhaseLinear04.lean:68:11: Used `tac1 <;> tac2` where `(tac1; tac2)` would suffice

Note: This linter can be disabled with `set_option linter.unnecessarySeqFocus false`
warning: CGLMP5/SOSPhaseLinear04.lean:74:11: Used `tac1 <;> tac2` where `(tac1; tac2)` would suffice

Note: This linter can be disabled with `set_option linter.unnecessarySeqFocus false`
warning: CGLMP5/SOSPhaseLinear04.lean:80:11: Used `tac1 <;> tac2` where `(tac1; tac2)` would suffice

Note: This linter can be disabled with `set_option linter.unnecessarySeqFocus false`
warning: CGLMP5/SOSPhaseLinear04.lean:86:11: Used `tac1 <;> tac2` where `(tac1; tac2)` would suffice

Note: This linter can be disabled with `set_option linter.unnecessarySeqFocus false`
warning: CGLMP5/SOSPhaseLinear04.lean:92:11: Used `tac1 <;> tac2` where `(tac1; tac2)` would suffice

Note: This linter can be disabled with `set_option linter.unnecessarySeqFocus false`
warning: CGLMP5/SOSPhaseLinear04.lean:98:11: Used `tac1 <;> tac2` where `(tac1; tac2)` would suffice

Note: This linter can be disabled with `set_option linter.unnecessarySeqFocus false`
warning: CGLMP5/SOSPhaseLinear04.lean:104:11: Used `tac1 <;> tac2` where `(tac1; tac2)` would suffice

Note: This linter can be disabled with `set_option linter.unnecessarySeqFocus false`
warning: CGLMP5/SOSPhaseLinear04.lean:110:11: Used `tac1 <;> tac2` where `(tac1; tac2)` would suffice

Note: This linter can be disabled with `set_option linter.unnecessarySeqFocus false`
warning: CGLMP5/SOSPhaseLinear04.lean:116:11: Used `tac1 <;> tac2` where `(tac1; tac2)` would suffice

Note: This linter can be disabled with `set_option linter.unnecessarySeqFocus false`
warning: CGLMP5/SOSPhaseLinear04.lean:122:11: Used `tac1 <;> tac2` where `(tac1; tac2)` would suffice

Note: This linter can be disabled with `set_option linter.unnecessarySeqFocus false`
warning: CGLMP5/SOSPhaseLinear04.lean:128:11: Used `tac1 <;> tac2` where `(tac1; tac2)` would suffice

Note: This linter can be disabled with `set_option linter.unnecessarySeqFocus false`
warning: CGLMP5/SOSPhaseLinear04.lean:134:11: Used `tac1 <;> tac2` where `(tac1; tac2)` would suffice

Note: This linter can be disabled with `set_option linter.unnecessarySeqFocus false`
warning: CGLMP5/SOSPhaseLinear04.lean:140:11: Used `tac1 <;> tac2` where `(tac1; tac2)` would suffice

Note: This linter can be disabled with `set_option linter.unnecessarySeqFocus false`
warning: CGLMP5/SOSPhaseLinear04.lean:146:11: Used `tac1 <;> tac2` where `(tac1; tac2)` would suffice

Note: This linter can be disabled with `set_option linter.unnecessarySeqFocus false`
warning: CGLMP5/SOSPhaseLinear04.lean:152:11: Used `tac1 <;> tac2` where `(tac1; tac2)` would suffice

Note: This linter can be disabled with `set_option linter.unnecessarySeqFocus false`
⚠ [2433/2471] Replayed CGLMP5.SOSPhaseLinear07
warning: CGLMP5/SOSPhaseLinear07.lean:14:11: Used `tac1 <;> tac2` where `(tac1; tac2)` would suffice

Note: This linter can be disabled with `set_option linter.unnecessarySeqFocus false`
warning: CGLMP5/SOSPhaseLinear07.lean:20:11: Used `tac1 <;> tac2` where `(tac1; tac2)` would suffice

Note: This linter can be disabled with `set_option linter.unnecessarySeqFocus false`
warning: CGLMP5/SOSPhaseLinear07.lean:26:11: Used `tac1 <;> tac2` where `(tac1; tac2)` would suffice

Note: This linter can be disabled with `set_option linter.unnecessarySeqFocus false`
warning: CGLMP5/SOSPhaseLinear07.lean:32:11: Used `tac1 <;> tac2` where `(tac1; tac2)` would suffice

Note: This linter can be disabled with `set_option linter.unnecessarySeqFocus false`
warning: CGLMP5/SOSPhaseLinear07.lean:38:11: Used `tac1 <;> tac2` where `(tac1; tac2)` would suffice

Note: This linter can be disabled with `set_option linter.unnecessarySeqFocus false`
warning: CGLMP5/SOSPhaseLinear07.lean:44:11: Used `tac1 <;> tac2` where `(tac1; tac2)` would suffice

Note: This linter can be disabled with `set_option linter.unnecessarySeqFocus false`
warning: CGLMP5/SOSPhaseLinear07.lean:50:11: Used `tac1 <;> tac2` where `(tac1; tac2)` would suffice

Note: This linter can be disabled with `set_option linter.unnecessarySeqFocus false`
warning: CGLMP5/SOSPhaseLinear07.lean:56:11: Used `tac1 <;> tac2` where `(tac1; tac2)` would suffice

Note: This linter can be disabled with `set_option linter.unnecessarySeqFocus false`
warning: CGLMP5/SOSPhaseLinear07.lean:62:11: Used `tac1 <;> tac2` where `(tac1; tac2)` would suffice

Note: This linter can be disabled with `set_option linter.unnecessarySeqFocus false`
warning: CGLMP5/SOSPhaseLinear07.lean:68:11: Used `tac1 <;> tac2` where `(tac1; tac2)` would suffice

Note: This linter can be disabled with `set_option linter.unnecessarySeqFocus false`
warning: CGLMP5/SOSPhaseLinear07.lean:74:11: Used `tac1 <;> tac2` where `(tac1; tac2)` would suffice

Note: This linter can be disabled with `set_option linter.unnecessarySeqFocus false`
warning: CGLMP5/SOSPhaseLinear07.lean:80:11: Used `tac1 <;> tac2` where `(tac1; tac2)` would suffice

Note: This linter can be disabled with `set_option linter.unnecessarySeqFocus false`
warning: CGLMP5/SOSPhaseLinear07.lean:86:11: Used `tac1 <;> tac2` where `(tac1; tac2)` would suffice

Note: This linter can be disabled with `set_option linter.unnecessarySeqFocus false`
warning: CGLMP5/SOSPhaseLinear07.lean:92:11: Used `tac1 <;> tac2` where `(tac1; tac2)` would suffice

Note: This linter can be disabled with `set_option linter.unnecessarySeqFocus false`
warning: CGLMP5/SOSPhaseLinear07.lean:98:11: Used `tac1 <;> tac2` where `(tac1; tac2)` would suffice

Note: This linter can be disabled with `set_option linter.unnecessarySeqFocus false`
warning: CGLMP5/SOSPhaseLinear07.lean:104:11: Used `tac1 <;> tac2` where `(tac1; tac2)` would suffice

Note: This linter can be disabled with `set_option linter.unnecessarySeqFocus false`
warning: CGLMP5/SOSPhaseLinear07.lean:110:11: Used `tac1 <;> tac2` where `(tac1; tac2)` would suffice

Note: This linter can be disabled with `set_option linter.unnecessarySeqFocus false`
warning: CGLMP5/SOSPhaseLinear07.lean:116:11: Used `tac1 <;> tac2` where `(tac1; tac2)` would suffice

Note: This linter can be disabled with `set_option linter.unnecessarySeqFocus false`
warning: CGLMP5/SOSPhaseLinear07.lean:122:11: Used `tac1 <;> tac2` where `(tac1; tac2)` would suffice

Note: This linter can be disabled with `set_option linter.unnecessarySeqFocus false`
warning: CGLMP5/SOSPhaseLinear07.lean:128:11: Used `tac1 <;> tac2` where `(tac1; tac2)` would suffice

Note: This linter can be disabled with `set_option linter.unnecessarySeqFocus false`
warning: CGLMP5/SOSPhaseLinear07.lean:134:11: Used `tac1 <;> tac2` where `(tac1; tac2)` would suffice

Note: This linter can be disabled with `set_option linter.unnecessarySeqFocus false`
warning: CGLMP5/SOSPhaseLinear07.lean:140:11: Used `tac1 <;> tac2` where `(tac1; tac2)` would suffice

Note: This linter can be disabled with `set_option linter.unnecessarySeqFocus false`
warning: CGLMP5/SOSPhaseLinear07.lean:146:11: Used `tac1 <;> tac2` where `(tac1; tac2)` would suffice

Note: This linter can be disabled with `set_option linter.unnecessarySeqFocus false`
warning: CGLMP5/SOSPhaseLinear07.lean:152:11: Used `tac1 <;> tac2` where `(tac1; tac2)` would suffice

Note: This linter can be disabled with `set_option linter.unnecessarySeqFocus false`
⚠ [2434/2471] Replayed CGLMP5.SOSPhaseLinear09
warning: CGLMP5/SOSPhaseLinear09.lean:14:11: Used `tac1 <;> tac2` where `(tac1; tac2)` would suffice

Note: This linter can be disabled with `set_option linter.unnecessarySeqFocus false`
warning: CGLMP5/SOSPhaseLinear09.lean:20:11: Used `tac1 <;> tac2` where `(tac1; tac2)` would suffice

Note: This linter can be disabled with `set_option linter.unnecessarySeqFocus false`
warning: CGLMP5/SOSPhaseLinear09.lean:26:11: Used `tac1 <;> tac2` where `(tac1; tac2)` would suffice

Note: This linter can be disabled with `set_option linter.unnecessarySeqFocus false`
warning: CGLMP5/SOSPhaseLinear09.lean:32:11: Used `tac1 <;> tac2` where `(tac1; tac2)` would suffice

Note: This linter can be disabled with `set_option linter.unnecessarySeqFocus false`
warning: CGLMP5/SOSPhaseLinear09.lean:38:11: Used `tac1 <;> tac2` where `(tac1; tac2)` would suffice

Note: This linter can be disabled with `set_option linter.unnecessarySeqFocus false`
warning: CGLMP5/SOSPhaseLinear09.lean:44:11: Used `tac1 <;> tac2` where `(tac1; tac2)` would suffice

Note: This linter can be disabled with `set_option linter.unnecessarySeqFocus false`
warning: CGLMP5/SOSPhaseLinear09.lean:50:11: Used `tac1 <;> tac2` where `(tac1; tac2)` would suffice

Note: This linter can be disabled with `set_option linter.unnecessarySeqFocus false`
warning: CGLMP5/SOSPhaseLinear09.lean:56:11: Used `tac1 <;> tac2` where `(tac1; tac2)` would suffice

Note: This linter can be disabled with `set_option linter.unnecessarySeqFocus false`
warning: CGLMP5/SOSPhaseLinear09.lean:62:11: Used `tac1 <;> tac2` where `(tac1; tac2)` would suffice

Note: This linter can be disabled with `set_option linter.unnecessarySeqFocus false`
warning: CGLMP5/SOSPhaseLinear09.lean:68:11: Used `tac1 <;> tac2` where `(tac1; tac2)` would suffice

Note: This linter can be disabled with `set_option linter.unnecessarySeqFocus false`
warning: CGLMP5/SOSPhaseLinear09.lean:74:11: Used `tac1 <;> tac2` where `(tac1; tac2)` would suffice

Note: This linter can be disabled with `set_option linter.unnecessarySeqFocus false`
warning: CGLMP5/SOSPhaseLinear09.lean:80:11: Used `tac1 <;> tac2` where `(tac1; tac2)` would suffice

Note: This linter can be disabled with `set_option linter.unnecessarySeqFocus false`
warning: CGLMP5/SOSPhaseLinear09.lean:86:11: Used `tac1 <;> tac2` where `(tac1; tac2)` would suffice

Note: This linter can be disabled with `set_option linter.unnecessarySeqFocus false`
warning: CGLMP5/SOSPhaseLinear09.lean:92:11: Used `tac1 <;> tac2` where `(tac1; tac2)` would suffice

Note: This linter can be disabled with `set_option linter.unnecessarySeqFocus false`
warning: CGLMP5/SOSPhaseLinear09.lean:98:11: Used `tac1 <;> tac2` where `(tac1; tac2)` would suffice

Note: This linter can be disabled with `set_option linter.unnecessarySeqFocus false`
warning: CGLMP5/SOSPhaseLinear09.lean:104:11: Used `tac1 <;> tac2` where `(tac1; tac2)` would suffice

Note: This linter can be disabled with `set_option linter.unnecessarySeqFocus false`
warning: CGLMP5/SOSPhaseLinear09.lean:110:11: Used `tac1 <;> tac2` where `(tac1; tac2)` would suffice

Note: This linter can be disabled with `set_option linter.unnecessarySeqFocus false`
warning: CGLMP5/SOSPhaseLinear09.lean:116:11: Used `tac1 <;> tac2` where `(tac1; tac2)` would suffice

Note: This linter can be disabled with `set_option linter.unnecessarySeqFocus false`
warning: CGLMP5/SOSPhaseLinear09.lean:122:11: Used `tac1 <;> tac2` where `(tac1; tac2)` would suffice

Note: This linter can be disabled with `set_option linter.unnecessarySeqFocus false`
warning: CGLMP5/SOSPhaseLinear09.lean:128:11: Used `tac1 <;> tac2` where `(tac1; tac2)` would suffice

Note: This linter can be disabled with `set_option linter.unnecessarySeqFocus false`
warning: CGLMP5/SOSPhaseLinear09.lean:134:11: Used `tac1 <;> tac2` where `(tac1; tac2)` would suffice

Note: This linter can be disabled with `set_option linter.unnecessarySeqFocus false`
warning: CGLMP5/SOSPhaseLinear09.lean:140:11: Used `tac1 <;> tac2` where `(tac1; tac2)` would suffice

Note: This linter can be disabled with `set_option linter.unnecessarySeqFocus false`
warning: CGLMP5/SOSPhaseLinear09.lean:146:11: Used `tac1 <;> tac2` where `(tac1; tac2)` would suffice

Note: This linter can be disabled with `set_option linter.unnecessarySeqFocus false`
warning: CGLMP5/SOSPhaseLinear09.lean:152:11: Used `tac1 <;> tac2` where `(tac1; tac2)` would suffice

Note: This linter can be disabled with `set_option linter.unnecessarySeqFocus false`
⚠ [2435/2471] Replayed CGLMP5.SOSPhaseLinear14
warning: CGLMP5/SOSPhaseLinear14.lean:14:11: Used `tac1 <;> tac2` where `(tac1; tac2)` would suffice

Note: This linter can be disabled with `set_option linter.unnecessarySeqFocus false`
warning: CGLMP5/SOSPhaseLinear14.lean:20:11: Used `tac1 <;> tac2` where `(tac1; tac2)` would suffice

Note: This linter can be disabled with `set_option linter.unnecessarySeqFocus false`
warning: CGLMP5/SOSPhaseLinear14.lean:26:11: Used `tac1 <;> tac2` where `(tac1; tac2)` would suffice

Note: This linter can be disabled with `set_option linter.unnecessarySeqFocus false`
warning: CGLMP5/SOSPhaseLinear14.lean:32:11: Used `tac1 <;> tac2` where `(tac1; tac2)` would suffice

Note: This linter can be disabled with `set_option linter.unnecessarySeqFocus false`
warning: CGLMP5/SOSPhaseLinear14.lean:38:11: Used `tac1 <;> tac2` where `(tac1; tac2)` would suffice

Note: This linter can be disabled with `set_option linter.unnecessarySeqFocus false`
warning: CGLMP5/SOSPhaseLinear14.lean:44:11: Used `tac1 <;> tac2` where `(tac1; tac2)` would suffice

Note: This linter can be disabled with `set_option linter.unnecessarySeqFocus false`
warning: CGLMP5/SOSPhaseLinear14.lean:50:11: Used `tac1 <;> tac2` where `(tac1; tac2)` would suffice

Note: This linter can be disabled with `set_option linter.unnecessarySeqFocus false`
warning: CGLMP5/SOSPhaseLinear14.lean:56:11: Used `tac1 <;> tac2` where `(tac1; tac2)` would suffice

Note: This linter can be disabled with `set_option linter.unnecessarySeqFocus false`
warning: CGLMP5/SOSPhaseLinear14.lean:62:11: Used `tac1 <;> tac2` where `(tac1; tac2)` would suffice

Note: This linter can be disabled with `set_option linter.unnecessarySeqFocus false`
warning: CGLMP5/SOSPhaseLinear14.lean:68:11: Used `tac1 <;> tac2` where `(tac1; tac2)` would suffice

Note: This linter can be disabled with `set_option linter.unnecessarySeqFocus false`
warning: CGLMP5/SOSPhaseLinear14.lean:74:11: Used `tac1 <;> tac2` where `(tac1; tac2)` would suffice

Note: This linter can be disabled with `set_option linter.unnecessarySeqFocus false`
warning: CGLMP5/SOSPhaseLinear14.lean:80:11: Used `tac1 <;> tac2` where `(tac1; tac2)` would suffice

Note: This linter can be disabled with `set_option linter.unnecessarySeqFocus false`
warning: CGLMP5/SOSPhaseLinear14.lean:86:11: Used `tac1 <;> tac2` where `(tac1; tac2)` would suffice

Note: This linter can be disabled with `set_option linter.unnecessarySeqFocus false`
warning: CGLMP5/SOSPhaseLinear14.lean:92:11: Used `tac1 <;> tac2` where `(tac1; tac2)` would suffice

Note: This linter can be disabled with `set_option linter.unnecessarySeqFocus false`
warning: CGLMP5/SOSPhaseLinear14.lean:98:11: Used `tac1 <;> tac2` where `(tac1; tac2)` would suffice

Note: This linter can be disabled with `set_option linter.unnecessarySeqFocus false`
warning: CGLMP5/SOSPhaseLinear14.lean:104:11: Used `tac1 <;> tac2` where `(tac1; tac2)` would suffice

Note: This linter can be disabled with `set_option linter.unnecessarySeqFocus false`
warning: CGLMP5/SOSPhaseLinear14.lean:110:11: Used `tac1 <;> tac2` where `(tac1; tac2)` would suffice

Note: This linter can be disabled with `set_option linter.unnecessarySeqFocus false`
warning: CGLMP5/SOSPhaseLinear14.lean:116:11: Used `tac1 <;> tac2` where `(tac1; tac2)` would suffice

Note: This linter can be disabled with `set_option linter.unnecessarySeqFocus false`
warning: CGLMP5/SOSPhaseLinear14.lean:122:11: Used `tac1 <;> tac2` where `(tac1; tac2)` would suffice

Note: This linter can be disabled with `set_option linter.unnecessarySeqFocus false`
warning: CGLMP5/SOSPhaseLinear14.lean:128:11: Used `tac1 <;> tac2` where `(tac1; tac2)` would suffice

Note: This linter can be disabled with `set_option linter.unnecessarySeqFocus false`
warning: CGLMP5/SOSPhaseLinear14.lean:134:11: Used `tac1 <;> tac2` where `(tac1; tac2)` would suffice

Note: This linter can be disabled with `set_option linter.unnecessarySeqFocus false`
warning: CGLMP5/SOSPhaseLinear14.lean:140:11: Used `tac1 <;> tac2` where `(tac1; tac2)` would suffice

Note: This linter can be disabled with `set_option linter.unnecessarySeqFocus false`
warning: CGLMP5/SOSPhaseLinear14.lean:146:11: Used `tac1 <;> tac2` where `(tac1; tac2)` would suffice

Note: This linter can be disabled with `set_option linter.unnecessarySeqFocus false`
warning: CGLMP5/SOSPhaseLinear14.lean:152:11: Used `tac1 <;> tac2` where `(tac1; tac2)` would suffice

Note: This linter can be disabled with `set_option linter.unnecessarySeqFocus false`
⚠ [2436/2471] Replayed CGLMP5.SOSPhaseLinear15
warning: CGLMP5/SOSPhaseLinear15.lean:14:15: Unused tactic linter: `ring` does nothing

Note: This linter can be disabled with `set_option linter.unusedTactic false`
warning: CGLMP5/SOSPhaseLinear15.lean:14:15: this tactic is never executed

Note: This linter can be disabled with `set_option linter.unreachableTactic false`
warning: CGLMP5/SOSPhaseLinear15.lean:20:15: Unused tactic linter: `ring` does nothing

Note: This linter can be disabled with `set_option linter.unusedTactic false`
warning: CGLMP5/SOSPhaseLinear15.lean:20:15: this tactic is never executed

Note: This linter can be disabled with `set_option linter.unreachableTactic false`
warning: CGLMP5/SOSPhaseLinear15.lean:26:15: Unused tactic linter: `ring` does nothing

Note: This linter can be disabled with `set_option linter.unusedTactic false`
warning: CGLMP5/SOSPhaseLinear15.lean:26:15: this tactic is never executed

Note: This linter can be disabled with `set_option linter.unreachableTactic false`
warning: CGLMP5/SOSPhaseLinear15.lean:32:15: Unused tactic linter: `ring` does nothing

Note: This linter can be disabled with `set_option linter.unusedTactic false`
warning: CGLMP5/SOSPhaseLinear15.lean:32:15: this tactic is never executed

Note: This linter can be disabled with `set_option linter.unreachableTactic false`
warning: CGLMP5/SOSPhaseLinear15.lean:38:15: Unused tactic linter: `ring` does nothing

Note: This linter can be disabled with `set_option linter.unusedTactic false`
warning: CGLMP5/SOSPhaseLinear15.lean:38:15: this tactic is never executed

Note: This linter can be disabled with `set_option linter.unreachableTactic false`
warning: CGLMP5/SOSPhaseLinear15.lean:44:15: Unused tactic linter: `ring` does nothing

Note: This linter can be disabled with `set_option linter.unusedTactic false`
warning: CGLMP5/SOSPhaseLinear15.lean:44:15: this tactic is never executed

Note: This linter can be disabled with `set_option linter.unreachableTactic false`
warning: CGLMP5/SOSPhaseLinear15.lean:50:15: Unused tactic linter: `ring` does nothing

Note: This linter can be disabled with `set_option linter.unusedTactic false`
warning: CGLMP5/SOSPhaseLinear15.lean:50:15: this tactic is never executed

Note: This linter can be disabled with `set_option linter.unreachableTactic false`
warning: CGLMP5/SOSPhaseLinear15.lean:56:15: Unused tactic linter: `ring` does nothing

Note: This linter can be disabled with `set_option linter.unusedTactic false`
warning: CGLMP5/SOSPhaseLinear15.lean:56:15: this tactic is never executed

Note: This linter can be disabled with `set_option linter.unreachableTactic false`
warning: CGLMP5/SOSPhaseLinear15.lean:62:15: Unused tactic linter: `ring` does nothing

Note: This linter can be disabled with `set_option linter.unusedTactic false`
warning: CGLMP5/SOSPhaseLinear15.lean:62:15: this tactic is never executed

Note: This linter can be disabled with `set_option linter.unreachableTactic false`
warning: CGLMP5/SOSPhaseLinear15.lean:68:15: Unused tactic linter: `ring` does nothing

Note: This linter can be disabled with `set_option linter.unusedTactic false`
warning: CGLMP5/SOSPhaseLinear15.lean:68:15: this tactic is never executed

Note: This linter can be disabled with `set_option linter.unreachableTactic false`
warning: CGLMP5/SOSPhaseLinear15.lean:74:15: Unused tactic linter: `ring` does nothing

Note: This linter can be disabled with `set_option linter.unusedTactic false`
warning: CGLMP5/SOSPhaseLinear15.lean:74:15: this tactic is never executed

Note: This linter can be disabled with `set_option linter.unreachableTactic false`
warning: CGLMP5/SOSPhaseLinear15.lean:80:15: Unused tactic linter: `ring` does nothing

Note: This linter can be disabled with `set_option linter.unusedTactic false`
warning: CGLMP5/SOSPhaseLinear15.lean:80:15: this tactic is never executed

Note: This linter can be disabled with `set_option linter.unreachableTactic false`
warning: CGLMP5/SOSPhaseLinear15.lean:86:15: Unused tactic linter: `ring` does nothing

Note: This linter can be disabled with `set_option linter.unusedTactic false`
warning: CGLMP5/SOSPhaseLinear15.lean:86:15: this tactic is never executed

Note: This linter can be disabled with `set_option linter.unreachableTactic false`
warning: CGLMP5/SOSPhaseLinear15.lean:92:15: Unused tactic linter: `ring` does nothing

Note: This linter can be disabled with `set_option linter.unusedTactic false`
warning: CGLMP5/SOSPhaseLinear15.lean:92:15: this tactic is never executed

Note: This linter can be disabled with `set_option linter.unreachableTactic false`
warning: CGLMP5/SOSPhaseLinear15.lean:98:15: Unused tactic linter: `ring` does nothing

Note: This linter can be disabled with `set_option linter.unusedTactic false`
warning: CGLMP5/SOSPhaseLinear15.lean:98:15: this tactic is never executed

Note: This linter can be disabled with `set_option linter.unreachableTactic false`
warning: CGLMP5/SOSPhaseLinear15.lean:104:15: Unused tactic linter: `ring` does nothing

Note: This linter can be disabled with `set_option linter.unusedTactic false`
warning: CGLMP5/SOSPhaseLinear15.lean:104:15: this tactic is never executed

Note: This linter can be disabled with `set_option linter.unreachableTactic false`
warning: CGLMP5/SOSPhaseLinear15.lean:110:15: Unused tactic linter: `ring` does nothing

Note: This linter can be disabled with `set_option linter.unusedTactic false`
warning: CGLMP5/SOSPhaseLinear15.lean:110:15: this tactic is never executed

Note: This linter can be disabled with `set_option linter.unreachableTactic false`
warning: CGLMP5/SOSPhaseLinear15.lean:116:15: Unused tactic linter: `ring` does nothing

Note: This linter can be disabled with `set_option linter.unusedTactic false`
warning: CGLMP5/SOSPhaseLinear15.lean:116:15: this tactic is never executed

Note: This linter can be disabled with `set_option linter.unreachableTactic false`
warning: CGLMP5/SOSPhaseLinear15.lean:122:15: Unused tactic linter: `ring` does nothing

Note: This linter can be disabled with `set_option linter.unusedTactic false`
warning: CGLMP5/SOSPhaseLinear15.lean:122:15: this tactic is never executed

Note: This linter can be disabled with `set_option linter.unreachableTactic false`
warning: CGLMP5/SOSPhaseLinear15.lean:128:15: Unused tactic linter: `ring` does nothing

Note: This linter can be disabled with `set_option linter.unusedTactic false`
warning: CGLMP5/SOSPhaseLinear15.lean:128:15: this tactic is never executed

Note: This linter can be disabled with `set_option linter.unreachableTactic false`
warning: CGLMP5/SOSPhaseLinear15.lean:134:15: Unused tactic linter: `ring` does nothing

Note: This linter can be disabled with `set_option linter.unusedTactic false`
warning: CGLMP5/SOSPhaseLinear15.lean:134:15: this tactic is never executed

Note: This linter can be disabled with `set_option linter.unreachableTactic false`
warning: CGLMP5/SOSPhaseLinear15.lean:140:15: Unused tactic linter: `ring` does nothing

Note: This linter can be disabled with `set_option linter.unusedTactic false`
warning: CGLMP5/SOSPhaseLinear15.lean:140:15: this tactic is never executed

Note: This linter can be disabled with `set_option linter.unreachableTactic false`
warning: CGLMP5/SOSPhaseLinear15.lean:146:15: Unused tactic linter: `ring` does nothing

Note: This linter can be disabled with `set_option linter.unusedTactic false`
warning: CGLMP5/SOSPhaseLinear15.lean:146:15: this tactic is never executed

Note: This linter can be disabled with `set_option linter.unreachableTactic false`
warning: CGLMP5/SOSPhaseLinear15.lean:152:15: Unused tactic linter: `ring` does nothing

Note: This linter can be disabled with `set_option linter.unusedTactic false`
warning: CGLMP5/SOSPhaseLinear15.lean:152:15: this tactic is never executed

Note: This linter can be disabled with `set_option linter.unreachableTactic false`
⚠ [2438/2471] Replayed CGLMP5.SOSPhaseLinear01
warning: CGLMP5/SOSPhaseLinear01.lean:14:11: Used `tac1 <;> tac2` where `(tac1; tac2)` would suffice

Note: This linter can be disabled with `set_option linter.unnecessarySeqFocus false`
warning: CGLMP5/SOSPhaseLinear01.lean:20:11: Used `tac1 <;> tac2` where `(tac1; tac2)` would suffice

Note: This linter can be disabled with `set_option linter.unnecessarySeqFocus false`
warning: CGLMP5/SOSPhaseLinear01.lean:26:11: Used `tac1 <;> tac2` where `(tac1; tac2)` would suffice

Note: This linter can be disabled with `set_option linter.unnecessarySeqFocus false`
warning: CGLMP5/SOSPhaseLinear01.lean:32:11: Used `tac1 <;> tac2` where `(tac1; tac2)` would suffice

Note: This linter can be disabled with `set_option linter.unnecessarySeqFocus false`
warning: CGLMP5/SOSPhaseLinear01.lean:38:11: Used `tac1 <;> tac2` where `(tac1; tac2)` would suffice

Note: This linter can be disabled with `set_option linter.unnecessarySeqFocus false`
warning: CGLMP5/SOSPhaseLinear01.lean:44:11: Used `tac1 <;> tac2` where `(tac1; tac2)` would suffice

Note: This linter can be disabled with `set_option linter.unnecessarySeqFocus false`
warning: CGLMP5/SOSPhaseLinear01.lean:50:11: Used `tac1 <;> tac2` where `(tac1; tac2)` would suffice

Note: This linter can be disabled with `set_option linter.unnecessarySeqFocus false`
warning: CGLMP5/SOSPhaseLinear01.lean:56:11: Used `tac1 <;> tac2` where `(tac1; tac2)` would suffice

Note: This linter can be disabled with `set_option linter.unnecessarySeqFocus false`
warning: CGLMP5/SOSPhaseLinear01.lean:62:11: Used `tac1 <;> tac2` where `(tac1; tac2)` would suffice

Note: This linter can be disabled with `set_option linter.unnecessarySeqFocus false`
warning: CGLMP5/SOSPhaseLinear01.lean:68:11: Used `tac1 <;> tac2` where `(tac1; tac2)` would suffice

Note: This linter can be disabled with `set_option linter.unnecessarySeqFocus false`
warning: CGLMP5/SOSPhaseLinear01.lean:74:11: Used `tac1 <;> tac2` where `(tac1; tac2)` would suffice

Note: This linter can be disabled with `set_option linter.unnecessarySeqFocus false`
warning: CGLMP5/SOSPhaseLinear01.lean:80:11: Used `tac1 <;> tac2` where `(tac1; tac2)` would suffice

Note: This linter can be disabled with `set_option linter.unnecessarySeqFocus false`
warning: CGLMP5/SOSPhaseLinear01.lean:86:11: Used `tac1 <;> tac2` where `(tac1; tac2)` would suffice

Note: This linter can be disabled with `set_option linter.unnecessarySeqFocus false`
warning: CGLMP5/SOSPhaseLinear01.lean:92:11: Used `tac1 <;> tac2` where `(tac1; tac2)` would suffice

Note: This linter can be disabled with `set_option linter.unnecessarySeqFocus false`
warning: CGLMP5/SOSPhaseLinear01.lean:98:11: Used `tac1 <;> tac2` where `(tac1; tac2)` would suffice

Note: This linter can be disabled with `set_option linter.unnecessarySeqFocus false`
warning: CGLMP5/SOSPhaseLinear01.lean:104:11: Used `tac1 <;> tac2` where `(tac1; tac2)` would suffice

Note: This linter can be disabled with `set_option linter.unnecessarySeqFocus false`
warning: CGLMP5/SOSPhaseLinear01.lean:110:11: Used `tac1 <;> tac2` where `(tac1; tac2)` would suffice

Note: This linter can be disabled with `set_option linter.unnecessarySeqFocus false`
warning: CGLMP5/SOSPhaseLinear01.lean:116:11: Used `tac1 <;> tac2` where `(tac1; tac2)` would suffice

Note: This linter can be disabled with `set_option linter.unnecessarySeqFocus false`
warning: CGLMP5/SOSPhaseLinear01.lean:122:11: Used `tac1 <;> tac2` where `(tac1; tac2)` would suffice

Note: This linter can be disabled with `set_option linter.unnecessarySeqFocus false`
warning: CGLMP5/SOSPhaseLinear01.lean:128:11: Used `tac1 <;> tac2` where `(tac1; tac2)` would suffice

Note: This linter can be disabled with `set_option linter.unnecessarySeqFocus false`
warning: CGLMP5/SOSPhaseLinear01.lean:134:11: Used `tac1 <;> tac2` where `(tac1; tac2)` would suffice

Note: This linter can be disabled with `set_option linter.unnecessarySeqFocus false`
warning: CGLMP5/SOSPhaseLinear01.lean:140:11: Used `tac1 <;> tac2` where `(tac1; tac2)` would suffice

Note: This linter can be disabled with `set_option linter.unnecessarySeqFocus false`
warning: CGLMP5/SOSPhaseLinear01.lean:146:11: Used `tac1 <;> tac2` where `(tac1; tac2)` would suffice

Note: This linter can be disabled with `set_option linter.unnecessarySeqFocus false`
warning: CGLMP5/SOSPhaseLinear01.lean:152:11: Used `tac1 <;> tac2` where `(tac1; tac2)` would suffice

Note: This linter can be disabled with `set_option linter.unnecessarySeqFocus false`
⚠ [2439/2471] Replayed CGLMP5.SOSPhaseLinear05
warning: CGLMP5/SOSPhaseLinear05.lean:14:15: Unused tactic linter: `ring` does nothing

Note: This linter can be disabled with `set_option linter.unusedTactic false`
warning: CGLMP5/SOSPhaseLinear05.lean:14:15: this tactic is never executed

Note: This linter can be disabled with `set_option linter.unreachableTactic false`
warning: CGLMP5/SOSPhaseLinear05.lean:20:15: Unused tactic linter: `ring` does nothing

Note: This linter can be disabled with `set_option linter.unusedTactic false`
warning: CGLMP5/SOSPhaseLinear05.lean:20:15: this tactic is never executed

Note: This linter can be disabled with `set_option linter.unreachableTactic false`
warning: CGLMP5/SOSPhaseLinear05.lean:26:15: Unused tactic linter: `ring` does nothing

Note: This linter can be disabled with `set_option linter.unusedTactic false`
warning: CGLMP5/SOSPhaseLinear05.lean:26:15: this tactic is never executed

Note: This linter can be disabled with `set_option linter.unreachableTactic false`
warning: CGLMP5/SOSPhaseLinear05.lean:32:15: Unused tactic linter: `ring` does nothing

Note: This linter can be disabled with `set_option linter.unusedTactic false`
warning: CGLMP5/SOSPhaseLinear05.lean:32:15: this tactic is never executed

Note: This linter can be disabled with `set_option linter.unreachableTactic false`
warning: CGLMP5/SOSPhaseLinear05.lean:38:15: Unused tactic linter: `ring` does nothing

Note: This linter can be disabled with `set_option linter.unusedTactic false`
warning: CGLMP5/SOSPhaseLinear05.lean:38:15: this tactic is never executed

Note: This linter can be disabled with `set_option linter.unreachableTactic false`
warning: CGLMP5/SOSPhaseLinear05.lean:44:15: Unused tactic linter: `ring` does nothing

Note: This linter can be disabled with `set_option linter.unusedTactic false`
warning: CGLMP5/SOSPhaseLinear05.lean:44:15: this tactic is never executed

Note: This linter can be disabled with `set_option linter.unreachableTactic false`
warning: CGLMP5/SOSPhaseLinear05.lean:50:15: Unused tactic linter: `ring` does nothing

Note: This linter can be disabled with `set_option linter.unusedTactic false`
warning: CGLMP5/SOSPhaseLinear05.lean:50:15: this tactic is never executed

Note: This linter can be disabled with `set_option linter.unreachableTactic false`
warning: CGLMP5/SOSPhaseLinear05.lean:56:15: Unused tactic linter: `ring` does nothing

Note: This linter can be disabled with `set_option linter.unusedTactic false`
warning: CGLMP5/SOSPhaseLinear05.lean:56:15: this tactic is never executed

Note: This linter can be disabled with `set_option linter.unreachableTactic false`
warning: CGLMP5/SOSPhaseLinear05.lean:62:15: Unused tactic linter: `ring` does nothing

Note: This linter can be disabled with `set_option linter.unusedTactic false`
warning: CGLMP5/SOSPhaseLinear05.lean:62:15: this tactic is never executed

Note: This linter can be disabled with `set_option linter.unreachableTactic false`
warning: CGLMP5/SOSPhaseLinear05.lean:68:15: Unused tactic linter: `ring` does nothing

Note: This linter can be disabled with `set_option linter.unusedTactic false`
warning: CGLMP5/SOSPhaseLinear05.lean:68:15: this tactic is never executed

Note: This linter can be disabled with `set_option linter.unreachableTactic false`
warning: CGLMP5/SOSPhaseLinear05.lean:74:15: Unused tactic linter: `ring` does nothing

Note: This linter can be disabled with `set_option linter.unusedTactic false`
warning: CGLMP5/SOSPhaseLinear05.lean:74:15: this tactic is never executed

Note: This linter can be disabled with `set_option linter.unreachableTactic false`
warning: CGLMP5/SOSPhaseLinear05.lean:80:15: Unused tactic linter: `ring` does nothing

Note: This linter can be disabled with `set_option linter.unusedTactic false`
warning: CGLMP5/SOSPhaseLinear05.lean:80:15: this tactic is never executed

Note: This linter can be disabled with `set_option linter.unreachableTactic false`
warning: CGLMP5/SOSPhaseLinear05.lean:86:15: Unused tactic linter: `ring` does nothing

Note: This linter can be disabled with `set_option linter.unusedTactic false`
warning: CGLMP5/SOSPhaseLinear05.lean:86:15: this tactic is never executed

Note: This linter can be disabled with `set_option linter.unreachableTactic false`
warning: CGLMP5/SOSPhaseLinear05.lean:92:15: Unused tactic linter: `ring` does nothing

Note: This linter can be disabled with `set_option linter.unusedTactic false`
warning: CGLMP5/SOSPhaseLinear05.lean:92:15: this tactic is never executed

Note: This linter can be disabled with `set_option linter.unreachableTactic false`
warning: CGLMP5/SOSPhaseLinear05.lean:98:15: Unused tactic linter: `ring` does nothing

Note: This linter can be disabled with `set_option linter.unusedTactic false`
warning: CGLMP5/SOSPhaseLinear05.lean:98:15: this tactic is never executed

Note: This linter can be disabled with `set_option linter.unreachableTactic false`
warning: CGLMP5/SOSPhaseLinear05.lean:104:15: Unused tactic linter: `ring` does nothing

Note: This linter can be disabled with `set_option linter.unusedTactic false`
warning: CGLMP5/SOSPhaseLinear05.lean:104:15: this tactic is never executed

Note: This linter can be disabled with `set_option linter.unreachableTactic false`
warning: CGLMP5/SOSPhaseLinear05.lean:110:15: Unused tactic linter: `ring` does nothing

Note: This linter can be disabled with `set_option linter.unusedTactic false`
warning: CGLMP5/SOSPhaseLinear05.lean:110:15: this tactic is never executed

Note: This linter can be disabled with `set_option linter.unreachableTactic false`
warning: CGLMP5/SOSPhaseLinear05.lean:116:15: Unused tactic linter: `ring` does nothing

Note: This linter can be disabled with `set_option linter.unusedTactic false`
warning: CGLMP5/SOSPhaseLinear05.lean:116:15: this tactic is never executed

Note: This linter can be disabled with `set_option linter.unreachableTactic false`
warning: CGLMP5/SOSPhaseLinear05.lean:122:15: Unused tactic linter: `ring` does nothing

Note: This linter can be disabled with `set_option linter.unusedTactic false`
warning: CGLMP5/SOSPhaseLinear05.lean:122:15: this tactic is never executed

Note: This linter can be disabled with `set_option linter.unreachableTactic false`
warning: CGLMP5/SOSPhaseLinear05.lean:128:15: Unused tactic linter: `ring` does nothing

Note: This linter can be disabled with `set_option linter.unusedTactic false`
warning: CGLMP5/SOSPhaseLinear05.lean:128:15: this tactic is never executed

Note: This linter can be disabled with `set_option linter.unreachableTactic false`
warning: CGLMP5/SOSPhaseLinear05.lean:134:15: Unused tactic linter: `ring` does nothing

Note: This linter can be disabled with `set_option linter.unusedTactic false`
warning: CGLMP5/SOSPhaseLinear05.lean:134:15: this tactic is never executed

Note: This linter can be disabled with `set_option linter.unreachableTactic false`
warning: CGLMP5/SOSPhaseLinear05.lean:140:15: Unused tactic linter: `ring` does nothing

Note: This linter can be disabled with `set_option linter.unusedTactic false`
warning: CGLMP5/SOSPhaseLinear05.lean:140:15: this tactic is never executed

Note: This linter can be disabled with `set_option linter.unreachableTactic false`
warning: CGLMP5/SOSPhaseLinear05.lean:146:15: Unused tactic linter: `ring` does nothing

Note: This linter can be disabled with `set_option linter.unusedTactic false`
warning: CGLMP5/SOSPhaseLinear05.lean:146:15: this tactic is never executed

Note: This linter can be disabled with `set_option linter.unreachableTactic false`
warning: CGLMP5/SOSPhaseLinear05.lean:152:15: Unused tactic linter: `ring` does nothing

Note: This linter can be disabled with `set_option linter.unusedTactic false`
warning: CGLMP5/SOSPhaseLinear05.lean:152:15: this tactic is never executed

Note: This linter can be disabled with `set_option linter.unreachableTactic false`
⚠ [2440/2471] Replayed CGLMP5.SOSPhaseLinear06
warning: CGLMP5/SOSPhaseLinear06.lean:14:11: Used `tac1 <;> tac2` where `(tac1; tac2)` would suffice

Note: This linter can be disabled with `set_option linter.unnecessarySeqFocus false`
warning: CGLMP5/SOSPhaseLinear06.lean:20:11: Used `tac1 <;> tac2` where `(tac1; tac2)` would suffice

Note: This linter can be disabled with `set_option linter.unnecessarySeqFocus false`
warning: CGLMP5/SOSPhaseLinear06.lean:26:11: Used `tac1 <;> tac2` where `(tac1; tac2)` would suffice

Note: This linter can be disabled with `set_option linter.unnecessarySeqFocus false`
warning: CGLMP5/SOSPhaseLinear06.lean:32:11: Used `tac1 <;> tac2` where `(tac1; tac2)` would suffice

Note: This linter can be disabled with `set_option linter.unnecessarySeqFocus false`
warning: CGLMP5/SOSPhaseLinear06.lean:38:11: Used `tac1 <;> tac2` where `(tac1; tac2)` would suffice

Note: This linter can be disabled with `set_option linter.unnecessarySeqFocus false`
warning: CGLMP5/SOSPhaseLinear06.lean:44:11: Used `tac1 <;> tac2` where `(tac1; tac2)` would suffice

Note: This linter can be disabled with `set_option linter.unnecessarySeqFocus false`
warning: CGLMP5/SOSPhaseLinear06.lean:50:11: Used `tac1 <;> tac2` where `(tac1; tac2)` would suffice

Note: This linter can be disabled with `set_option linter.unnecessarySeqFocus false`
warning: CGLMP5/SOSPhaseLinear06.lean:56:11: Used `tac1 <;> tac2` where `(tac1; tac2)` would suffice

Note: This linter can be disabled with `set_option linter.unnecessarySeqFocus false`
warning: CGLMP5/SOSPhaseLinear06.lean:62:11: Used `tac1 <;> tac2` where `(tac1; tac2)` would suffice

Note: This linter can be disabled with `set_option linter.unnecessarySeqFocus false`
warning: CGLMP5/SOSPhaseLinear06.lean:68:11: Used `tac1 <;> tac2` where `(tac1; tac2)` would suffice

Note: This linter can be disabled with `set_option linter.unnecessarySeqFocus false`
warning: CGLMP5/SOSPhaseLinear06.lean:74:11: Used `tac1 <;> tac2` where `(tac1; tac2)` would suffice

Note: This linter can be disabled with `set_option linter.unnecessarySeqFocus false`
warning: CGLMP5/SOSPhaseLinear06.lean:80:11: Used `tac1 <;> tac2` where `(tac1; tac2)` would suffice

Note: This linter can be disabled with `set_option linter.unnecessarySeqFocus false`
warning: CGLMP5/SOSPhaseLinear06.lean:86:11: Used `tac1 <;> tac2` where `(tac1; tac2)` would suffice

Note: This linter can be disabled with `set_option linter.unnecessarySeqFocus false`
warning: CGLMP5/SOSPhaseLinear06.lean:92:11: Used `tac1 <;> tac2` where `(tac1; tac2)` would suffice

Note: This linter can be disabled with `set_option linter.unnecessarySeqFocus false`
warning: CGLMP5/SOSPhaseLinear06.lean:98:11: Used `tac1 <;> tac2` where `(tac1; tac2)` would suffice

Note: This linter can be disabled with `set_option linter.unnecessarySeqFocus false`
warning: CGLMP5/SOSPhaseLinear06.lean:104:11: Used `tac1 <;> tac2` where `(tac1; tac2)` would suffice

Note: This linter can be disabled with `set_option linter.unnecessarySeqFocus false`
warning: CGLMP5/SOSPhaseLinear06.lean:110:11: Used `tac1 <;> tac2` where `(tac1; tac2)` would suffice

Note: This linter can be disabled with `set_option linter.unnecessarySeqFocus false`
warning: CGLMP5/SOSPhaseLinear06.lean:116:11: Used `tac1 <;> tac2` where `(tac1; tac2)` would suffice

Note: This linter can be disabled with `set_option linter.unnecessarySeqFocus false`
warning: CGLMP5/SOSPhaseLinear06.lean:122:11: Used `tac1 <;> tac2` where `(tac1; tac2)` would suffice

Note: This linter can be disabled with `set_option linter.unnecessarySeqFocus false`
warning: CGLMP5/SOSPhaseLinear06.lean:128:11: Used `tac1 <;> tac2` where `(tac1; tac2)` would suffice

Note: This linter can be disabled with `set_option linter.unnecessarySeqFocus false`
warning: CGLMP5/SOSPhaseLinear06.lean:134:11: Used `tac1 <;> tac2` where `(tac1; tac2)` would suffice

Note: This linter can be disabled with `set_option linter.unnecessarySeqFocus false`
warning: CGLMP5/SOSPhaseLinear06.lean:140:11: Used `tac1 <;> tac2` where `(tac1; tac2)` would suffice

Note: This linter can be disabled with `set_option linter.unnecessarySeqFocus false`
warning: CGLMP5/SOSPhaseLinear06.lean:146:11: Used `tac1 <;> tac2` where `(tac1; tac2)` would suffice

Note: This linter can be disabled with `set_option linter.unnecessarySeqFocus false`
warning: CGLMP5/SOSPhaseLinear06.lean:152:11: Used `tac1 <;> tac2` where `(tac1; tac2)` would suffice

Note: This linter can be disabled with `set_option linter.unnecessarySeqFocus false`
⚠ [2441/2471] Replayed CGLMP5.SOSPhaseLinear13
warning: CGLMP5/SOSPhaseLinear13.lean:14:11: Used `tac1 <;> tac2` where `(tac1; tac2)` would suffice

Note: This linter can be disabled with `set_option linter.unnecessarySeqFocus false`
warning: CGLMP5/SOSPhaseLinear13.lean:20:11: Used `tac1 <;> tac2` where `(tac1; tac2)` would suffice

Note: This linter can be disabled with `set_option linter.unnecessarySeqFocus false`
warning: CGLMP5/SOSPhaseLinear13.lean:26:11: Used `tac1 <;> tac2` where `(tac1; tac2)` would suffice

Note: This linter can be disabled with `set_option linter.unnecessarySeqFocus false`
warning: CGLMP5/SOSPhaseLinear13.lean:32:11: Used `tac1 <;> tac2` where `(tac1; tac2)` would suffice

Note: This linter can be disabled with `set_option linter.unnecessarySeqFocus false`
warning: CGLMP5/SOSPhaseLinear13.lean:38:11: Used `tac1 <;> tac2` where `(tac1; tac2)` would suffice

Note: This linter can be disabled with `set_option linter.unnecessarySeqFocus false`
warning: CGLMP5/SOSPhaseLinear13.lean:44:11: Used `tac1 <;> tac2` where `(tac1; tac2)` would suffice

Note: This linter can be disabled with `set_option linter.unnecessarySeqFocus false`
warning: CGLMP5/SOSPhaseLinear13.lean:50:11: Used `tac1 <;> tac2` where `(tac1; tac2)` would suffice

Note: This linter can be disabled with `set_option linter.unnecessarySeqFocus false`
warning: CGLMP5/SOSPhaseLinear13.lean:56:11: Used `tac1 <;> tac2` where `(tac1; tac2)` would suffice

Note: This linter can be disabled with `set_option linter.unnecessarySeqFocus false`
warning: CGLMP5/SOSPhaseLinear13.lean:62:11: Used `tac1 <;> tac2` where `(tac1; tac2)` would suffice

Note: This linter can be disabled with `set_option linter.unnecessarySeqFocus false`
warning: CGLMP5/SOSPhaseLinear13.lean:68:11: Used `tac1 <;> tac2` where `(tac1; tac2)` would suffice

Note: This linter can be disabled with `set_option linter.unnecessarySeqFocus false`
warning: CGLMP5/SOSPhaseLinear13.lean:74:11: Used `tac1 <;> tac2` where `(tac1; tac2)` would suffice

Note: This linter can be disabled with `set_option linter.unnecessarySeqFocus false`
warning: CGLMP5/SOSPhaseLinear13.lean:80:11: Used `tac1 <;> tac2` where `(tac1; tac2)` would suffice

Note: This linter can be disabled with `set_option linter.unnecessarySeqFocus false`
warning: CGLMP5/SOSPhaseLinear13.lean:86:11: Used `tac1 <;> tac2` where `(tac1; tac2)` would suffice

Note: This linter can be disabled with `set_option linter.unnecessarySeqFocus false`
warning: CGLMP5/SOSPhaseLinear13.lean:92:11: Used `tac1 <;> tac2` where `(tac1; tac2)` would suffice

Note: This linter can be disabled with `set_option linter.unnecessarySeqFocus false`
warning: CGLMP5/SOSPhaseLinear13.lean:98:11: Used `tac1 <;> tac2` where `(tac1; tac2)` would suffice

Note: This linter can be disabled with `set_option linter.unnecessarySeqFocus false`
warning: CGLMP5/SOSPhaseLinear13.lean:104:11: Used `tac1 <;> tac2` where `(tac1; tac2)` would suffice

Note: This linter can be disabled with `set_option linter.unnecessarySeqFocus false`
warning: CGLMP5/SOSPhaseLinear13.lean:110:11: Used `tac1 <;> tac2` where `(tac1; tac2)` would suffice

Note: This linter can be disabled with `set_option linter.unnecessarySeqFocus false`
warning: CGLMP5/SOSPhaseLinear13.lean:116:11: Used `tac1 <;> tac2` where `(tac1; tac2)` would suffice

Note: This linter can be disabled with `set_option linter.unnecessarySeqFocus false`
warning: CGLMP5/SOSPhaseLinear13.lean:122:11: Used `tac1 <;> tac2` where `(tac1; tac2)` would suffice

Note: This linter can be disabled with `set_option linter.unnecessarySeqFocus false`
warning: CGLMP5/SOSPhaseLinear13.lean:128:11: Used `tac1 <;> tac2` where `(tac1; tac2)` would suffice

Note: This linter can be disabled with `set_option linter.unnecessarySeqFocus false`
warning: CGLMP5/SOSPhaseLinear13.lean:134:11: Used `tac1 <;> tac2` where `(tac1; tac2)` would suffice

Note: This linter can be disabled with `set_option linter.unnecessarySeqFocus false`
warning: CGLMP5/SOSPhaseLinear13.lean:140:11: Used `tac1 <;> tac2` where `(tac1; tac2)` would suffice

Note: This linter can be disabled with `set_option linter.unnecessarySeqFocus false`
warning: CGLMP5/SOSPhaseLinear13.lean:146:11: Used `tac1 <;> tac2` where `(tac1; tac2)` would suffice

Note: This linter can be disabled with `set_option linter.unnecessarySeqFocus false`
warning: CGLMP5/SOSPhaseLinear13.lean:152:11: Used `tac1 <;> tac2` where `(tac1; tac2)` would suffice

Note: This linter can be disabled with `set_option linter.unnecessarySeqFocus false`
⚠ [2442/2471] Replayed CGLMP5.SOSPhaseLinear16
warning: CGLMP5/SOSPhaseLinear16.lean:14:11: Used `tac1 <;> tac2` where `(tac1; tac2)` would suffice

Note: This linter can be disabled with `set_option linter.unnecessarySeqFocus false`
warning: CGLMP5/SOSPhaseLinear16.lean:20:11: Used `tac1 <;> tac2` where `(tac1; tac2)` would suffice

Note: This linter can be disabled with `set_option linter.unnecessarySeqFocus false`
warning: CGLMP5/SOSPhaseLinear16.lean:26:11: Used `tac1 <;> tac2` where `(tac1; tac2)` would suffice

Note: This linter can be disabled with `set_option linter.unnecessarySeqFocus false`
warning: CGLMP5/SOSPhaseLinear16.lean:32:11: Used `tac1 <;> tac2` where `(tac1; tac2)` would suffice

Note: This linter can be disabled with `set_option linter.unnecessarySeqFocus false`
warning: CGLMP5/SOSPhaseLinear16.lean:38:11: Used `tac1 <;> tac2` where `(tac1; tac2)` would suffice

Note: This linter can be disabled with `set_option linter.unnecessarySeqFocus false`
warning: CGLMP5/SOSPhaseLinear16.lean:44:11: Used `tac1 <;> tac2` where `(tac1; tac2)` would suffice

Note: This linter can be disabled with `set_option linter.unnecessarySeqFocus false`
warning: CGLMP5/SOSPhaseLinear16.lean:50:11: Used `tac1 <;> tac2` where `(tac1; tac2)` would suffice

Note: This linter can be disabled with `set_option linter.unnecessarySeqFocus false`
warning: CGLMP5/SOSPhaseLinear16.lean:56:11: Used `tac1 <;> tac2` where `(tac1; tac2)` would suffice

Note: This linter can be disabled with `set_option linter.unnecessarySeqFocus false`
warning: CGLMP5/SOSPhaseLinear16.lean:62:11: Used `tac1 <;> tac2` where `(tac1; tac2)` would suffice

Note: This linter can be disabled with `set_option linter.unnecessarySeqFocus false`
warning: CGLMP5/SOSPhaseLinear16.lean:68:11: Used `tac1 <;> tac2` where `(tac1; tac2)` would suffice

Note: This linter can be disabled with `set_option linter.unnecessarySeqFocus false`
warning: CGLMP5/SOSPhaseLinear16.lean:74:11: Used `tac1 <;> tac2` where `(tac1; tac2)` would suffice

Note: This linter can be disabled with `set_option linter.unnecessarySeqFocus false`
warning: CGLMP5/SOSPhaseLinear16.lean:80:11: Used `tac1 <;> tac2` where `(tac1; tac2)` would suffice

Note: This linter can be disabled with `set_option linter.unnecessarySeqFocus false`
warning: CGLMP5/SOSPhaseLinear16.lean:86:11: Used `tac1 <;> tac2` where `(tac1; tac2)` would suffice

Note: This linter can be disabled with `set_option linter.unnecessarySeqFocus false`
warning: CGLMP5/SOSPhaseLinear16.lean:92:11: Used `tac1 <;> tac2` where `(tac1; tac2)` would suffice

Note: This linter can be disabled with `set_option linter.unnecessarySeqFocus false`
warning: CGLMP5/SOSPhaseLinear16.lean:98:11: Used `tac1 <;> tac2` where `(tac1; tac2)` would suffice

Note: This linter can be disabled with `set_option linter.unnecessarySeqFocus false`
warning: CGLMP5/SOSPhaseLinear16.lean:104:11: Used `tac1 <;> tac2` where `(tac1; tac2)` would suffice

Note: This linter can be disabled with `set_option linter.unnecessarySeqFocus false`
warning: CGLMP5/SOSPhaseLinear16.lean:110:11: Used `tac1 <;> tac2` where `(tac1; tac2)` would suffice

Note: This linter can be disabled with `set_option linter.unnecessarySeqFocus false`
warning: CGLMP5/SOSPhaseLinear16.lean:116:11: Used `tac1 <;> tac2` where `(tac1; tac2)` would suffice

Note: This linter can be disabled with `set_option linter.unnecessarySeqFocus false`
warning: CGLMP5/SOSPhaseLinear16.lean:122:11: Used `tac1 <;> tac2` where `(tac1; tac2)` would suffice

Note: This linter can be disabled with `set_option linter.unnecessarySeqFocus false`
warning: CGLMP5/SOSPhaseLinear16.lean:128:11: Used `tac1 <;> tac2` where `(tac1; tac2)` would suffice

Note: This linter can be disabled with `set_option linter.unnecessarySeqFocus false`
warning: CGLMP5/SOSPhaseLinear16.lean:134:11: Used `tac1 <;> tac2` where `(tac1; tac2)` would suffice

Note: This linter can be disabled with `set_option linter.unnecessarySeqFocus false`
warning: CGLMP5/SOSPhaseLinear16.lean:140:11: Used `tac1 <;> tac2` where `(tac1; tac2)` would suffice

Note: This linter can be disabled with `set_option linter.unnecessarySeqFocus false`
warning: CGLMP5/SOSPhaseLinear16.lean:146:11: Used `tac1 <;> tac2` where `(tac1; tac2)` would suffice

Note: This linter can be disabled with `set_option linter.unnecessarySeqFocus false`
warning: CGLMP5/SOSPhaseLinear16.lean:152:11: Used `tac1 <;> tac2` where `(tac1; tac2)` would suffice

Note: This linter can be disabled with `set_option linter.unnecessarySeqFocus false`
⚠ [2443/2471] Replayed CGLMP5.SOSPhaseLinear17
warning: CGLMP5/SOSPhaseLinear17.lean:14:11: Used `tac1 <;> tac2` where `(tac1; tac2)` would suffice

Note: This linter can be disabled with `set_option linter.unnecessarySeqFocus false`
warning: CGLMP5/SOSPhaseLinear17.lean:20:11: Used `tac1 <;> tac2` where `(tac1; tac2)` would suffice

Note: This linter can be disabled with `set_option linter.unnecessarySeqFocus false`
warning: CGLMP5/SOSPhaseLinear17.lean:26:11: Used `tac1 <;> tac2` where `(tac1; tac2)` would suffice

Note: This linter can be disabled with `set_option linter.unnecessarySeqFocus false`
warning: CGLMP5/SOSPhaseLinear17.lean:32:11: Used `tac1 <;> tac2` where `(tac1; tac2)` would suffice

Note: This linter can be disabled with `set_option linter.unnecessarySeqFocus false`
warning: CGLMP5/SOSPhaseLinear17.lean:38:11: Used `tac1 <;> tac2` where `(tac1; tac2)` would suffice

Note: This linter can be disabled with `set_option linter.unnecessarySeqFocus false`
warning: CGLMP5/SOSPhaseLinear17.lean:44:11: Used `tac1 <;> tac2` where `(tac1; tac2)` would suffice

Note: This linter can be disabled with `set_option linter.unnecessarySeqFocus false`
warning: CGLMP5/SOSPhaseLinear17.lean:50:11: Used `tac1 <;> tac2` where `(tac1; tac2)` would suffice

Note: This linter can be disabled with `set_option linter.unnecessarySeqFocus false`
warning: CGLMP5/SOSPhaseLinear17.lean:56:11: Used `tac1 <;> tac2` where `(tac1; tac2)` would suffice

Note: This linter can be disabled with `set_option linter.unnecessarySeqFocus false`
warning: CGLMP5/SOSPhaseLinear17.lean:62:11: Used `tac1 <;> tac2` where `(tac1; tac2)` would suffice

Note: This linter can be disabled with `set_option linter.unnecessarySeqFocus false`
warning: CGLMP5/SOSPhaseLinear17.lean:68:11: Used `tac1 <;> tac2` where `(tac1; tac2)` would suffice

Note: This linter can be disabled with `set_option linter.unnecessarySeqFocus false`
warning: CGLMP5/SOSPhaseLinear17.lean:74:11: Used `tac1 <;> tac2` where `(tac1; tac2)` would suffice

Note: This linter can be disabled with `set_option linter.unnecessarySeqFocus false`
warning: CGLMP5/SOSPhaseLinear17.lean:80:11: Used `tac1 <;> tac2` where `(tac1; tac2)` would suffice

Note: This linter can be disabled with `set_option linter.unnecessarySeqFocus false`
warning: CGLMP5/SOSPhaseLinear17.lean:86:11: Used `tac1 <;> tac2` where `(tac1; tac2)` would suffice

Note: This linter can be disabled with `set_option linter.unnecessarySeqFocus false`
warning: CGLMP5/SOSPhaseLinear17.lean:92:11: Used `tac1 <;> tac2` where `(tac1; tac2)` would suffice

Note: This linter can be disabled with `set_option linter.unnecessarySeqFocus false`
warning: CGLMP5/SOSPhaseLinear17.lean:98:11: Used `tac1 <;> tac2` where `(tac1; tac2)` would suffice

Note: This linter can be disabled with `set_option linter.unnecessarySeqFocus false`
warning: CGLMP5/SOSPhaseLinear17.lean:104:11: Used `tac1 <;> tac2` where `(tac1; tac2)` would suffice

Note: This linter can be disabled with `set_option linter.unnecessarySeqFocus false`
warning: CGLMP5/SOSPhaseLinear17.lean:110:11: Used `tac1 <;> tac2` where `(tac1; tac2)` would suffice

Note: This linter can be disabled with `set_option linter.unnecessarySeqFocus false`
warning: CGLMP5/SOSPhaseLinear17.lean:116:11: Used `tac1 <;> tac2` where `(tac1; tac2)` would suffice

Note: This linter can be disabled with `set_option linter.unnecessarySeqFocus false`
warning: CGLMP5/SOSPhaseLinear17.lean:122:11: Used `tac1 <;> tac2` where `(tac1; tac2)` would suffice

Note: This linter can be disabled with `set_option linter.unnecessarySeqFocus false`
warning: CGLMP5/SOSPhaseLinear17.lean:128:11: Used `tac1 <;> tac2` where `(tac1; tac2)` would suffice

Note: This linter can be disabled with `set_option linter.unnecessarySeqFocus false`
warning: CGLMP5/SOSPhaseLinear17.lean:134:11: Used `tac1 <;> tac2` where `(tac1; tac2)` would suffice

Note: This linter can be disabled with `set_option linter.unnecessarySeqFocus false`
warning: CGLMP5/SOSPhaseLinear17.lean:140:11: Used `tac1 <;> tac2` where `(tac1; tac2)` would suffice

Note: This linter can be disabled with `set_option linter.unnecessarySeqFocus false`
warning: CGLMP5/SOSPhaseLinear17.lean:146:11: Used `tac1 <;> tac2` where `(tac1; tac2)` would suffice

Note: This linter can be disabled with `set_option linter.unnecessarySeqFocus false`
warning: CGLMP5/SOSPhaseLinear17.lean:152:11: Used `tac1 <;> tac2` where `(tac1; tac2)` would suffice

Note: This linter can be disabled with `set_option linter.unnecessarySeqFocus false`
⚠ [2444/2471] Replayed CGLMP5.SOSPhaseLinear18
warning: CGLMP5/SOSPhaseLinear18.lean:14:11: Used `tac1 <;> tac2` where `(tac1; tac2)` would suffice

Note: This linter can be disabled with `set_option linter.unnecessarySeqFocus false`
warning: CGLMP5/SOSPhaseLinear18.lean:20:11: Used `tac1 <;> tac2` where `(tac1; tac2)` would suffice

Note: This linter can be disabled with `set_option linter.unnecessarySeqFocus false`
warning: CGLMP5/SOSPhaseLinear18.lean:26:11: Used `tac1 <;> tac2` where `(tac1; tac2)` would suffice

Note: This linter can be disabled with `set_option linter.unnecessarySeqFocus false`
warning: CGLMP5/SOSPhaseLinear18.lean:32:11: Used `tac1 <;> tac2` where `(tac1; tac2)` would suffice

Note: This linter can be disabled with `set_option linter.unnecessarySeqFocus false`
warning: CGLMP5/SOSPhaseLinear18.lean:38:11: Used `tac1 <;> tac2` where `(tac1; tac2)` would suffice

Note: This linter can be disabled with `set_option linter.unnecessarySeqFocus false`
warning: CGLMP5/SOSPhaseLinear18.lean:44:11: Used `tac1 <;> tac2` where `(tac1; tac2)` would suffice

Note: This linter can be disabled with `set_option linter.unnecessarySeqFocus false`
warning: CGLMP5/SOSPhaseLinear18.lean:50:11: Used `tac1 <;> tac2` where `(tac1; tac2)` would suffice

Note: This linter can be disabled with `set_option linter.unnecessarySeqFocus false`
warning: CGLMP5/SOSPhaseLinear18.lean:56:11: Used `tac1 <;> tac2` where `(tac1; tac2)` would suffice

Note: This linter can be disabled with `set_option linter.unnecessarySeqFocus false`
warning: CGLMP5/SOSPhaseLinear18.lean:62:11: Used `tac1 <;> tac2` where `(tac1; tac2)` would suffice

Note: This linter can be disabled with `set_option linter.unnecessarySeqFocus false`
warning: CGLMP5/SOSPhaseLinear18.lean:68:11: Used `tac1 <;> tac2` where `(tac1; tac2)` would suffice

Note: This linter can be disabled with `set_option linter.unnecessarySeqFocus false`
warning: CGLMP5/SOSPhaseLinear18.lean:74:11: Used `tac1 <;> tac2` where `(tac1; tac2)` would suffice

Note: This linter can be disabled with `set_option linter.unnecessarySeqFocus false`
warning: CGLMP5/SOSPhaseLinear18.lean:80:11: Used `tac1 <;> tac2` where `(tac1; tac2)` would suffice

Note: This linter can be disabled with `set_option linter.unnecessarySeqFocus false`
warning: CGLMP5/SOSPhaseLinear18.lean:86:11: Used `tac1 <;> tac2` where `(tac1; tac2)` would suffice

Note: This linter can be disabled with `set_option linter.unnecessarySeqFocus false`
warning: CGLMP5/SOSPhaseLinear18.lean:92:11: Used `tac1 <;> tac2` where `(tac1; tac2)` would suffice

Note: This linter can be disabled with `set_option linter.unnecessarySeqFocus false`
warning: CGLMP5/SOSPhaseLinear18.lean:98:11: Used `tac1 <;> tac2` where `(tac1; tac2)` would suffice

Note: This linter can be disabled with `set_option linter.unnecessarySeqFocus false`
warning: CGLMP5/SOSPhaseLinear18.lean:104:11: Used `tac1 <;> tac2` where `(tac1; tac2)` would suffice

Note: This linter can be disabled with `set_option linter.unnecessarySeqFocus false`
warning: CGLMP5/SOSPhaseLinear18.lean:110:11: Used `tac1 <;> tac2` where `(tac1; tac2)` would suffice

Note: This linter can be disabled with `set_option linter.unnecessarySeqFocus false`
warning: CGLMP5/SOSPhaseLinear18.lean:116:11: Used `tac1 <;> tac2` where `(tac1; tac2)` would suffice

Note: This linter can be disabled with `set_option linter.unnecessarySeqFocus false`
warning: CGLMP5/SOSPhaseLinear18.lean:122:11: Used `tac1 <;> tac2` where `(tac1; tac2)` would suffice

Note: This linter can be disabled with `set_option linter.unnecessarySeqFocus false`
warning: CGLMP5/SOSPhaseLinear18.lean:128:11: Used `tac1 <;> tac2` where `(tac1; tac2)` would suffice

Note: This linter can be disabled with `set_option linter.unnecessarySeqFocus false`
warning: CGLMP5/SOSPhaseLinear18.lean:134:11: Used `tac1 <;> tac2` where `(tac1; tac2)` would suffice

Note: This linter can be disabled with `set_option linter.unnecessarySeqFocus false`
warning: CGLMP5/SOSPhaseLinear18.lean:140:11: Used `tac1 <;> tac2` where `(tac1; tac2)` would suffice

Note: This linter can be disabled with `set_option linter.unnecessarySeqFocus false`
warning: CGLMP5/SOSPhaseLinear18.lean:146:11: Used `tac1 <;> tac2` where `(tac1; tac2)` would suffice

Note: This linter can be disabled with `set_option linter.unnecessarySeqFocus false`
warning: CGLMP5/SOSPhaseLinear18.lean:152:11: Used `tac1 <;> tac2` where `(tac1; tac2)` would suffice

Note: This linter can be disabled with `set_option linter.unnecessarySeqFocus false`
⚠ [2446/2471] Replayed CGLMP5.SOSPhaseLinear03
warning: CGLMP5/SOSPhaseLinear03.lean:14:11: Used `tac1 <;> tac2` where `(tac1; tac2)` would suffice

Note: This linter can be disabled with `set_option linter.unnecessarySeqFocus false`
warning: CGLMP5/SOSPhaseLinear03.lean:20:11: Used `tac1 <;> tac2` where `(tac1; tac2)` would suffice

Note: This linter can be disabled with `set_option linter.unnecessarySeqFocus false`
warning: CGLMP5/SOSPhaseLinear03.lean:26:11: Used `tac1 <;> tac2` where `(tac1; tac2)` would suffice

Note: This linter can be disabled with `set_option linter.unnecessarySeqFocus false`
warning: CGLMP5/SOSPhaseLinear03.lean:32:11: Used `tac1 <;> tac2` where `(tac1; tac2)` would suffice

Note: This linter can be disabled with `set_option linter.unnecessarySeqFocus false`
warning: CGLMP5/SOSPhaseLinear03.lean:38:11: Used `tac1 <;> tac2` where `(tac1; tac2)` would suffice

Note: This linter can be disabled with `set_option linter.unnecessarySeqFocus false`
warning: CGLMP5/SOSPhaseLinear03.lean:44:11: Used `tac1 <;> tac2` where `(tac1; tac2)` would suffice

Note: This linter can be disabled with `set_option linter.unnecessarySeqFocus false`
warning: CGLMP5/SOSPhaseLinear03.lean:50:11: Used `tac1 <;> tac2` where `(tac1; tac2)` would suffice

Note: This linter can be disabled with `set_option linter.unnecessarySeqFocus false`
warning: CGLMP5/SOSPhaseLinear03.lean:56:11: Used `tac1 <;> tac2` where `(tac1; tac2)` would suffice

Note: This linter can be disabled with `set_option linter.unnecessarySeqFocus false`
warning: CGLMP5/SOSPhaseLinear03.lean:62:11: Used `tac1 <;> tac2` where `(tac1; tac2)` would suffice

Note: This linter can be disabled with `set_option linter.unnecessarySeqFocus false`
warning: CGLMP5/SOSPhaseLinear03.lean:68:11: Used `tac1 <;> tac2` where `(tac1; tac2)` would suffice

Note: This linter can be disabled with `set_option linter.unnecessarySeqFocus false`
warning: CGLMP5/SOSPhaseLinear03.lean:74:11: Used `tac1 <;> tac2` where `(tac1; tac2)` would suffice

Note: This linter can be disabled with `set_option linter.unnecessarySeqFocus false`
warning: CGLMP5/SOSPhaseLinear03.lean:80:11: Used `tac1 <;> tac2` where `(tac1; tac2)` would suffice

Note: This linter can be disabled with `set_option linter.unnecessarySeqFocus false`
warning: CGLMP5/SOSPhaseLinear03.lean:86:11: Used `tac1 <;> tac2` where `(tac1; tac2)` would suffice

Note: This linter can be disabled with `set_option linter.unnecessarySeqFocus false`
warning: CGLMP5/SOSPhaseLinear03.lean:92:11: Used `tac1 <;> tac2` where `(tac1; tac2)` would suffice

Note: This linter can be disabled with `set_option linter.unnecessarySeqFocus false`
warning: CGLMP5/SOSPhaseLinear03.lean:98:11: Used `tac1 <;> tac2` where `(tac1; tac2)` would suffice

Note: This linter can be disabled with `set_option linter.unnecessarySeqFocus false`
warning: CGLMP5/SOSPhaseLinear03.lean:104:11: Used `tac1 <;> tac2` where `(tac1; tac2)` would suffice

Note: This linter can be disabled with `set_option linter.unnecessarySeqFocus false`
warning: CGLMP5/SOSPhaseLinear03.lean:110:11: Used `tac1 <;> tac2` where `(tac1; tac2)` would suffice

Note: This linter can be disabled with `set_option linter.unnecessarySeqFocus false`
warning: CGLMP5/SOSPhaseLinear03.lean:116:11: Used `tac1 <;> tac2` where `(tac1; tac2)` would suffice

Note: This linter can be disabled with `set_option linter.unnecessarySeqFocus false`
warning: CGLMP5/SOSPhaseLinear03.lean:122:11: Used `tac1 <;> tac2` where `(tac1; tac2)` would suffice

Note: This linter can be disabled with `set_option linter.unnecessarySeqFocus false`
warning: CGLMP5/SOSPhaseLinear03.lean:128:11: Used `tac1 <;> tac2` where `(tac1; tac2)` would suffice

Note: This linter can be disabled with `set_option linter.unnecessarySeqFocus false`
warning: CGLMP5/SOSPhaseLinear03.lean:134:11: Used `tac1 <;> tac2` where `(tac1; tac2)` would suffice

Note: This linter can be disabled with `set_option linter.unnecessarySeqFocus false`
warning: CGLMP5/SOSPhaseLinear03.lean:140:11: Used `tac1 <;> tac2` where `(tac1; tac2)` would suffice

Note: This linter can be disabled with `set_option linter.unnecessarySeqFocus false`
warning: CGLMP5/SOSPhaseLinear03.lean:146:11: Used `tac1 <;> tac2` where `(tac1; tac2)` would suffice

Note: This linter can be disabled with `set_option linter.unnecessarySeqFocus false`
warning: CGLMP5/SOSPhaseLinear03.lean:152:11: Used `tac1 <;> tac2` where `(tac1; tac2)` would suffice

Note: This linter can be disabled with `set_option linter.unnecessarySeqFocus false`
⚠ [2447/2471] Replayed CGLMP5.SOSPhaseLinear08
warning: CGLMP5/SOSPhaseLinear08.lean:14:11: Used `tac1 <;> tac2` where `(tac1; tac2)` would suffice

Note: This linter can be disabled with `set_option linter.unnecessarySeqFocus false`
warning: CGLMP5/SOSPhaseLinear08.lean:20:11: Used `tac1 <;> tac2` where `(tac1; tac2)` would suffice

Note: This linter can be disabled with `set_option linter.unnecessarySeqFocus false`
warning: CGLMP5/SOSPhaseLinear08.lean:26:11: Used `tac1 <;> tac2` where `(tac1; tac2)` would suffice

Note: This linter can be disabled with `set_option linter.unnecessarySeqFocus false`
warning: CGLMP5/SOSPhaseLinear08.lean:32:11: Used `tac1 <;> tac2` where `(tac1; tac2)` would suffice

Note: This linter can be disabled with `set_option linter.unnecessarySeqFocus false`
warning: CGLMP5/SOSPhaseLinear08.lean:38:11: Used `tac1 <;> tac2` where `(tac1; tac2)` would suffice

Note: This linter can be disabled with `set_option linter.unnecessarySeqFocus false`
warning: CGLMP5/SOSPhaseLinear08.lean:44:11: Used `tac1 <;> tac2` where `(tac1; tac2)` would suffice

Note: This linter can be disabled with `set_option linter.unnecessarySeqFocus false`
warning: CGLMP5/SOSPhaseLinear08.lean:50:11: Used `tac1 <;> tac2` where `(tac1; tac2)` would suffice

Note: This linter can be disabled with `set_option linter.unnecessarySeqFocus false`
warning: CGLMP5/SOSPhaseLinear08.lean:56:11: Used `tac1 <;> tac2` where `(tac1; tac2)` would suffice

Note: This linter can be disabled with `set_option linter.unnecessarySeqFocus false`
warning: CGLMP5/SOSPhaseLinear08.lean:62:11: Used `tac1 <;> tac2` where `(tac1; tac2)` would suffice

Note: This linter can be disabled with `set_option linter.unnecessarySeqFocus false`
warning: CGLMP5/SOSPhaseLinear08.lean:68:11: Used `tac1 <;> tac2` where `(tac1; tac2)` would suffice

Note: This linter can be disabled with `set_option linter.unnecessarySeqFocus false`
warning: CGLMP5/SOSPhaseLinear08.lean:74:11: Used `tac1 <;> tac2` where `(tac1; tac2)` would suffice

Note: This linter can be disabled with `set_option linter.unnecessarySeqFocus false`
warning: CGLMP5/SOSPhaseLinear08.lean:80:11: Used `tac1 <;> tac2` where `(tac1; tac2)` would suffice

Note: This linter can be disabled with `set_option linter.unnecessarySeqFocus false`
warning: CGLMP5/SOSPhaseLinear08.lean:86:11: Used `tac1 <;> tac2` where `(tac1; tac2)` would suffice

Note: This linter can be disabled with `set_option linter.unnecessarySeqFocus false`
warning: CGLMP5/SOSPhaseLinear08.lean:92:11: Used `tac1 <;> tac2` where `(tac1; tac2)` would suffice

Note: This linter can be disabled with `set_option linter.unnecessarySeqFocus false`
warning: CGLMP5/SOSPhaseLinear08.lean:98:11: Used `tac1 <;> tac2` where `(tac1; tac2)` would suffice

Note: This linter can be disabled with `set_option linter.unnecessarySeqFocus false`
warning: CGLMP5/SOSPhaseLinear08.lean:104:11: Used `tac1 <;> tac2` where `(tac1; tac2)` would suffice

Note: This linter can be disabled with `set_option linter.unnecessarySeqFocus false`
warning: CGLMP5/SOSPhaseLinear08.lean:110:11: Used `tac1 <;> tac2` where `(tac1; tac2)` would suffice

Note: This linter can be disabled with `set_option linter.unnecessarySeqFocus false`
warning: CGLMP5/SOSPhaseLinear08.lean:116:11: Used `tac1 <;> tac2` where `(tac1; tac2)` would suffice

Note: This linter can be disabled with `set_option linter.unnecessarySeqFocus false`
warning: CGLMP5/SOSPhaseLinear08.lean:122:11: Used `tac1 <;> tac2` where `(tac1; tac2)` would suffice

Note: This linter can be disabled with `set_option linter.unnecessarySeqFocus false`
warning: CGLMP5/SOSPhaseLinear08.lean:128:11: Used `tac1 <;> tac2` where `(tac1; tac2)` would suffice

Note: This linter can be disabled with `set_option linter.unnecessarySeqFocus false`
warning: CGLMP5/SOSPhaseLinear08.lean:134:11: Used `tac1 <;> tac2` where `(tac1; tac2)` would suffice

Note: This linter can be disabled with `set_option linter.unnecessarySeqFocus false`
warning: CGLMP5/SOSPhaseLinear08.lean:140:11: Used `tac1 <;> tac2` where `(tac1; tac2)` would suffice

Note: This linter can be disabled with `set_option linter.unnecessarySeqFocus false`
warning: CGLMP5/SOSPhaseLinear08.lean:146:11: Used `tac1 <;> tac2` where `(tac1; tac2)` would suffice

Note: This linter can be disabled with `set_option linter.unnecessarySeqFocus false`
warning: CGLMP5/SOSPhaseLinear08.lean:152:11: Used `tac1 <;> tac2` where `(tac1; tac2)` would suffice

Note: This linter can be disabled with `set_option linter.unnecessarySeqFocus false`
⚠ [2449/2471] Replayed CGLMP5.SOSPhaseLinear10
warning: CGLMP5/SOSPhaseLinear10.lean:14:15: Unused tactic linter: `ring` does nothing

Note: This linter can be disabled with `set_option linter.unusedTactic false`
warning: CGLMP5/SOSPhaseLinear10.lean:14:15: this tactic is never executed

Note: This linter can be disabled with `set_option linter.unreachableTactic false`
warning: CGLMP5/SOSPhaseLinear10.lean:20:15: Unused tactic linter: `ring` does nothing

Note: This linter can be disabled with `set_option linter.unusedTactic false`
warning: CGLMP5/SOSPhaseLinear10.lean:20:15: this tactic is never executed

Note: This linter can be disabled with `set_option linter.unreachableTactic false`
warning: CGLMP5/SOSPhaseLinear10.lean:26:15: Unused tactic linter: `ring` does nothing

Note: This linter can be disabled with `set_option linter.unusedTactic false`
warning: CGLMP5/SOSPhaseLinear10.lean:26:15: this tactic is never executed

Note: This linter can be disabled with `set_option linter.unreachableTactic false`
warning: CGLMP5/SOSPhaseLinear10.lean:32:15: Unused tactic linter: `ring` does nothing

Note: This linter can be disabled with `set_option linter.unusedTactic false`
warning: CGLMP5/SOSPhaseLinear10.lean:32:15: this tactic is never executed

Note: This linter can be disabled with `set_option linter.unreachableTactic false`
warning: CGLMP5/SOSPhaseLinear10.lean:38:15: Unused tactic linter: `ring` does nothing

Note: This linter can be disabled with `set_option linter.unusedTactic false`
warning: CGLMP5/SOSPhaseLinear10.lean:38:15: this tactic is never executed

Note: This linter can be disabled with `set_option linter.unreachableTactic false`
warning: CGLMP5/SOSPhaseLinear10.lean:44:15: Unused tactic linter: `ring` does nothing

Note: This linter can be disabled with `set_option linter.unusedTactic false`
warning: CGLMP5/SOSPhaseLinear10.lean:44:15: this tactic is never executed

Note: This linter can be disabled with `set_option linter.unreachableTactic false`
warning: CGLMP5/SOSPhaseLinear10.lean:50:15: Unused tactic linter: `ring` does nothing

Note: This linter can be disabled with `set_option linter.unusedTactic false`
warning: CGLMP5/SOSPhaseLinear10.lean:50:15: this tactic is never executed

Note: This linter can be disabled with `set_option linter.unreachableTactic false`
warning: CGLMP5/SOSPhaseLinear10.lean:56:15: Unused tactic linter: `ring` does nothing

Note: This linter can be disabled with `set_option linter.unusedTactic false`
warning: CGLMP5/SOSPhaseLinear10.lean:56:15: this tactic is never executed

Note: This linter can be disabled with `set_option linter.unreachableTactic false`
warning: CGLMP5/SOSPhaseLinear10.lean:62:15: Unused tactic linter: `ring` does nothing

Note: This linter can be disabled with `set_option linter.unusedTactic false`
warning: CGLMP5/SOSPhaseLinear10.lean:62:15: this tactic is never executed

Note: This linter can be disabled with `set_option linter.unreachableTactic false`
warning: CGLMP5/SOSPhaseLinear10.lean:68:15: Unused tactic linter: `ring` does nothing

Note: This linter can be disabled with `set_option linter.unusedTactic false`
warning: CGLMP5/SOSPhaseLinear10.lean:68:15: this tactic is never executed

Note: This linter can be disabled with `set_option linter.unreachableTactic false`
warning: CGLMP5/SOSPhaseLinear10.lean:74:15: Unused tactic linter: `ring` does nothing

Note: This linter can be disabled with `set_option linter.unusedTactic false`
warning: CGLMP5/SOSPhaseLinear10.lean:74:15: this tactic is never executed

Note: This linter can be disabled with `set_option linter.unreachableTactic false`
warning: CGLMP5/SOSPhaseLinear10.lean:80:15: Unused tactic linter: `ring` does nothing

Note: This linter can be disabled with `set_option linter.unusedTactic false`
warning: CGLMP5/SOSPhaseLinear10.lean:80:15: this tactic is never executed

Note: This linter can be disabled with `set_option linter.unreachableTactic false`
warning: CGLMP5/SOSPhaseLinear10.lean:86:15: Unused tactic linter: `ring` does nothing

Note: This linter can be disabled with `set_option linter.unusedTactic false`
warning: CGLMP5/SOSPhaseLinear10.lean:86:15: this tactic is never executed

Note: This linter can be disabled with `set_option linter.unreachableTactic false`
warning: CGLMP5/SOSPhaseLinear10.lean:92:15: Unused tactic linter: `ring` does nothing

Note: This linter can be disabled with `set_option linter.unusedTactic false`
warning: CGLMP5/SOSPhaseLinear10.lean:92:15: this tactic is never executed

Note: This linter can be disabled with `set_option linter.unreachableTactic false`
warning: CGLMP5/SOSPhaseLinear10.lean:98:15: Unused tactic linter: `ring` does nothing

Note: This linter can be disabled with `set_option linter.unusedTactic false`
warning: CGLMP5/SOSPhaseLinear10.lean:98:15: this tactic is never executed

Note: This linter can be disabled with `set_option linter.unreachableTactic false`
warning: CGLMP5/SOSPhaseLinear10.lean:104:15: Unused tactic linter: `ring` does nothing

Note: This linter can be disabled with `set_option linter.unusedTactic false`
warning: CGLMP5/SOSPhaseLinear10.lean:104:15: this tactic is never executed

Note: This linter can be disabled with `set_option linter.unreachableTactic false`
warning: CGLMP5/SOSPhaseLinear10.lean:110:15: Unused tactic linter: `ring` does nothing

Note: This linter can be disabled with `set_option linter.unusedTactic false`
warning: CGLMP5/SOSPhaseLinear10.lean:110:15: this tactic is never executed

Note: This linter can be disabled with `set_option linter.unreachableTactic false`
warning: CGLMP5/SOSPhaseLinear10.lean:116:15: Unused tactic linter: `ring` does nothing

Note: This linter can be disabled with `set_option linter.unusedTactic false`
warning: CGLMP5/SOSPhaseLinear10.lean:116:15: this tactic is never executed

Note: This linter can be disabled with `set_option linter.unreachableTactic false`
warning: CGLMP5/SOSPhaseLinear10.lean:122:15: Unused tactic linter: `ring` does nothing

Note: This linter can be disabled with `set_option linter.unusedTactic false`
warning: CGLMP5/SOSPhaseLinear10.lean:122:15: this tactic is never executed

Note: This linter can be disabled with `set_option linter.unreachableTactic false`
warning: CGLMP5/SOSPhaseLinear10.lean:128:15: Unused tactic linter: `ring` does nothing

Note: This linter can be disabled with `set_option linter.unusedTactic false`
warning: CGLMP5/SOSPhaseLinear10.lean:128:15: this tactic is never executed

Note: This linter can be disabled with `set_option linter.unreachableTactic false`
warning: CGLMP5/SOSPhaseLinear10.lean:134:15: Unused tactic linter: `ring` does nothing

Note: This linter can be disabled with `set_option linter.unusedTactic false`
warning: CGLMP5/SOSPhaseLinear10.lean:134:15: this tactic is never executed

Note: This linter can be disabled with `set_option linter.unreachableTactic false`
warning: CGLMP5/SOSPhaseLinear10.lean:140:15: Unused tactic linter: `ring` does nothing

Note: This linter can be disabled with `set_option linter.unusedTactic false`
warning: CGLMP5/SOSPhaseLinear10.lean:140:15: this tactic is never executed

Note: This linter can be disabled with `set_option linter.unreachableTactic false`
warning: CGLMP5/SOSPhaseLinear10.lean:146:15: Unused tactic linter: `ring` does nothing

Note: This linter can be disabled with `set_option linter.unusedTactic false`
warning: CGLMP5/SOSPhaseLinear10.lean:146:15: this tactic is never executed

Note: This linter can be disabled with `set_option linter.unreachableTactic false`
warning: CGLMP5/SOSPhaseLinear10.lean:152:15: Unused tactic linter: `ring` does nothing

Note: This linter can be disabled with `set_option linter.unusedTactic false`
warning: CGLMP5/SOSPhaseLinear10.lean:152:15: this tactic is never executed

Note: This linter can be disabled with `set_option linter.unreachableTactic false`
⚠ [2450/2471] Replayed CGLMP5.SOSPhaseLinear11
warning: CGLMP5/SOSPhaseLinear11.lean:14:11: Used `tac1 <;> tac2` where `(tac1; tac2)` would suffice

Note: This linter can be disabled with `set_option linter.unnecessarySeqFocus false`
warning: CGLMP5/SOSPhaseLinear11.lean:20:11: Used `tac1 <;> tac2` where `(tac1; tac2)` would suffice

Note: This linter can be disabled with `set_option linter.unnecessarySeqFocus false`
warning: CGLMP5/SOSPhaseLinear11.lean:26:11: Used `tac1 <;> tac2` where `(tac1; tac2)` would suffice

Note: This linter can be disabled with `set_option linter.unnecessarySeqFocus false`
warning: CGLMP5/SOSPhaseLinear11.lean:32:11: Used `tac1 <;> tac2` where `(tac1; tac2)` would suffice

Note: This linter can be disabled with `set_option linter.unnecessarySeqFocus false`
warning: CGLMP5/SOSPhaseLinear11.lean:38:11: Used `tac1 <;> tac2` where `(tac1; tac2)` would suffice

Note: This linter can be disabled with `set_option linter.unnecessarySeqFocus false`
warning: CGLMP5/SOSPhaseLinear11.lean:44:11: Used `tac1 <;> tac2` where `(tac1; tac2)` would suffice

Note: This linter can be disabled with `set_option linter.unnecessarySeqFocus false`
warning: CGLMP5/SOSPhaseLinear11.lean:50:11: Used `tac1 <;> tac2` where `(tac1; tac2)` would suffice

Note: This linter can be disabled with `set_option linter.unnecessarySeqFocus false`
warning: CGLMP5/SOSPhaseLinear11.lean:56:11: Used `tac1 <;> tac2` where `(tac1; tac2)` would suffice

Note: This linter can be disabled with `set_option linter.unnecessarySeqFocus false`
warning: CGLMP5/SOSPhaseLinear11.lean:62:11: Used `tac1 <;> tac2` where `(tac1; tac2)` would suffice

Note: This linter can be disabled with `set_option linter.unnecessarySeqFocus false`
warning: CGLMP5/SOSPhaseLinear11.lean:68:11: Used `tac1 <;> tac2` where `(tac1; tac2)` would suffice

Note: This linter can be disabled with `set_option linter.unnecessarySeqFocus false`
warning: CGLMP5/SOSPhaseLinear11.lean:74:11: Used `tac1 <;> tac2` where `(tac1; tac2)` would suffice

Note: This linter can be disabled with `set_option linter.unnecessarySeqFocus false`
warning: CGLMP5/SOSPhaseLinear11.lean:80:11: Used `tac1 <;> tac2` where `(tac1; tac2)` would suffice

Note: This linter can be disabled with `set_option linter.unnecessarySeqFocus false`
warning: CGLMP5/SOSPhaseLinear11.lean:86:11: Used `tac1 <;> tac2` where `(tac1; tac2)` would suffice

Note: This linter can be disabled with `set_option linter.unnecessarySeqFocus false`
warning: CGLMP5/SOSPhaseLinear11.lean:92:11: Used `tac1 <;> tac2` where `(tac1; tac2)` would suffice

Note: This linter can be disabled with `set_option linter.unnecessarySeqFocus false`
warning: CGLMP5/SOSPhaseLinear11.lean:98:11: Used `tac1 <;> tac2` where `(tac1; tac2)` would suffice

Note: This linter can be disabled with `set_option linter.unnecessarySeqFocus false`
warning: CGLMP5/SOSPhaseLinear11.lean:104:11: Used `tac1 <;> tac2` where `(tac1; tac2)` would suffice

Note: This linter can be disabled with `set_option linter.unnecessarySeqFocus false`
warning: CGLMP5/SOSPhaseLinear11.lean:110:11: Used `tac1 <;> tac2` where `(tac1; tac2)` would suffice

Note: This linter can be disabled with `set_option linter.unnecessarySeqFocus false`
warning: CGLMP5/SOSPhaseLinear11.lean:116:11: Used `tac1 <;> tac2` where `(tac1; tac2)` would suffice

Note: This linter can be disabled with `set_option linter.unnecessarySeqFocus false`
warning: CGLMP5/SOSPhaseLinear11.lean:122:11: Used `tac1 <;> tac2` where `(tac1; tac2)` would suffice

Note: This linter can be disabled with `set_option linter.unnecessarySeqFocus false`
warning: CGLMP5/SOSPhaseLinear11.lean:128:11: Used `tac1 <;> tac2` where `(tac1; tac2)` would suffice

Note: This linter can be disabled with `set_option linter.unnecessarySeqFocus false`
warning: CGLMP5/SOSPhaseLinear11.lean:134:11: Used `tac1 <;> tac2` where `(tac1; tac2)` would suffice

Note: This linter can be disabled with `set_option linter.unnecessarySeqFocus false`
warning: CGLMP5/SOSPhaseLinear11.lean:140:11: Used `tac1 <;> tac2` where `(tac1; tac2)` would suffice

Note: This linter can be disabled with `set_option linter.unnecessarySeqFocus false`
warning: CGLMP5/SOSPhaseLinear11.lean:146:11: Used `tac1 <;> tac2` where `(tac1; tac2)` would suffice

Note: This linter can be disabled with `set_option linter.unnecessarySeqFocus false`
warning: CGLMP5/SOSPhaseLinear11.lean:152:11: Used `tac1 <;> tac2` where `(tac1; tac2)` would suffice

Note: This linter can be disabled with `set_option linter.unnecessarySeqFocus false`
⚠ [2451/2471] Replayed CGLMP5.SOSPhaseLinear12
warning: CGLMP5/SOSPhaseLinear12.lean:14:11: Used `tac1 <;> tac2` where `(tac1; tac2)` would suffice

Note: This linter can be disabled with `set_option linter.unnecessarySeqFocus false`
warning: CGLMP5/SOSPhaseLinear12.lean:20:11: Used `tac1 <;> tac2` where `(tac1; tac2)` would suffice

Note: This linter can be disabled with `set_option linter.unnecessarySeqFocus false`
warning: CGLMP5/SOSPhaseLinear12.lean:26:11: Used `tac1 <;> tac2` where `(tac1; tac2)` would suffice

Note: This linter can be disabled with `set_option linter.unnecessarySeqFocus false`
warning: CGLMP5/SOSPhaseLinear12.lean:32:11: Used `tac1 <;> tac2` where `(tac1; tac2)` would suffice

Note: This linter can be disabled with `set_option linter.unnecessarySeqFocus false`
warning: CGLMP5/SOSPhaseLinear12.lean:38:11: Used `tac1 <;> tac2` where `(tac1; tac2)` would suffice

Note: This linter can be disabled with `set_option linter.unnecessarySeqFocus false`
warning: CGLMP5/SOSPhaseLinear12.lean:44:11: Used `tac1 <;> tac2` where `(tac1; tac2)` would suffice

Note: This linter can be disabled with `set_option linter.unnecessarySeqFocus false`
warning: CGLMP5/SOSPhaseLinear12.lean:50:11: Used `tac1 <;> tac2` where `(tac1; tac2)` would suffice

Note: This linter can be disabled with `set_option linter.unnecessarySeqFocus false`
warning: CGLMP5/SOSPhaseLinear12.lean:56:11: Used `tac1 <;> tac2` where `(tac1; tac2)` would suffice

Note: This linter can be disabled with `set_option linter.unnecessarySeqFocus false`
warning: CGLMP5/SOSPhaseLinear12.lean:62:11: Used `tac1 <;> tac2` where `(tac1; tac2)` would suffice

Note: This linter can be disabled with `set_option linter.unnecessarySeqFocus false`
warning: CGLMP5/SOSPhaseLinear12.lean:68:11: Used `tac1 <;> tac2` where `(tac1; tac2)` would suffice

Note: This linter can be disabled with `set_option linter.unnecessarySeqFocus false`
warning: CGLMP5/SOSPhaseLinear12.lean:74:11: Used `tac1 <;> tac2` where `(tac1; tac2)` would suffice

Note: This linter can be disabled with `set_option linter.unnecessarySeqFocus false`
warning: CGLMP5/SOSPhaseLinear12.lean:80:11: Used `tac1 <;> tac2` where `(tac1; tac2)` would suffice

Note: This linter can be disabled with `set_option linter.unnecessarySeqFocus false`
warning: CGLMP5/SOSPhaseLinear12.lean:86:11: Used `tac1 <;> tac2` where `(tac1; tac2)` would suffice

Note: This linter can be disabled with `set_option linter.unnecessarySeqFocus false`
warning: CGLMP5/SOSPhaseLinear12.lean:92:11: Used `tac1 <;> tac2` where `(tac1; tac2)` would suffice

Note: This linter can be disabled with `set_option linter.unnecessarySeqFocus false`
warning: CGLMP5/SOSPhaseLinear12.lean:98:11: Used `tac1 <;> tac2` where `(tac1; tac2)` would suffice

Note: This linter can be disabled with `set_option linter.unnecessarySeqFocus false`
warning: CGLMP5/SOSPhaseLinear12.lean:104:11: Used `tac1 <;> tac2` where `(tac1; tac2)` would suffice

Note: This linter can be disabled with `set_option linter.unnecessarySeqFocus false`
warning: CGLMP5/SOSPhaseLinear12.lean:110:11: Used `tac1 <;> tac2` where `(tac1; tac2)` would suffice

Note: This linter can be disabled with `set_option linter.unnecessarySeqFocus false`
warning: CGLMP5/SOSPhaseLinear12.lean:116:11: Used `tac1 <;> tac2` where `(tac1; tac2)` would suffice

Note: This linter can be disabled with `set_option linter.unnecessarySeqFocus false`
warning: CGLMP5/SOSPhaseLinear12.lean:122:11: Used `tac1 <;> tac2` where `(tac1; tac2)` would suffice

Note: This linter can be disabled with `set_option linter.unnecessarySeqFocus false`
warning: CGLMP5/SOSPhaseLinear12.lean:128:11: Used `tac1 <;> tac2` where `(tac1; tac2)` would suffice

Note: This linter can be disabled with `set_option linter.unnecessarySeqFocus false`
warning: CGLMP5/SOSPhaseLinear12.lean:134:11: Used `tac1 <;> tac2` where `(tac1; tac2)` would suffice

Note: This linter can be disabled with `set_option linter.unnecessarySeqFocus false`
warning: CGLMP5/SOSPhaseLinear12.lean:140:11: Used `tac1 <;> tac2` where `(tac1; tac2)` would suffice

Note: This linter can be disabled with `set_option linter.unnecessarySeqFocus false`
warning: CGLMP5/SOSPhaseLinear12.lean:146:11: Used `tac1 <;> tac2` where `(tac1; tac2)` would suffice

Note: This linter can be disabled with `set_option linter.unnecessarySeqFocus false`
warning: CGLMP5/SOSPhaseLinear12.lean:152:11: Used `tac1 <;> tac2` where `(tac1; tac2)` would suffice

Note: This linter can be disabled with `set_option linter.unnecessarySeqFocus false`
⚠ [2452/2471] Replayed CGLMP5.SOSPhaseLinear19
warning: CGLMP5/SOSPhaseLinear19.lean:14:11: Used `tac1 <;> tac2` where `(tac1; tac2)` would suffice

Note: This linter can be disabled with `set_option linter.unnecessarySeqFocus false`
warning: CGLMP5/SOSPhaseLinear19.lean:20:11: Used `tac1 <;> tac2` where `(tac1; tac2)` would suffice

Note: This linter can be disabled with `set_option linter.unnecessarySeqFocus false`
warning: CGLMP5/SOSPhaseLinear19.lean:26:11: Used `tac1 <;> tac2` where `(tac1; tac2)` would suffice

Note: This linter can be disabled with `set_option linter.unnecessarySeqFocus false`
warning: CGLMP5/SOSPhaseLinear19.lean:32:11: Used `tac1 <;> tac2` where `(tac1; tac2)` would suffice

Note: This linter can be disabled with `set_option linter.unnecessarySeqFocus false`
warning: CGLMP5/SOSPhaseLinear19.lean:38:11: Used `tac1 <;> tac2` where `(tac1; tac2)` would suffice

Note: This linter can be disabled with `set_option linter.unnecessarySeqFocus false`
warning: CGLMP5/SOSPhaseLinear19.lean:44:11: Used `tac1 <;> tac2` where `(tac1; tac2)` would suffice

Note: This linter can be disabled with `set_option linter.unnecessarySeqFocus false`
warning: CGLMP5/SOSPhaseLinear19.lean:50:11: Used `tac1 <;> tac2` where `(tac1; tac2)` would suffice

Note: This linter can be disabled with `set_option linter.unnecessarySeqFocus false`
warning: CGLMP5/SOSPhaseLinear19.lean:56:11: Used `tac1 <;> tac2` where `(tac1; tac2)` would suffice

Note: This linter can be disabled with `set_option linter.unnecessarySeqFocus false`
warning: CGLMP5/SOSPhaseLinear19.lean:62:11: Used `tac1 <;> tac2` where `(tac1; tac2)` would suffice

Note: This linter can be disabled with `set_option linter.unnecessarySeqFocus false`
warning: CGLMP5/SOSPhaseLinear19.lean:68:11: Used `tac1 <;> tac2` where `(tac1; tac2)` would suffice

Note: This linter can be disabled with `set_option linter.unnecessarySeqFocus false`
warning: CGLMP5/SOSPhaseLinear19.lean:74:11: Used `tac1 <;> tac2` where `(tac1; tac2)` would suffice

Note: This linter can be disabled with `set_option linter.unnecessarySeqFocus false`
warning: CGLMP5/SOSPhaseLinear19.lean:80:11: Used `tac1 <;> tac2` where `(tac1; tac2)` would suffice

Note: This linter can be disabled with `set_option linter.unnecessarySeqFocus false`
warning: CGLMP5/SOSPhaseLinear19.lean:86:11: Used `tac1 <;> tac2` where `(tac1; tac2)` would suffice

Note: This linter can be disabled with `set_option linter.unnecessarySeqFocus false`
warning: CGLMP5/SOSPhaseLinear19.lean:92:11: Used `tac1 <;> tac2` where `(tac1; tac2)` would suffice

Note: This linter can be disabled with `set_option linter.unnecessarySeqFocus false`
warning: CGLMP5/SOSPhaseLinear19.lean:98:11: Used `tac1 <;> tac2` where `(tac1; tac2)` would suffice

Note: This linter can be disabled with `set_option linter.unnecessarySeqFocus false`
warning: CGLMP5/SOSPhaseLinear19.lean:104:11: Used `tac1 <;> tac2` where `(tac1; tac2)` would suffice

Note: This linter can be disabled with `set_option linter.unnecessarySeqFocus false`
warning: CGLMP5/SOSPhaseLinear19.lean:110:11: Used `tac1 <;> tac2` where `(tac1; tac2)` would suffice

Note: This linter can be disabled with `set_option linter.unnecessarySeqFocus false`
warning: CGLMP5/SOSPhaseLinear19.lean:116:11: Used `tac1 <;> tac2` where `(tac1; tac2)` would suffice

Note: This linter can be disabled with `set_option linter.unnecessarySeqFocus false`
warning: CGLMP5/SOSPhaseLinear19.lean:122:11: Used `tac1 <;> tac2` where `(tac1; tac2)` would suffice

Note: This linter can be disabled with `set_option linter.unnecessarySeqFocus false`
warning: CGLMP5/SOSPhaseLinear19.lean:128:11: Used `tac1 <;> tac2` where `(tac1; tac2)` would suffice

Note: This linter can be disabled with `set_option linter.unnecessarySeqFocus false`
warning: CGLMP5/SOSPhaseLinear19.lean:134:11: Used `tac1 <;> tac2` where `(tac1; tac2)` would suffice

Note: This linter can be disabled with `set_option linter.unnecessarySeqFocus false`
warning: CGLMP5/SOSPhaseLinear19.lean:140:11: Used `tac1 <;> tac2` where `(tac1; tac2)` would suffice

Note: This linter can be disabled with `set_option linter.unnecessarySeqFocus false`
warning: CGLMP5/SOSPhaseLinear19.lean:146:11: Used `tac1 <;> tac2` where `(tac1; tac2)` would suffice

Note: This linter can be disabled with `set_option linter.unnecessarySeqFocus false`
warning: CGLMP5/SOSPhaseLinear19.lean:152:11: Used `tac1 <;> tac2` where `(tac1; tac2)` would suffice

Note: This linter can be disabled with `set_option linter.unnecessarySeqFocus false`
✔ [2723/2725] Built CGLMP5.SOSIntegerResidualChecks (8.6s)
✔ [2724/2732] Built CGLMP5.SOSReflection (3.2s)
⚠ [2779/2834] Replayed CGLMP5.ScalarTableRow00
warning: CGLMP5/ScalarTableRow00.lean:88:8: Unused tactic linter: `ring` does nothing

Note: This linter can be disabled with `set_option linter.unusedTactic false`
warning: CGLMP5/ScalarTableRow00.lean:92:8: Unused tactic linter: `ring` does nothing

Note: This linter can be disabled with `set_option linter.unusedTactic false`
warning: CGLMP5/ScalarTableRow00.lean:96:8: Unused tactic linter: `ring` does nothing

Note: This linter can be disabled with `set_option linter.unusedTactic false`
warning: CGLMP5/ScalarTableRow00.lean:100:8: Unused tactic linter: `ring` does nothing

Note: This linter can be disabled with `set_option linter.unusedTactic false`
warning: CGLMP5/ScalarTableRow00.lean:104:8: Unused tactic linter: `ring` does nothing

Note: This linter can be disabled with `set_option linter.unusedTactic false`
warning: CGLMP5/ScalarTableRow00.lean:108:8: Unused tactic linter: `ring` does nothing

Note: This linter can be disabled with `set_option linter.unusedTactic false`
warning: CGLMP5/ScalarTableRow00.lean:112:8: Unused tactic linter: `ring` does nothing

Note: This linter can be disabled with `set_option linter.unusedTactic false`
warning: CGLMP5/ScalarTableRow00.lean:116:8: Unused tactic linter: `ring` does nothing

Note: This linter can be disabled with `set_option linter.unusedTactic false`
warning: CGLMP5/ScalarTableRow00.lean:120:8: Unused tactic linter: `ring` does nothing

Note: This linter can be disabled with `set_option linter.unusedTactic false`
warning: CGLMP5/ScalarTableRow00.lean:124:8: Unused tactic linter: `ring` does nothing

Note: This linter can be disabled with `set_option linter.unusedTactic false`
warning: CGLMP5/ScalarTableRow00.lean:128:8: Unused tactic linter: `ring` does nothing

Note: This linter can be disabled with `set_option linter.unusedTactic false`
warning: CGLMP5/ScalarTableRow00.lean:132:8: Unused tactic linter: `ring` does nothing

Note: This linter can be disabled with `set_option linter.unusedTactic false`
warning: CGLMP5/ScalarTableRow00.lean:136:8: Unused tactic linter: `ring` does nothing

Note: This linter can be disabled with `set_option linter.unusedTactic false`
warning: CGLMP5/ScalarTableRow00.lean:140:8: Unused tactic linter: `ring` does nothing

Note: This linter can be disabled with `set_option linter.unusedTactic false`
warning: CGLMP5/ScalarTableRow00.lean:144:8: Unused tactic linter: `ring` does nothing

Note: This linter can be disabled with `set_option linter.unusedTactic false`
warning: CGLMP5/ScalarTableRow00.lean:148:8: Unused tactic linter: `ring` does nothing

Note: This linter can be disabled with `set_option linter.unusedTactic false`
warning: CGLMP5/ScalarTableRow00.lean:152:8: Unused tactic linter: `ring` does nothing

Note: This linter can be disabled with `set_option linter.unusedTactic false`
warning: CGLMP5/ScalarTableRow00.lean:156:8: Unused tactic linter: `ring` does nothing

Note: This linter can be disabled with `set_option linter.unusedTactic false`
warning: CGLMP5/ScalarTableRow00.lean:160:8: Unused tactic linter: `ring` does nothing

Note: This linter can be disabled with `set_option linter.unusedTactic false`
warning: CGLMP5/ScalarTableRow00.lean:164:8: Unused tactic linter: `ring` does nothing

Note: This linter can be disabled with `set_option linter.unusedTactic false`
warning: CGLMP5/ScalarTableRow00.lean:168:8: Unused tactic linter: `ring` does nothing

Note: This linter can be disabled with `set_option linter.unusedTactic false`
warning: CGLMP5/ScalarTableRow00.lean:172:8: Unused tactic linter: `ring` does nothing

Note: This linter can be disabled with `set_option linter.unusedTactic false`
warning: CGLMP5/ScalarTableRow00.lean:176:8: Unused tactic linter: `ring` does nothing

Note: This linter can be disabled with `set_option linter.unusedTactic false`
warning: CGLMP5/ScalarTableRow00.lean:180:8: Unused tactic linter: `ring` does nothing

Note: This linter can be disabled with `set_option linter.unusedTactic false`
warning: CGLMP5/ScalarTableRow00.lean:88:8: this tactic is never executed

Note: This linter can be disabled with `set_option linter.unreachableTactic false`
warning: CGLMP5/ScalarTableRow00.lean:92:8: this tactic is never executed

Note: This linter can be disabled with `set_option linter.unreachableTactic false`
warning: CGLMP5/ScalarTableRow00.lean:96:8: this tactic is never executed

Note: This linter can be disabled with `set_option linter.unreachableTactic false`
warning: CGLMP5/ScalarTableRow00.lean:100:8: this tactic is never executed

Note: This linter can be disabled with `set_option linter.unreachableTactic false`
warning: CGLMP5/ScalarTableRow00.lean:104:8: this tactic is never executed

Note: This linter can be disabled with `set_option linter.unreachableTactic false`
warning: CGLMP5/ScalarTableRow00.lean:108:8: this tactic is never executed

Note: This linter can be disabled with `set_option linter.unreachableTactic false`
warning: CGLMP5/ScalarTableRow00.lean:112:8: this tactic is never executed

Note: This linter can be disabled with `set_option linter.unreachableTactic false`
warning: CGLMP5/ScalarTableRow00.lean:116:8: this tactic is never executed

Note: This linter can be disabled with `set_option linter.unreachableTactic false`
warning: CGLMP5/ScalarTableRow00.lean:120:8: this tactic is never executed

Note: This linter can be disabled with `set_option linter.unreachableTactic false`
warning: CGLMP5/ScalarTableRow00.lean:124:8: this tactic is never executed

Note: This linter can be disabled with `set_option linter.unreachableTactic false`
warning: CGLMP5/ScalarTableRow00.lean:128:8: this tactic is never executed

Note: This linter can be disabled with `set_option linter.unreachableTactic false`
warning: CGLMP5/ScalarTableRow00.lean:132:8: this tactic is never executed

Note: This linter can be disabled with `set_option linter.unreachableTactic false`
warning: CGLMP5/ScalarTableRow00.lean:136:8: this tactic is never executed

Note: This linter can be disabled with `set_option linter.unreachableTactic false`
warning: CGLMP5/ScalarTableRow00.lean:140:8: this tactic is never executed

Note: This linter can be disabled with `set_option linter.unreachableTactic false`
warning: CGLMP5/ScalarTableRow00.lean:144:8: this tactic is never executed

Note: This linter can be disabled with `set_option linter.unreachableTactic false`
warning: CGLMP5/ScalarTableRow00.lean:148:8: this tactic is never executed

Note: This linter can be disabled with `set_option linter.unreachableTactic false`
warning: CGLMP5/ScalarTableRow00.lean:152:8: this tactic is never executed

Note: This linter can be disabled with `set_option linter.unreachableTactic false`
warning: CGLMP5/ScalarTableRow00.lean:156:8: this tactic is never executed

Note: This linter can be disabled with `set_option linter.unreachableTactic false`
warning: CGLMP5/ScalarTableRow00.lean:160:8: this tactic is never executed

Note: This linter can be disabled with `set_option linter.unreachableTactic false`
warning: CGLMP5/ScalarTableRow00.lean:164:8: this tactic is never executed

Note: This linter can be disabled with `set_option linter.unreachableTactic false`
warning: CGLMP5/ScalarTableRow00.lean:168:8: this tactic is never executed

Note: This linter can be disabled with `set_option linter.unreachableTactic false`
warning: CGLMP5/ScalarTableRow00.lean:172:8: this tactic is never executed

Note: This linter can be disabled with `set_option linter.unreachableTactic false`
warning: CGLMP5/ScalarTableRow00.lean:176:8: this tactic is never executed

Note: This linter can be disabled with `set_option linter.unreachableTactic false`
warning: CGLMP5/ScalarTableRow00.lean:180:8: this tactic is never executed

Note: This linter can be disabled with `set_option linter.unreachableTactic false`
⚠ [2780/2834] Replayed CGLMP5.ScalarTableRow01
warning: CGLMP5/ScalarTableRow01.lean:88:8: Unused tactic linter: `ring` does nothing

Note: This linter can be disabled with `set_option linter.unusedTactic false`
warning: CGLMP5/ScalarTableRow01.lean:96:8: Unused tactic linter: `ring` does nothing

Note: This linter can be disabled with `set_option linter.unusedTactic false`
warning: CGLMP5/ScalarTableRow01.lean:104:8: Unused tactic linter: `ring` does nothing

Note: This linter can be disabled with `set_option linter.unusedTactic false`
warning: CGLMP5/ScalarTableRow01.lean:112:8: Unused tactic linter: `ring` does nothing

Note: This linter can be disabled with `set_option linter.unusedTactic false`
warning: CGLMP5/ScalarTableRow01.lean:136:8: Unused tactic linter: `ring` does nothing

Note: This linter can be disabled with `set_option linter.unusedTactic false`
warning: CGLMP5/ScalarTableRow01.lean:88:8: this tactic is never executed

Note: This linter can be disabled with `set_option linter.unreachableTactic false`
warning: CGLMP5/ScalarTableRow01.lean:96:8: this tactic is never executed

Note: This linter can be disabled with `set_option linter.unreachableTactic false`
warning: CGLMP5/ScalarTableRow01.lean:104:8: this tactic is never executed

Note: This linter can be disabled with `set_option linter.unreachableTactic false`
warning: CGLMP5/ScalarTableRow01.lean:112:8: this tactic is never executed

Note: This linter can be disabled with `set_option linter.unreachableTactic false`
warning: CGLMP5/ScalarTableRow01.lean:136:8: this tactic is never executed

Note: This linter can be disabled with `set_option linter.unreachableTactic false`
warning: CGLMP5/ScalarTableRow01.lean:92:4: Used `tac1 <;> tac2` where `(tac1; tac2)` would suffice

Note: This linter can be disabled with `set_option linter.unnecessarySeqFocus false`
warning: CGLMP5/ScalarTableRow01.lean:100:4: Used `tac1 <;> tac2` where `(tac1; tac2)` would suffice

Note: This linter can be disabled with `set_option linter.unnecessarySeqFocus false`
warning: CGLMP5/ScalarTableRow01.lean:108:4: Used `tac1 <;> tac2` where `(tac1; tac2)` would suffice

Note: This linter can be disabled with `set_option linter.unnecessarySeqFocus false`
warning: CGLMP5/ScalarTableRow01.lean:116:4: Used `tac1 <;> tac2` where `(tac1; tac2)` would suffice

Note: This linter can be disabled with `set_option linter.unnecessarySeqFocus false`
warning: CGLMP5/ScalarTableRow01.lean:120:4: Used `tac1 <;> tac2` where `(tac1; tac2)` would suffice

Note: This linter can be disabled with `set_option linter.unnecessarySeqFocus false`
warning: CGLMP5/ScalarTableRow01.lean:124:4: Used `tac1 <;> tac2` where `(tac1; tac2)` would suffice

Note: This linter can be disabled with `set_option linter.unnecessarySeqFocus false`
warning: CGLMP5/ScalarTableRow01.lean:128:4: Used `tac1 <;> tac2` where `(tac1; tac2)` would suffice

Note: This linter can be disabled with `set_option linter.unnecessarySeqFocus false`
warning: CGLMP5/ScalarTableRow01.lean:132:4: Used `tac1 <;> tac2` where `(tac1; tac2)` would suffice

Note: This linter can be disabled with `set_option linter.unnecessarySeqFocus false`
warning: CGLMP5/ScalarTableRow01.lean:140:4: Used `tac1 <;> tac2` where `(tac1; tac2)` would suffice

Note: This linter can be disabled with `set_option linter.unnecessarySeqFocus false`
warning: CGLMP5/ScalarTableRow01.lean:144:4: Used `tac1 <;> tac2` where `(tac1; tac2)` would suffice

Note: This linter can be disabled with `set_option linter.unnecessarySeqFocus false`
warning: CGLMP5/ScalarTableRow01.lean:148:4: Used `tac1 <;> tac2` where `(tac1; tac2)` would suffice

Note: This linter can be disabled with `set_option linter.unnecessarySeqFocus false`
warning: CGLMP5/ScalarTableRow01.lean:152:4: Used `tac1 <;> tac2` where `(tac1; tac2)` would suffice

Note: This linter can be disabled with `set_option linter.unnecessarySeqFocus false`
warning: CGLMP5/ScalarTableRow01.lean:156:4: Used `tac1 <;> tac2` where `(tac1; tac2)` would suffice

Note: This linter can be disabled with `set_option linter.unnecessarySeqFocus false`
warning: CGLMP5/ScalarTableRow01.lean:160:4: Used `tac1 <;> tac2` where `(tac1; tac2)` would suffice

Note: This linter can be disabled with `set_option linter.unnecessarySeqFocus false`
warning: CGLMP5/ScalarTableRow01.lean:164:4: Used `tac1 <;> tac2` where `(tac1; tac2)` would suffice

Note: This linter can be disabled with `set_option linter.unnecessarySeqFocus false`
warning: CGLMP5/ScalarTableRow01.lean:168:4: Used `tac1 <;> tac2` where `(tac1; tac2)` would suffice

Note: This linter can be disabled with `set_option linter.unnecessarySeqFocus false`
warning: CGLMP5/ScalarTableRow01.lean:172:4: Used `tac1 <;> tac2` where `(tac1; tac2)` would suffice

Note: This linter can be disabled with `set_option linter.unnecessarySeqFocus false`
warning: CGLMP5/ScalarTableRow01.lean:176:4: Used `tac1 <;> tac2` where `(tac1; tac2)` would suffice

Note: This linter can be disabled with `set_option linter.unnecessarySeqFocus false`
warning: CGLMP5/ScalarTableRow01.lean:180:4: Used `tac1 <;> tac2` where `(tac1; tac2)` would suffice

Note: This linter can be disabled with `set_option linter.unnecessarySeqFocus false`
⚠ [2781/2834] Replayed CGLMP5.ScalarTableRow02
warning: CGLMP5/ScalarTableRow02.lean:88:8: Unused tactic linter: `ring` does nothing

Note: This linter can be disabled with `set_option linter.unusedTactic false`
warning: CGLMP5/ScalarTableRow02.lean:112:8: Unused tactic linter: `ring` does nothing

Note: This linter can be disabled with `set_option linter.unusedTactic false`
warning: CGLMP5/ScalarTableRow02.lean:136:8: Unused tactic linter: `ring` does nothing

Note: This linter can be disabled with `set_option linter.unusedTactic false`
warning: CGLMP5/ScalarTableRow02.lean:88:8: this tactic is never executed

Note: This linter can be disabled with `set_option linter.unreachableTactic false`
warning: CGLMP5/ScalarTableRow02.lean:112:8: this tactic is never executed

Note: This linter can be disabled with `set_option linter.unreachableTactic false`
warning: CGLMP5/ScalarTableRow02.lean:136:8: this tactic is never executed

Note: This linter can be disabled with `set_option linter.unreachableTactic false`
warning: CGLMP5/ScalarTableRow02.lean:92:4: Used `tac1 <;> tac2` where `(tac1; tac2)` would suffice

Note: This linter can be disabled with `set_option linter.unnecessarySeqFocus false`
warning: CGLMP5/ScalarTableRow02.lean:96:4: Used `tac1 <;> tac2` where `(tac1; tac2)` would suffice

Note: This linter can be disabled with `set_option linter.unnecessarySeqFocus false`
warning: CGLMP5/ScalarTableRow02.lean:100:4: Used `tac1 <;> tac2` where `(tac1; tac2)` would suffice

Note: This linter can be disabled with `set_option linter.unnecessarySeqFocus false`
warning: CGLMP5/ScalarTableRow02.lean:104:4: Used `tac1 <;> tac2` where `(tac1; tac2)` would suffice

Note: This linter can be disabled with `set_option linter.unnecessarySeqFocus false`
warning: CGLMP5/ScalarTableRow02.lean:108:4: Used `tac1 <;> tac2` where `(tac1; tac2)` would suffice

Note: This linter can be disabled with `set_option linter.unnecessarySeqFocus false`
warning: CGLMP5/ScalarTableRow02.lean:116:4: Used `tac1 <;> tac2` where `(tac1; tac2)` would suffice

Note: This linter can be disabled with `set_option linter.unnecessarySeqFocus false`
warning: CGLMP5/ScalarTableRow02.lean:120:4: Used `tac1 <;> tac2` where `(tac1; tac2)` would suffice

Note: This linter can be disabled with `set_option linter.unnecessarySeqFocus false`
warning: CGLMP5/ScalarTableRow02.lean:124:4: Used `tac1 <;> tac2` where `(tac1; tac2)` would suffice

Note: This linter can be disabled with `set_option linter.unnecessarySeqFocus false`
warning: CGLMP5/ScalarTableRow02.lean:128:4: Used `tac1 <;> tac2` where `(tac1; tac2)` would suffice

Note: This linter can be disabled with `set_option linter.unnecessarySeqFocus false`
warning: CGLMP5/ScalarTableRow02.lean:132:4: Used `tac1 <;> tac2` where `(tac1; tac2)` would suffice

Note: This linter can be disabled with `set_option linter.unnecessarySeqFocus false`
warning: CGLMP5/ScalarTableRow02.lean:140:4: Used `tac1 <;> tac2` where `(tac1; tac2)` would suffice

Note: This linter can be disabled with `set_option linter.unnecessarySeqFocus false`
warning: CGLMP5/ScalarTableRow02.lean:144:4: Used `tac1 <;> tac2` where `(tac1; tac2)` would suffice

Note: This linter can be disabled with `set_option linter.unnecessarySeqFocus false`
warning: CGLMP5/ScalarTableRow02.lean:148:4: Used `tac1 <;> tac2` where `(tac1; tac2)` would suffice

Note: This linter can be disabled with `set_option linter.unnecessarySeqFocus false`
warning: CGLMP5/ScalarTableRow02.lean:152:4: Used `tac1 <;> tac2` where `(tac1; tac2)` would suffice

Note: This linter can be disabled with `set_option linter.unnecessarySeqFocus false`
warning: CGLMP5/ScalarTableRow02.lean:156:4: Used `tac1 <;> tac2` where `(tac1; tac2)` would suffice

Note: This linter can be disabled with `set_option linter.unnecessarySeqFocus false`
warning: CGLMP5/ScalarTableRow02.lean:160:4: Used `tac1 <;> tac2` where `(tac1; tac2)` would suffice

Note: This linter can be disabled with `set_option linter.unnecessarySeqFocus false`
warning: CGLMP5/ScalarTableRow02.lean:164:4: Used `tac1 <;> tac2` where `(tac1; tac2)` would suffice

Note: This linter can be disabled with `set_option linter.unnecessarySeqFocus false`
warning: CGLMP5/ScalarTableRow02.lean:168:4: Used `tac1 <;> tac2` where `(tac1; tac2)` would suffice

Note: This linter can be disabled with `set_option linter.unnecessarySeqFocus false`
warning: CGLMP5/ScalarTableRow02.lean:172:4: Used `tac1 <;> tac2` where `(tac1; tac2)` would suffice

Note: This linter can be disabled with `set_option linter.unnecessarySeqFocus false`
warning: CGLMP5/ScalarTableRow02.lean:176:4: Used `tac1 <;> tac2` where `(tac1; tac2)` would suffice

Note: This linter can be disabled with `set_option linter.unnecessarySeqFocus false`
warning: CGLMP5/ScalarTableRow02.lean:180:4: Used `tac1 <;> tac2` where `(tac1; tac2)` would suffice

Note: This linter can be disabled with `set_option linter.unnecessarySeqFocus false`
⚠ [2782/2834] Replayed CGLMP5.ScalarTableRow03
warning: CGLMP5/ScalarTableRow03.lean:88:8: Unused tactic linter: `ring` does nothing

Note: This linter can be disabled with `set_option linter.unusedTactic false`
warning: CGLMP5/ScalarTableRow03.lean:112:8: Unused tactic linter: `ring` does nothing

Note: This linter can be disabled with `set_option linter.unusedTactic false`
warning: CGLMP5/ScalarTableRow03.lean:136:8: Unused tactic linter: `ring` does nothing

Note: This linter can be disabled with `set_option linter.unusedTactic false`
warning: CGLMP5/ScalarTableRow03.lean:88:8: this tactic is never executed

Note: This linter can be disabled with `set_option linter.unreachableTactic false`
warning: CGLMP5/ScalarTableRow03.lean:112:8: this tactic is never executed

Note: This linter can be disabled with `set_option linter.unreachableTactic false`
warning: CGLMP5/ScalarTableRow03.lean:136:8: this tactic is never executed

Note: This linter can be disabled with `set_option linter.unreachableTactic false`
warning: CGLMP5/ScalarTableRow03.lean:92:4: Used `tac1 <;> tac2` where `(tac1; tac2)` would suffice

Note: This linter can be disabled with `set_option linter.unnecessarySeqFocus false`
warning: CGLMP5/ScalarTableRow03.lean:96:4: Used `tac1 <;> tac2` where `(tac1; tac2)` would suffice

Note: This linter can be disabled with `set_option linter.unnecessarySeqFocus false`
warning: CGLMP5/ScalarTableRow03.lean:100:4: Used `tac1 <;> tac2` where `(tac1; tac2)` would suffice

Note: This linter can be disabled with `set_option linter.unnecessarySeqFocus false`
warning: CGLMP5/ScalarTableRow03.lean:104:4: Used `tac1 <;> tac2` where `(tac1; tac2)` would suffice

Note: This linter can be disabled with `set_option linter.unnecessarySeqFocus false`
warning: CGLMP5/ScalarTableRow03.lean:108:4: Used `tac1 <;> tac2` where `(tac1; tac2)` would suffice

Note: This linter can be disabled with `set_option linter.unnecessarySeqFocus false`
warning: CGLMP5/ScalarTableRow03.lean:116:4: Used `tac1 <;> tac2` where `(tac1; tac2)` would suffice

Note: This linter can be disabled with `set_option linter.unnecessarySeqFocus false`
warning: CGLMP5/ScalarTableRow03.lean:120:4: Used `tac1 <;> tac2` where `(tac1; tac2)` would suffice

Note: This linter can be disabled with `set_option linter.unnecessarySeqFocus false`
warning: CGLMP5/ScalarTableRow03.lean:124:4: Used `tac1 <;> tac2` where `(tac1; tac2)` would suffice

Note: This linter can be disabled with `set_option linter.unnecessarySeqFocus false`
warning: CGLMP5/ScalarTableRow03.lean:128:4: Used `tac1 <;> tac2` where `(tac1; tac2)` would suffice

Note: This linter can be disabled with `set_option linter.unnecessarySeqFocus false`
warning: CGLMP5/ScalarTableRow03.lean:132:4: Used `tac1 <;> tac2` where `(tac1; tac2)` would suffice

Note: This linter can be disabled with `set_option linter.unnecessarySeqFocus false`
warning: CGLMP5/ScalarTableRow03.lean:140:4: Used `tac1 <;> tac2` where `(tac1; tac2)` would suffice

Note: This linter can be disabled with `set_option linter.unnecessarySeqFocus false`
warning: CGLMP5/ScalarTableRow03.lean:144:4: Used `tac1 <;> tac2` where `(tac1; tac2)` would suffice

Note: This linter can be disabled with `set_option linter.unnecessarySeqFocus false`
warning: CGLMP5/ScalarTableRow03.lean:148:4: Used `tac1 <;> tac2` where `(tac1; tac2)` would suffice

Note: This linter can be disabled with `set_option linter.unnecessarySeqFocus false`
warning: CGLMP5/ScalarTableRow03.lean:152:4: Used `tac1 <;> tac2` where `(tac1; tac2)` would suffice

Note: This linter can be disabled with `set_option linter.unnecessarySeqFocus false`
warning: CGLMP5/ScalarTableRow03.lean:156:4: Used `tac1 <;> tac2` where `(tac1; tac2)` would suffice

Note: This linter can be disabled with `set_option linter.unnecessarySeqFocus false`
warning: CGLMP5/ScalarTableRow03.lean:160:4: Used `tac1 <;> tac2` where `(tac1; tac2)` would suffice

Note: This linter can be disabled with `set_option linter.unnecessarySeqFocus false`
warning: CGLMP5/ScalarTableRow03.lean:164:4: Used `tac1 <;> tac2` where `(tac1; tac2)` would suffice

Note: This linter can be disabled with `set_option linter.unnecessarySeqFocus false`
warning: CGLMP5/ScalarTableRow03.lean:168:4: Used `tac1 <;> tac2` where `(tac1; tac2)` would suffice

Note: This linter can be disabled with `set_option linter.unnecessarySeqFocus false`
warning: CGLMP5/ScalarTableRow03.lean:172:4: Used `tac1 <;> tac2` where `(tac1; tac2)` would suffice

Note: This linter can be disabled with `set_option linter.unnecessarySeqFocus false`
warning: CGLMP5/ScalarTableRow03.lean:176:4: Used `tac1 <;> tac2` where `(tac1; tac2)` would suffice

Note: This linter can be disabled with `set_option linter.unnecessarySeqFocus false`
warning: CGLMP5/ScalarTableRow03.lean:180:4: Used `tac1 <;> tac2` where `(tac1; tac2)` would suffice

Note: This linter can be disabled with `set_option linter.unnecessarySeqFocus false`
⚠ [2783/2834] Replayed CGLMP5.ScalarTableRow04
warning: CGLMP5/ScalarTableRow04.lean:88:8: Unused tactic linter: `ring` does nothing

Note: This linter can be disabled with `set_option linter.unusedTactic false`
warning: CGLMP5/ScalarTableRow04.lean:112:8: Unused tactic linter: `ring` does nothing

Note: This linter can be disabled with `set_option linter.unusedTactic false`
warning: CGLMP5/ScalarTableRow04.lean:136:8: Unused tactic linter: `ring` does nothing

Note: This linter can be disabled with `set_option linter.unusedTactic false`
warning: CGLMP5/ScalarTableRow04.lean:88:8: this tactic is never executed

Note: This linter can be disabled with `set_option linter.unreachableTactic false`
warning: CGLMP5/ScalarTableRow04.lean:112:8: this tactic is never executed

Note: This linter can be disabled with `set_option linter.unreachableTactic false`
warning: CGLMP5/ScalarTableRow04.lean:136:8: this tactic is never executed

Note: This linter can be disabled with `set_option linter.unreachableTactic false`
warning: CGLMP5/ScalarTableRow04.lean:92:4: Used `tac1 <;> tac2` where `(tac1; tac2)` would suffice

Note: This linter can be disabled with `set_option linter.unnecessarySeqFocus false`
warning: CGLMP5/ScalarTableRow04.lean:96:4: Used `tac1 <;> tac2` where `(tac1; tac2)` would suffice

Note: This linter can be disabled with `set_option linter.unnecessarySeqFocus false`
warning: CGLMP5/ScalarTableRow04.lean:100:4: Used `tac1 <;> tac2` where `(tac1; tac2)` would suffice

Note: This linter can be disabled with `set_option linter.unnecessarySeqFocus false`
warning: CGLMP5/ScalarTableRow04.lean:104:4: Used `tac1 <;> tac2` where `(tac1; tac2)` would suffice

Note: This linter can be disabled with `set_option linter.unnecessarySeqFocus false`
warning: CGLMP5/ScalarTableRow04.lean:108:4: Used `tac1 <;> tac2` where `(tac1; tac2)` would suffice

Note: This linter can be disabled with `set_option linter.unnecessarySeqFocus false`
warning: CGLMP5/ScalarTableRow04.lean:116:4: Used `tac1 <;> tac2` where `(tac1; tac2)` would suffice

Note: This linter can be disabled with `set_option linter.unnecessarySeqFocus false`
warning: CGLMP5/ScalarTableRow04.lean:120:4: Used `tac1 <;> tac2` where `(tac1; tac2)` would suffice

Note: This linter can be disabled with `set_option linter.unnecessarySeqFocus false`
warning: CGLMP5/ScalarTableRow04.lean:124:4: Used `tac1 <;> tac2` where `(tac1; tac2)` would suffice

Note: This linter can be disabled with `set_option linter.unnecessarySeqFocus false`
warning: CGLMP5/ScalarTableRow04.lean:128:4: Used `tac1 <;> tac2` where `(tac1; tac2)` would suffice

Note: This linter can be disabled with `set_option linter.unnecessarySeqFocus false`
warning: CGLMP5/ScalarTableRow04.lean:132:4: Used `tac1 <;> tac2` where `(tac1; tac2)` would suffice

Note: This linter can be disabled with `set_option linter.unnecessarySeqFocus false`
warning: CGLMP5/ScalarTableRow04.lean:140:4: Used `tac1 <;> tac2` where `(tac1; tac2)` would suffice

Note: This linter can be disabled with `set_option linter.unnecessarySeqFocus false`
warning: CGLMP5/ScalarTableRow04.lean:144:4: Used `tac1 <;> tac2` where `(tac1; tac2)` would suffice

Note: This linter can be disabled with `set_option linter.unnecessarySeqFocus false`
warning: CGLMP5/ScalarTableRow04.lean:148:4: Used `tac1 <;> tac2` where `(tac1; tac2)` would suffice

Note: This linter can be disabled with `set_option linter.unnecessarySeqFocus false`
warning: CGLMP5/ScalarTableRow04.lean:152:4: Used `tac1 <;> tac2` where `(tac1; tac2)` would suffice

Note: This linter can be disabled with `set_option linter.unnecessarySeqFocus false`
warning: CGLMP5/ScalarTableRow04.lean:156:4: Used `tac1 <;> tac2` where `(tac1; tac2)` would suffice

Note: This linter can be disabled with `set_option linter.unnecessarySeqFocus false`
warning: CGLMP5/ScalarTableRow04.lean:160:4: Used `tac1 <;> tac2` where `(tac1; tac2)` would suffice

Note: This linter can be disabled with `set_option linter.unnecessarySeqFocus false`
warning: CGLMP5/ScalarTableRow04.lean:164:4: Used `tac1 <;> tac2` where `(tac1; tac2)` would suffice

Note: This linter can be disabled with `set_option linter.unnecessarySeqFocus false`
warning: CGLMP5/ScalarTableRow04.lean:168:4: Used `tac1 <;> tac2` where `(tac1; tac2)` would suffice

Note: This linter can be disabled with `set_option linter.unnecessarySeqFocus false`
warning: CGLMP5/ScalarTableRow04.lean:172:4: Used `tac1 <;> tac2` where `(tac1; tac2)` would suffice

Note: This linter can be disabled with `set_option linter.unnecessarySeqFocus false`
warning: CGLMP5/ScalarTableRow04.lean:176:4: Used `tac1 <;> tac2` where `(tac1; tac2)` would suffice

Note: This linter can be disabled with `set_option linter.unnecessarySeqFocus false`
warning: CGLMP5/ScalarTableRow04.lean:180:4: Used `tac1 <;> tac2` where `(tac1; tac2)` would suffice

Note: This linter can be disabled with `set_option linter.unnecessarySeqFocus false`
⚠ [2784/2834] Replayed CGLMP5.ScalarTableRow05
warning: CGLMP5/ScalarTableRow05.lean:88:8: Unused tactic linter: `ring` does nothing

Note: This linter can be disabled with `set_option linter.unusedTactic false`
warning: CGLMP5/ScalarTableRow05.lean:112:8: Unused tactic linter: `ring` does nothing

Note: This linter can be disabled with `set_option linter.unusedTactic false`
warning: CGLMP5/ScalarTableRow05.lean:136:8: Unused tactic linter: `ring` does nothing

Note: This linter can be disabled with `set_option linter.unusedTactic false`
warning: CGLMP5/ScalarTableRow05.lean:88:8: this tactic is never executed

Note: This linter can be disabled with `set_option linter.unreachableTactic false`
warning: CGLMP5/ScalarTableRow05.lean:112:8: this tactic is never executed

Note: This linter can be disabled with `set_option linter.unreachableTactic false`
warning: CGLMP5/ScalarTableRow05.lean:136:8: this tactic is never executed

Note: This linter can be disabled with `set_option linter.unreachableTactic false`
warning: CGLMP5/ScalarTableRow05.lean:92:4: Used `tac1 <;> tac2` where `(tac1; tac2)` would suffice

Note: This linter can be disabled with `set_option linter.unnecessarySeqFocus false`
warning: CGLMP5/ScalarTableRow05.lean:96:4: Used `tac1 <;> tac2` where `(tac1; tac2)` would suffice

Note: This linter can be disabled with `set_option linter.unnecessarySeqFocus false`
warning: CGLMP5/ScalarTableRow05.lean:100:4: Used `tac1 <;> tac2` where `(tac1; tac2)` would suffice

Note: This linter can be disabled with `set_option linter.unnecessarySeqFocus false`
warning: CGLMP5/ScalarTableRow05.lean:104:4: Used `tac1 <;> tac2` where `(tac1; tac2)` would suffice

Note: This linter can be disabled with `set_option linter.unnecessarySeqFocus false`
warning: CGLMP5/ScalarTableRow05.lean:108:4: Used `tac1 <;> tac2` where `(tac1; tac2)` would suffice

Note: This linter can be disabled with `set_option linter.unnecessarySeqFocus false`
warning: CGLMP5/ScalarTableRow05.lean:116:4: Used `tac1 <;> tac2` where `(tac1; tac2)` would suffice

Note: This linter can be disabled with `set_option linter.unnecessarySeqFocus false`
warning: CGLMP5/ScalarTableRow05.lean:120:4: Used `tac1 <;> tac2` where `(tac1; tac2)` would suffice

Note: This linter can be disabled with `set_option linter.unnecessarySeqFocus false`
warning: CGLMP5/ScalarTableRow05.lean:124:4: Used `tac1 <;> tac2` where `(tac1; tac2)` would suffice

Note: This linter can be disabled with `set_option linter.unnecessarySeqFocus false`
warning: CGLMP5/ScalarTableRow05.lean:128:4: Used `tac1 <;> tac2` where `(tac1; tac2)` would suffice

Note: This linter can be disabled with `set_option linter.unnecessarySeqFocus false`
warning: CGLMP5/ScalarTableRow05.lean:132:4: Used `tac1 <;> tac2` where `(tac1; tac2)` would suffice

Note: This linter can be disabled with `set_option linter.unnecessarySeqFocus false`
warning: CGLMP5/ScalarTableRow05.lean:140:4: Used `tac1 <;> tac2` where `(tac1; tac2)` would suffice

Note: This linter can be disabled with `set_option linter.unnecessarySeqFocus false`
warning: CGLMP5/ScalarTableRow05.lean:144:4: Used `tac1 <;> tac2` where `(tac1; tac2)` would suffice

Note: This linter can be disabled with `set_option linter.unnecessarySeqFocus false`
warning: CGLMP5/ScalarTableRow05.lean:148:4: Used `tac1 <;> tac2` where `(tac1; tac2)` would suffice

Note: This linter can be disabled with `set_option linter.unnecessarySeqFocus false`
warning: CGLMP5/ScalarTableRow05.lean:152:4: Used `tac1 <;> tac2` where `(tac1; tac2)` would suffice

Note: This linter can be disabled with `set_option linter.unnecessarySeqFocus false`
warning: CGLMP5/ScalarTableRow05.lean:156:4: Used `tac1 <;> tac2` where `(tac1; tac2)` would suffice

Note: This linter can be disabled with `set_option linter.unnecessarySeqFocus false`
warning: CGLMP5/ScalarTableRow05.lean:160:4: Used `tac1 <;> tac2` where `(tac1; tac2)` would suffice

Note: This linter can be disabled with `set_option linter.unnecessarySeqFocus false`
warning: CGLMP5/ScalarTableRow05.lean:164:4: Used `tac1 <;> tac2` where `(tac1; tac2)` would suffice

Note: This linter can be disabled with `set_option linter.unnecessarySeqFocus false`
warning: CGLMP5/ScalarTableRow05.lean:168:4: Used `tac1 <;> tac2` where `(tac1; tac2)` would suffice

Note: This linter can be disabled with `set_option linter.unnecessarySeqFocus false`
warning: CGLMP5/ScalarTableRow05.lean:172:4: Used `tac1 <;> tac2` where `(tac1; tac2)` would suffice

Note: This linter can be disabled with `set_option linter.unnecessarySeqFocus false`
warning: CGLMP5/ScalarTableRow05.lean:176:4: Used `tac1 <;> tac2` where `(tac1; tac2)` would suffice

Note: This linter can be disabled with `set_option linter.unnecessarySeqFocus false`
warning: CGLMP5/ScalarTableRow05.lean:180:4: Used `tac1 <;> tac2` where `(tac1; tac2)` would suffice

Note: This linter can be disabled with `set_option linter.unnecessarySeqFocus false`
⚠ [2785/2834] Replayed CGLMP5.ScalarTableRow06
warning: CGLMP5/ScalarTableRow06.lean:88:8: Unused tactic linter: `ring` does nothing

Note: This linter can be disabled with `set_option linter.unusedTactic false`
warning: CGLMP5/ScalarTableRow06.lean:136:8: Unused tactic linter: `ring` does nothing

Note: This linter can be disabled with `set_option linter.unusedTactic false`
warning: CGLMP5/ScalarTableRow06.lean:88:8: this tactic is never executed

Note: This linter can be disabled with `set_option linter.unreachableTactic false`
warning: CGLMP5/ScalarTableRow06.lean:136:8: this tactic is never executed

Note: This linter can be disabled with `set_option linter.unreachableTactic false`
warning: CGLMP5/ScalarTableRow06.lean:92:4: Used `tac1 <;> tac2` where `(tac1; tac2)` would suffice

Note: This linter can be disabled with `set_option linter.unnecessarySeqFocus false`
warning: CGLMP5/ScalarTableRow06.lean:96:4: Used `tac1 <;> tac2` where `(tac1; tac2)` would suffice

Note: This linter can be disabled with `set_option linter.unnecessarySeqFocus false`
warning: CGLMP5/ScalarTableRow06.lean:100:4: Used `tac1 <;> tac2` where `(tac1; tac2)` would suffice

Note: This linter can be disabled with `set_option linter.unnecessarySeqFocus false`
warning: CGLMP5/ScalarTableRow06.lean:104:4: Used `tac1 <;> tac2` where `(tac1; tac2)` would suffice

Note: This linter can be disabled with `set_option linter.unnecessarySeqFocus false`
warning: CGLMP5/ScalarTableRow06.lean:108:4: Used `tac1 <;> tac2` where `(tac1; tac2)` would suffice

Note: This linter can be disabled with `set_option linter.unnecessarySeqFocus false`
warning: CGLMP5/ScalarTableRow06.lean:112:4: Used `tac1 <;> tac2` where `(tac1; tac2)` would suffice

Note: This linter can be disabled with `set_option linter.unnecessarySeqFocus false`
warning: CGLMP5/ScalarTableRow06.lean:116:4: Used `tac1 <;> tac2` where `(tac1; tac2)` would suffice

Note: This linter can be disabled with `set_option linter.unnecessarySeqFocus false`
warning: CGLMP5/ScalarTableRow06.lean:120:4: Used `tac1 <;> tac2` where `(tac1; tac2)` would suffice

Note: This linter can be disabled with `set_option linter.unnecessarySeqFocus false`
warning: CGLMP5/ScalarTableRow06.lean:124:4: Used `tac1 <;> tac2` where `(tac1; tac2)` would suffice

Note: This linter can be disabled with `set_option linter.unnecessarySeqFocus false`
warning: CGLMP5/ScalarTableRow06.lean:128:4: Used `tac1 <;> tac2` where `(tac1; tac2)` would suffice

Note: This linter can be disabled with `set_option linter.unnecessarySeqFocus false`
warning: CGLMP5/ScalarTableRow06.lean:132:4: Used `tac1 <;> tac2` where `(tac1; tac2)` would suffice

Note: This linter can be disabled with `set_option linter.unnecessarySeqFocus false`
warning: CGLMP5/ScalarTableRow06.lean:140:4: Used `tac1 <;> tac2` where `(tac1; tac2)` would suffice

Note: This linter can be disabled with `set_option linter.unnecessarySeqFocus false`
warning: CGLMP5/ScalarTableRow06.lean:144:4: Used `tac1 <;> tac2` where `(tac1; tac2)` would suffice

Note: This linter can be disabled with `set_option linter.unnecessarySeqFocus false`
warning: CGLMP5/ScalarTableRow06.lean:148:4: Used `tac1 <;> tac2` where `(tac1; tac2)` would suffice

Note: This linter can be disabled with `set_option linter.unnecessarySeqFocus false`
warning: CGLMP5/ScalarTableRow06.lean:152:4: Used `tac1 <;> tac2` where `(tac1; tac2)` would suffice

Note: This linter can be disabled with `set_option linter.unnecessarySeqFocus false`
warning: CGLMP5/ScalarTableRow06.lean:156:4: Used `tac1 <;> tac2` where `(tac1; tac2)` would suffice

Note: This linter can be disabled with `set_option linter.unnecessarySeqFocus false`
warning: CGLMP5/ScalarTableRow06.lean:160:4: Used `tac1 <;> tac2` where `(tac1; tac2)` would suffice

Note: This linter can be disabled with `set_option linter.unnecessarySeqFocus false`
warning: CGLMP5/ScalarTableRow06.lean:164:4: Used `tac1 <;> tac2` where `(tac1; tac2)` would suffice

Note: This linter can be disabled with `set_option linter.unnecessarySeqFocus false`
warning: CGLMP5/ScalarTableRow06.lean:168:4: Used `tac1 <;> tac2` where `(tac1; tac2)` would suffice

Note: This linter can be disabled with `set_option linter.unnecessarySeqFocus false`
warning: CGLMP5/ScalarTableRow06.lean:172:4: Used `tac1 <;> tac2` where `(tac1; tac2)` would suffice

Note: This linter can be disabled with `set_option linter.unnecessarySeqFocus false`
warning: CGLMP5/ScalarTableRow06.lean:176:4: Used `tac1 <;> tac2` where `(tac1; tac2)` would suffice

Note: This linter can be disabled with `set_option linter.unnecessarySeqFocus false`
warning: CGLMP5/ScalarTableRow06.lean:180:4: Used `tac1 <;> tac2` where `(tac1; tac2)` would suffice

Note: This linter can be disabled with `set_option linter.unnecessarySeqFocus false`
⚠ [2786/2834] Replayed CGLMP5.ScalarTableRow07
warning: CGLMP5/ScalarTableRow07.lean:88:8: Unused tactic linter: `ring` does nothing

Note: This linter can be disabled with `set_option linter.unusedTactic false`
warning: CGLMP5/ScalarTableRow07.lean:136:8: Unused tactic linter: `ring` does nothing

Note: This linter can be disabled with `set_option linter.unusedTactic false`
warning: CGLMP5/ScalarTableRow07.lean:88:8: this tactic is never executed

Note: This linter can be disabled with `set_option linter.unreachableTactic false`
warning: CGLMP5/ScalarTableRow07.lean:136:8: this tactic is never executed

Note: This linter can be disabled with `set_option linter.unreachableTactic false`
warning: CGLMP5/ScalarTableRow07.lean:92:4: Used `tac1 <;> tac2` where `(tac1; tac2)` would suffice

Note: This linter can be disabled with `set_option linter.unnecessarySeqFocus false`
warning: CGLMP5/ScalarTableRow07.lean:96:4: Used `tac1 <;> tac2` where `(tac1; tac2)` would suffice

Note: This linter can be disabled with `set_option linter.unnecessarySeqFocus false`
warning: CGLMP5/ScalarTableRow07.lean:100:4: Used `tac1 <;> tac2` where `(tac1; tac2)` would suffice

Note: This linter can be disabled with `set_option linter.unnecessarySeqFocus false`
warning: CGLMP5/ScalarTableRow07.lean:104:4: Used `tac1 <;> tac2` where `(tac1; tac2)` would suffice

Note: This linter can be disabled with `set_option linter.unnecessarySeqFocus false`
warning: CGLMP5/ScalarTableRow07.lean:108:4: Used `tac1 <;> tac2` where `(tac1; tac2)` would suffice

Note: This linter can be disabled with `set_option linter.unnecessarySeqFocus false`
warning: CGLMP5/ScalarTableRow07.lean:112:4: Used `tac1 <;> tac2` where `(tac1; tac2)` would suffice

Note: This linter can be disabled with `set_option linter.unnecessarySeqFocus false`
warning: CGLMP5/ScalarTableRow07.lean:116:4: Used `tac1 <;> tac2` where `(tac1; tac2)` would suffice

Note: This linter can be disabled with `set_option linter.unnecessarySeqFocus false`
warning: CGLMP5/ScalarTableRow07.lean:120:4: Used `tac1 <;> tac2` where `(tac1; tac2)` would suffice

Note: This linter can be disabled with `set_option linter.unnecessarySeqFocus false`
warning: CGLMP5/ScalarTableRow07.lean:124:4: Used `tac1 <;> tac2` where `(tac1; tac2)` would suffice

Note: This linter can be disabled with `set_option linter.unnecessarySeqFocus false`
warning: CGLMP5/ScalarTableRow07.lean:128:4: Used `tac1 <;> tac2` where `(tac1; tac2)` would suffice

Note: This linter can be disabled with `set_option linter.unnecessarySeqFocus false`
warning: CGLMP5/ScalarTableRow07.lean:132:4: Used `tac1 <;> tac2` where `(tac1; tac2)` would suffice

Note: This linter can be disabled with `set_option linter.unnecessarySeqFocus false`
warning: CGLMP5/ScalarTableRow07.lean:140:4: Used `tac1 <;> tac2` where `(tac1; tac2)` would suffice

Note: This linter can be disabled with `set_option linter.unnecessarySeqFocus false`
warning: CGLMP5/ScalarTableRow07.lean:144:4: Used `tac1 <;> tac2` where `(tac1; tac2)` would suffice

Note: This linter can be disabled with `set_option linter.unnecessarySeqFocus false`
warning: CGLMP5/ScalarTableRow07.lean:148:4: Used `tac1 <;> tac2` where `(tac1; tac2)` would suffice

Note: This linter can be disabled with `set_option linter.unnecessarySeqFocus false`
warning: CGLMP5/ScalarTableRow07.lean:152:4: Used `tac1 <;> tac2` where `(tac1; tac2)` would suffice

Note: This linter can be disabled with `set_option linter.unnecessarySeqFocus false`
warning: CGLMP5/ScalarTableRow07.lean:156:4: Used `tac1 <;> tac2` where `(tac1; tac2)` would suffice

Note: This linter can be disabled with `set_option linter.unnecessarySeqFocus false`
warning: CGLMP5/ScalarTableRow07.lean:160:4: Used `tac1 <;> tac2` where `(tac1; tac2)` would suffice

Note: This linter can be disabled with `set_option linter.unnecessarySeqFocus false`
warning: CGLMP5/ScalarTableRow07.lean:164:4: Used `tac1 <;> tac2` where `(tac1; tac2)` would suffice

Note: This linter can be disabled with `set_option linter.unnecessarySeqFocus false`
warning: CGLMP5/ScalarTableRow07.lean:168:4: Used `tac1 <;> tac2` where `(tac1; tac2)` would suffice

Note: This linter can be disabled with `set_option linter.unnecessarySeqFocus false`
warning: CGLMP5/ScalarTableRow07.lean:172:4: Used `tac1 <;> tac2` where `(tac1; tac2)` would suffice

Note: This linter can be disabled with `set_option linter.unnecessarySeqFocus false`
warning: CGLMP5/ScalarTableRow07.lean:176:4: Used `tac1 <;> tac2` where `(tac1; tac2)` would suffice

Note: This linter can be disabled with `set_option linter.unnecessarySeqFocus false`
warning: CGLMP5/ScalarTableRow07.lean:180:4: Used `tac1 <;> tac2` where `(tac1; tac2)` would suffice

Note: This linter can be disabled with `set_option linter.unnecessarySeqFocus false`
⚠ [2787/2834] Replayed CGLMP5.ScalarTableRow08
warning: CGLMP5/ScalarTableRow08.lean:88:8: Unused tactic linter: `ring` does nothing

Note: This linter can be disabled with `set_option linter.unusedTactic false`
warning: CGLMP5/ScalarTableRow08.lean:136:8: Unused tactic linter: `ring` does nothing

Note: This linter can be disabled with `set_option linter.unusedTactic false`
warning: CGLMP5/ScalarTableRow08.lean:88:8: this tactic is never executed

Note: This linter can be disabled with `set_option linter.unreachableTactic false`
warning: CGLMP5/ScalarTableRow08.lean:136:8: this tactic is never executed

Note: This linter can be disabled with `set_option linter.unreachableTactic false`
warning: CGLMP5/ScalarTableRow08.lean:92:4: Used `tac1 <;> tac2` where `(tac1; tac2)` would suffice

Note: This linter can be disabled with `set_option linter.unnecessarySeqFocus false`
warning: CGLMP5/ScalarTableRow08.lean:96:4: Used `tac1 <;> tac2` where `(tac1; tac2)` would suffice

Note: This linter can be disabled with `set_option linter.unnecessarySeqFocus false`
warning: CGLMP5/ScalarTableRow08.lean:100:4: Used `tac1 <;> tac2` where `(tac1; tac2)` would suffice

Note: This linter can be disabled with `set_option linter.unnecessarySeqFocus false`
warning: CGLMP5/ScalarTableRow08.lean:104:4: Used `tac1 <;> tac2` where `(tac1; tac2)` would suffice

Note: This linter can be disabled with `set_option linter.unnecessarySeqFocus false`
warning: CGLMP5/ScalarTableRow08.lean:108:4: Used `tac1 <;> tac2` where `(tac1; tac2)` would suffice

Note: This linter can be disabled with `set_option linter.unnecessarySeqFocus false`
warning: CGLMP5/ScalarTableRow08.lean:112:4: Used `tac1 <;> tac2` where `(tac1; tac2)` would suffice

Note: This linter can be disabled with `set_option linter.unnecessarySeqFocus false`
warning: CGLMP5/ScalarTableRow08.lean:116:4: Used `tac1 <;> tac2` where `(tac1; tac2)` would suffice

Note: This linter can be disabled with `set_option linter.unnecessarySeqFocus false`
warning: CGLMP5/ScalarTableRow08.lean:120:4: Used `tac1 <;> tac2` where `(tac1; tac2)` would suffice

Note: This linter can be disabled with `set_option linter.unnecessarySeqFocus false`
warning: CGLMP5/ScalarTableRow08.lean:124:4: Used `tac1 <;> tac2` where `(tac1; tac2)` would suffice

Note: This linter can be disabled with `set_option linter.unnecessarySeqFocus false`
warning: CGLMP5/ScalarTableRow08.lean:128:4: Used `tac1 <;> tac2` where `(tac1; tac2)` would suffice

Note: This linter can be disabled with `set_option linter.unnecessarySeqFocus false`
warning: CGLMP5/ScalarTableRow08.lean:132:4: Used `tac1 <;> tac2` where `(tac1; tac2)` would suffice

Note: This linter can be disabled with `set_option linter.unnecessarySeqFocus false`
warning: CGLMP5/ScalarTableRow08.lean:140:4: Used `tac1 <;> tac2` where `(tac1; tac2)` would suffice

Note: This linter can be disabled with `set_option linter.unnecessarySeqFocus false`
warning: CGLMP5/ScalarTableRow08.lean:144:4: Used `tac1 <;> tac2` where `(tac1; tac2)` would suffice

Note: This linter can be disabled with `set_option linter.unnecessarySeqFocus false`
warning: CGLMP5/ScalarTableRow08.lean:148:4: Used `tac1 <;> tac2` where `(tac1; tac2)` would suffice

Note: This linter can be disabled with `set_option linter.unnecessarySeqFocus false`
warning: CGLMP5/ScalarTableRow08.lean:152:4: Used `tac1 <;> tac2` where `(tac1; tac2)` would suffice

Note: This linter can be disabled with `set_option linter.unnecessarySeqFocus false`
warning: CGLMP5/ScalarTableRow08.lean:156:4: Used `tac1 <;> tac2` where `(tac1; tac2)` would suffice

Note: This linter can be disabled with `set_option linter.unnecessarySeqFocus false`
warning: CGLMP5/ScalarTableRow08.lean:160:4: Used `tac1 <;> tac2` where `(tac1; tac2)` would suffice

Note: This linter can be disabled with `set_option linter.unnecessarySeqFocus false`
warning: CGLMP5/ScalarTableRow08.lean:164:4: Used `tac1 <;> tac2` where `(tac1; tac2)` would suffice

Note: This linter can be disabled with `set_option linter.unnecessarySeqFocus false`
warning: CGLMP5/ScalarTableRow08.lean:168:4: Used `tac1 <;> tac2` where `(tac1; tac2)` would suffice

Note: This linter can be disabled with `set_option linter.unnecessarySeqFocus false`
warning: CGLMP5/ScalarTableRow08.lean:172:4: Used `tac1 <;> tac2` where `(tac1; tac2)` would suffice

Note: This linter can be disabled with `set_option linter.unnecessarySeqFocus false`
warning: CGLMP5/ScalarTableRow08.lean:176:4: Used `tac1 <;> tac2` where `(tac1; tac2)` would suffice

Note: This linter can be disabled with `set_option linter.unnecessarySeqFocus false`
warning: CGLMP5/ScalarTableRow08.lean:180:4: Used `tac1 <;> tac2` where `(tac1; tac2)` would suffice

Note: This linter can be disabled with `set_option linter.unnecessarySeqFocus false`
⚠ [2788/2834] Replayed CGLMP5.ScalarTableRow09
warning: CGLMP5/ScalarTableRow09.lean:88:8: Unused tactic linter: `ring` does nothing

Note: This linter can be disabled with `set_option linter.unusedTactic false`
warning: CGLMP5/ScalarTableRow09.lean:136:8: Unused tactic linter: `ring` does nothing

Note: This linter can be disabled with `set_option linter.unusedTactic false`
warning: CGLMP5/ScalarTableRow09.lean:88:8: this tactic is never executed

Note: This linter can be disabled with `set_option linter.unreachableTactic false`
warning: CGLMP5/ScalarTableRow09.lean:136:8: this tactic is never executed

Note: This linter can be disabled with `set_option linter.unreachableTactic false`
warning: CGLMP5/ScalarTableRow09.lean:92:4: Used `tac1 <;> tac2` where `(tac1; tac2)` would suffice

Note: This linter can be disabled with `set_option linter.unnecessarySeqFocus false`
warning: CGLMP5/ScalarTableRow09.lean:96:4: Used `tac1 <;> tac2` where `(tac1; tac2)` would suffice

Note: This linter can be disabled with `set_option linter.unnecessarySeqFocus false`
warning: CGLMP5/ScalarTableRow09.lean:100:4: Used `tac1 <;> tac2` where `(tac1; tac2)` would suffice

Note: This linter can be disabled with `set_option linter.unnecessarySeqFocus false`
warning: CGLMP5/ScalarTableRow09.lean:104:4: Used `tac1 <;> tac2` where `(tac1; tac2)` would suffice

Note: This linter can be disabled with `set_option linter.unnecessarySeqFocus false`
warning: CGLMP5/ScalarTableRow09.lean:108:4: Used `tac1 <;> tac2` where `(tac1; tac2)` would suffice

Note: This linter can be disabled with `set_option linter.unnecessarySeqFocus false`
warning: CGLMP5/ScalarTableRow09.lean:112:4: Used `tac1 <;> tac2` where `(tac1; tac2)` would suffice

Note: This linter can be disabled with `set_option linter.unnecessarySeqFocus false`
warning: CGLMP5/ScalarTableRow09.lean:116:4: Used `tac1 <;> tac2` where `(tac1; tac2)` would suffice

Note: This linter can be disabled with `set_option linter.unnecessarySeqFocus false`
warning: CGLMP5/ScalarTableRow09.lean:120:4: Used `tac1 <;> tac2` where `(tac1; tac2)` would suffice

Note: This linter can be disabled with `set_option linter.unnecessarySeqFocus false`
warning: CGLMP5/ScalarTableRow09.lean:124:4: Used `tac1 <;> tac2` where `(tac1; tac2)` would suffice

Note: This linter can be disabled with `set_option linter.unnecessarySeqFocus false`
warning: CGLMP5/ScalarTableRow09.lean:128:4: Used `tac1 <;> tac2` where `(tac1; tac2)` would suffice

Note: This linter can be disabled with `set_option linter.unnecessarySeqFocus false`
warning: CGLMP5/ScalarTableRow09.lean:132:4: Used `tac1 <;> tac2` where `(tac1; tac2)` would suffice

Note: This linter can be disabled with `set_option linter.unnecessarySeqFocus false`
warning: CGLMP5/ScalarTableRow09.lean:140:4: Used `tac1 <;> tac2` where `(tac1; tac2)` would suffice

Note: This linter can be disabled with `set_option linter.unnecessarySeqFocus false`
warning: CGLMP5/ScalarTableRow09.lean:144:4: Used `tac1 <;> tac2` where `(tac1; tac2)` would suffice

Note: This linter can be disabled with `set_option linter.unnecessarySeqFocus false`
warning: CGLMP5/ScalarTableRow09.lean:148:4: Used `tac1 <;> tac2` where `(tac1; tac2)` would suffice

Note: This linter can be disabled with `set_option linter.unnecessarySeqFocus false`
warning: CGLMP5/ScalarTableRow09.lean:152:4: Used `tac1 <;> tac2` where `(tac1; tac2)` would suffice

Note: This linter can be disabled with `set_option linter.unnecessarySeqFocus false`
warning: CGLMP5/ScalarTableRow09.lean:156:4: Used `tac1 <;> tac2` where `(tac1; tac2)` would suffice

Note: This linter can be disabled with `set_option linter.unnecessarySeqFocus false`
warning: CGLMP5/ScalarTableRow09.lean:160:4: Used `tac1 <;> tac2` where `(tac1; tac2)` would suffice

Note: This linter can be disabled with `set_option linter.unnecessarySeqFocus false`
warning: CGLMP5/ScalarTableRow09.lean:164:4: Used `tac1 <;> tac2` where `(tac1; tac2)` would suffice

Note: This linter can be disabled with `set_option linter.unnecessarySeqFocus false`
warning: CGLMP5/ScalarTableRow09.lean:168:4: Used `tac1 <;> tac2` where `(tac1; tac2)` would suffice

Note: This linter can be disabled with `set_option linter.unnecessarySeqFocus false`
warning: CGLMP5/ScalarTableRow09.lean:172:4: Used `tac1 <;> tac2` where `(tac1; tac2)` would suffice

Note: This linter can be disabled with `set_option linter.unnecessarySeqFocus false`
warning: CGLMP5/ScalarTableRow09.lean:176:4: Used `tac1 <;> tac2` where `(tac1; tac2)` would suffice

Note: This linter can be disabled with `set_option linter.unnecessarySeqFocus false`
warning: CGLMP5/ScalarTableRow09.lean:180:4: Used `tac1 <;> tac2` where `(tac1; tac2)` would suffice

Note: This linter can be disabled with `set_option linter.unnecessarySeqFocus false`
⚠ [2789/2834] Replayed CGLMP5.ScalarTableRow10
warning: CGLMP5/ScalarTableRow10.lean:88:8: Unused tactic linter: `ring` does nothing

Note: This linter can be disabled with `set_option linter.unusedTactic false`
warning: CGLMP5/ScalarTableRow10.lean:136:8: Unused tactic linter: `ring` does nothing

Note: This linter can be disabled with `set_option linter.unusedTactic false`
warning: CGLMP5/ScalarTableRow10.lean:88:8: this tactic is never executed

Note: This linter can be disabled with `set_option linter.unreachableTactic false`
warning: CGLMP5/ScalarTableRow10.lean:136:8: this tactic is never executed

Note: This linter can be disabled with `set_option linter.unreachableTactic false`
warning: CGLMP5/ScalarTableRow10.lean:92:4: Used `tac1 <;> tac2` where `(tac1; tac2)` would suffice

Note: This linter can be disabled with `set_option linter.unnecessarySeqFocus false`
warning: CGLMP5/ScalarTableRow10.lean:96:4: Used `tac1 <;> tac2` where `(tac1; tac2)` would suffice

Note: This linter can be disabled with `set_option linter.unnecessarySeqFocus false`
warning: CGLMP5/ScalarTableRow10.lean:100:4: Used `tac1 <;> tac2` where `(tac1; tac2)` would suffice

Note: This linter can be disabled with `set_option linter.unnecessarySeqFocus false`
warning: CGLMP5/ScalarTableRow10.lean:104:4: Used `tac1 <;> tac2` where `(tac1; tac2)` would suffice

Note: This linter can be disabled with `set_option linter.unnecessarySeqFocus false`
warning: CGLMP5/ScalarTableRow10.lean:108:4: Used `tac1 <;> tac2` where `(tac1; tac2)` would suffice

Note: This linter can be disabled with `set_option linter.unnecessarySeqFocus false`
warning: CGLMP5/ScalarTableRow10.lean:112:4: Used `tac1 <;> tac2` where `(tac1; tac2)` would suffice

Note: This linter can be disabled with `set_option linter.unnecessarySeqFocus false`
warning: CGLMP5/ScalarTableRow10.lean:116:4: Used `tac1 <;> tac2` where `(tac1; tac2)` would suffice

Note: This linter can be disabled with `set_option linter.unnecessarySeqFocus false`
warning: CGLMP5/ScalarTableRow10.lean:120:4: Used `tac1 <;> tac2` where `(tac1; tac2)` would suffice

Note: This linter can be disabled with `set_option linter.unnecessarySeqFocus false`
warning: CGLMP5/ScalarTableRow10.lean:124:4: Used `tac1 <;> tac2` where `(tac1; tac2)` would suffice

Note: This linter can be disabled with `set_option linter.unnecessarySeqFocus false`
warning: CGLMP5/ScalarTableRow10.lean:128:4: Used `tac1 <;> tac2` where `(tac1; tac2)` would suffice

Note: This linter can be disabled with `set_option linter.unnecessarySeqFocus false`
warning: CGLMP5/ScalarTableRow10.lean:132:4: Used `tac1 <;> tac2` where `(tac1; tac2)` would suffice

Note: This linter can be disabled with `set_option linter.unnecessarySeqFocus false`
warning: CGLMP5/ScalarTableRow10.lean:140:4: Used `tac1 <;> tac2` where `(tac1; tac2)` would suffice

Note: This linter can be disabled with `set_option linter.unnecessarySeqFocus false`
warning: CGLMP5/ScalarTableRow10.lean:144:4: Used `tac1 <;> tac2` where `(tac1; tac2)` would suffice

Note: This linter can be disabled with `set_option linter.unnecessarySeqFocus false`
warning: CGLMP5/ScalarTableRow10.lean:148:4: Used `tac1 <;> tac2` where `(tac1; tac2)` would suffice

Note: This linter can be disabled with `set_option linter.unnecessarySeqFocus false`
warning: CGLMP5/ScalarTableRow10.lean:152:4: Used `tac1 <;> tac2` where `(tac1; tac2)` would suffice

Note: This linter can be disabled with `set_option linter.unnecessarySeqFocus false`
warning: CGLMP5/ScalarTableRow10.lean:156:4: Used `tac1 <;> tac2` where `(tac1; tac2)` would suffice

Note: This linter can be disabled with `set_option linter.unnecessarySeqFocus false`
warning: CGLMP5/ScalarTableRow10.lean:160:4: Used `tac1 <;> tac2` where `(tac1; tac2)` would suffice

Note: This linter can be disabled with `set_option linter.unnecessarySeqFocus false`
warning: CGLMP5/ScalarTableRow10.lean:164:4: Used `tac1 <;> tac2` where `(tac1; tac2)` would suffice

Note: This linter can be disabled with `set_option linter.unnecessarySeqFocus false`
warning: CGLMP5/ScalarTableRow10.lean:168:4: Used `tac1 <;> tac2` where `(tac1; tac2)` would suffice

Note: This linter can be disabled with `set_option linter.unnecessarySeqFocus false`
warning: CGLMP5/ScalarTableRow10.lean:172:4: Used `tac1 <;> tac2` where `(tac1; tac2)` would suffice

Note: This linter can be disabled with `set_option linter.unnecessarySeqFocus false`
warning: CGLMP5/ScalarTableRow10.lean:176:4: Used `tac1 <;> tac2` where `(tac1; tac2)` would suffice

Note: This linter can be disabled with `set_option linter.unnecessarySeqFocus false`
warning: CGLMP5/ScalarTableRow10.lean:180:4: Used `tac1 <;> tac2` where `(tac1; tac2)` would suffice

Note: This linter can be disabled with `set_option linter.unnecessarySeqFocus false`
⚠ [2790/2834] Replayed CGLMP5.ScalarTableRow11
warning: CGLMP5/ScalarTableRow11.lean:88:8: Unused tactic linter: `ring` does nothing

Note: This linter can be disabled with `set_option linter.unusedTactic false`
warning: CGLMP5/ScalarTableRow11.lean:136:8: Unused tactic linter: `ring` does nothing

Note: This linter can be disabled with `set_option linter.unusedTactic false`
warning: CGLMP5/ScalarTableRow11.lean:88:8: this tactic is never executed

Note: This linter can be disabled with `set_option linter.unreachableTactic false`
warning: CGLMP5/ScalarTableRow11.lean:136:8: this tactic is never executed

Note: This linter can be disabled with `set_option linter.unreachableTactic false`
warning: CGLMP5/ScalarTableRow11.lean:92:4: Used `tac1 <;> tac2` where `(tac1; tac2)` would suffice

Note: This linter can be disabled with `set_option linter.unnecessarySeqFocus false`
warning: CGLMP5/ScalarTableRow11.lean:96:4: Used `tac1 <;> tac2` where `(tac1; tac2)` would suffice

Note: This linter can be disabled with `set_option linter.unnecessarySeqFocus false`
warning: CGLMP5/ScalarTableRow11.lean:100:4: Used `tac1 <;> tac2` where `(tac1; tac2)` would suffice

Note: This linter can be disabled with `set_option linter.unnecessarySeqFocus false`
warning: CGLMP5/ScalarTableRow11.lean:104:4: Used `tac1 <;> tac2` where `(tac1; tac2)` would suffice

Note: This linter can be disabled with `set_option linter.unnecessarySeqFocus false`
warning: CGLMP5/ScalarTableRow11.lean:108:4: Used `tac1 <;> tac2` where `(tac1; tac2)` would suffice

Note: This linter can be disabled with `set_option linter.unnecessarySeqFocus false`
warning: CGLMP5/ScalarTableRow11.lean:112:4: Used `tac1 <;> tac2` where `(tac1; tac2)` would suffice

Note: This linter can be disabled with `set_option linter.unnecessarySeqFocus false`
warning: CGLMP5/ScalarTableRow11.lean:116:4: Used `tac1 <;> tac2` where `(tac1; tac2)` would suffice

Note: This linter can be disabled with `set_option linter.unnecessarySeqFocus false`
warning: CGLMP5/ScalarTableRow11.lean:120:4: Used `tac1 <;> tac2` where `(tac1; tac2)` would suffice

Note: This linter can be disabled with `set_option linter.unnecessarySeqFocus false`
warning: CGLMP5/ScalarTableRow11.lean:124:4: Used `tac1 <;> tac2` where `(tac1; tac2)` would suffice

Note: This linter can be disabled with `set_option linter.unnecessarySeqFocus false`
warning: CGLMP5/ScalarTableRow11.lean:128:4: Used `tac1 <;> tac2` where `(tac1; tac2)` would suffice

Note: This linter can be disabled with `set_option linter.unnecessarySeqFocus false`
warning: CGLMP5/ScalarTableRow11.lean:132:4: Used `tac1 <;> tac2` where `(tac1; tac2)` would suffice

Note: This linter can be disabled with `set_option linter.unnecessarySeqFocus false`
warning: CGLMP5/ScalarTableRow11.lean:140:4: Used `tac1 <;> tac2` where `(tac1; tac2)` would suffice

Note: This linter can be disabled with `set_option linter.unnecessarySeqFocus false`
warning: CGLMP5/ScalarTableRow11.lean:144:4: Used `tac1 <;> tac2` where `(tac1; tac2)` would suffice

Note: This linter can be disabled with `set_option linter.unnecessarySeqFocus false`
warning: CGLMP5/ScalarTableRow11.lean:148:4: Used `tac1 <;> tac2` where `(tac1; tac2)` would suffice

Note: This linter can be disabled with `set_option linter.unnecessarySeqFocus false`
warning: CGLMP5/ScalarTableRow11.lean:152:4: Used `tac1 <;> tac2` where `(tac1; tac2)` would suffice

Note: This linter can be disabled with `set_option linter.unnecessarySeqFocus false`
warning: CGLMP5/ScalarTableRow11.lean:156:4: Used `tac1 <;> tac2` where `(tac1; tac2)` would suffice

Note: This linter can be disabled with `set_option linter.unnecessarySeqFocus false`
warning: CGLMP5/ScalarTableRow11.lean:160:4: Used `tac1 <;> tac2` where `(tac1; tac2)` would suffice

Note: This linter can be disabled with `set_option linter.unnecessarySeqFocus false`
warning: CGLMP5/ScalarTableRow11.lean:164:4: Used `tac1 <;> tac2` where `(tac1; tac2)` would suffice

Note: This linter can be disabled with `set_option linter.unnecessarySeqFocus false`
warning: CGLMP5/ScalarTableRow11.lean:168:4: Used `tac1 <;> tac2` where `(tac1; tac2)` would suffice

Note: This linter can be disabled with `set_option linter.unnecessarySeqFocus false`
warning: CGLMP5/ScalarTableRow11.lean:172:4: Used `tac1 <;> tac2` where `(tac1; tac2)` would suffice

Note: This linter can be disabled with `set_option linter.unnecessarySeqFocus false`
warning: CGLMP5/ScalarTableRow11.lean:176:4: Used `tac1 <;> tac2` where `(tac1; tac2)` would suffice

Note: This linter can be disabled with `set_option linter.unnecessarySeqFocus false`
warning: CGLMP5/ScalarTableRow11.lean:180:4: Used `tac1 <;> tac2` where `(tac1; tac2)` would suffice

Note: This linter can be disabled with `set_option linter.unnecessarySeqFocus false`
⚠ [2791/2834] Replayed CGLMP5.ScalarTableRow12
warning: CGLMP5/ScalarTableRow12.lean:88:8: Unused tactic linter: `ring` does nothing

Note: This linter can be disabled with `set_option linter.unusedTactic false`
warning: CGLMP5/ScalarTableRow12.lean:136:8: Unused tactic linter: `linear_combination -(1) * Complex.I_sq` does nothing

Note: This linter can be disabled with `set_option linter.unusedTactic false`
warning: CGLMP5/ScalarTableRow12.lean:88:8: this tactic is never executed

Note: This linter can be disabled with `set_option linter.unreachableTactic false`
warning: CGLMP5/ScalarTableRow12.lean:136:8: this tactic is never executed

Note: This linter can be disabled with `set_option linter.unreachableTactic false`
warning: CGLMP5/ScalarTableRow12.lean:92:4: Used `tac1 <;> tac2` where `(tac1; tac2)` would suffice

Note: This linter can be disabled with `set_option linter.unnecessarySeqFocus false`
warning: CGLMP5/ScalarTableRow12.lean:96:4: Used `tac1 <;> tac2` where `(tac1; tac2)` would suffice

Note: This linter can be disabled with `set_option linter.unnecessarySeqFocus false`
warning: CGLMP5/ScalarTableRow12.lean:100:4: Used `tac1 <;> tac2` where `(tac1; tac2)` would suffice

Note: This linter can be disabled with `set_option linter.unnecessarySeqFocus false`
warning: CGLMP5/ScalarTableRow12.lean:104:4: Used `tac1 <;> tac2` where `(tac1; tac2)` would suffice

Note: This linter can be disabled with `set_option linter.unnecessarySeqFocus false`
warning: CGLMP5/ScalarTableRow12.lean:108:4: Used `tac1 <;> tac2` where `(tac1; tac2)` would suffice

Note: This linter can be disabled with `set_option linter.unnecessarySeqFocus false`
warning: CGLMP5/ScalarTableRow12.lean:112:4: Used `tac1 <;> tac2` where `(tac1; tac2)` would suffice

Note: This linter can be disabled with `set_option linter.unnecessarySeqFocus false`
warning: CGLMP5/ScalarTableRow12.lean:116:4: Used `tac1 <;> tac2` where `(tac1; tac2)` would suffice

Note: This linter can be disabled with `set_option linter.unnecessarySeqFocus false`
warning: CGLMP5/ScalarTableRow12.lean:120:4: Used `tac1 <;> tac2` where `(tac1; tac2)` would suffice

Note: This linter can be disabled with `set_option linter.unnecessarySeqFocus false`
warning: CGLMP5/ScalarTableRow12.lean:124:4: Used `tac1 <;> tac2` where `(tac1; tac2)` would suffice

Note: This linter can be disabled with `set_option linter.unnecessarySeqFocus false`
warning: CGLMP5/ScalarTableRow12.lean:128:4: Used `tac1 <;> tac2` where `(tac1; tac2)` would suffice

Note: This linter can be disabled with `set_option linter.unnecessarySeqFocus false`
warning: CGLMP5/ScalarTableRow12.lean:132:4: Used `tac1 <;> tac2` where `(tac1; tac2)` would suffice

Note: This linter can be disabled with `set_option linter.unnecessarySeqFocus false`
warning: CGLMP5/ScalarTableRow12.lean:140:4: Used `tac1 <;> tac2` where `(tac1; tac2)` would suffice

Note: This linter can be disabled with `set_option linter.unnecessarySeqFocus false`
warning: CGLMP5/ScalarTableRow12.lean:144:4: Used `tac1 <;> tac2` where `(tac1; tac2)` would suffice

Note: This linter can be disabled with `set_option linter.unnecessarySeqFocus false`
warning: CGLMP5/ScalarTableRow12.lean:148:4: Used `tac1 <;> tac2` where `(tac1; tac2)` would suffice

Note: This linter can be disabled with `set_option linter.unnecessarySeqFocus false`
warning: CGLMP5/ScalarTableRow12.lean:152:4: Used `tac1 <;> tac2` where `(tac1; tac2)` would suffice

Note: This linter can be disabled with `set_option linter.unnecessarySeqFocus false`
warning: CGLMP5/ScalarTableRow12.lean:156:4: Used `tac1 <;> tac2` where `(tac1; tac2)` would suffice

Note: This linter can be disabled with `set_option linter.unnecessarySeqFocus false`
warning: CGLMP5/ScalarTableRow12.lean:160:4: Used `tac1 <;> tac2` where `(tac1; tac2)` would suffice

Note: This linter can be disabled with `set_option linter.unnecessarySeqFocus false`
warning: CGLMP5/ScalarTableRow12.lean:164:4: Used `tac1 <;> tac2` where `(tac1; tac2)` would suffice

Note: This linter can be disabled with `set_option linter.unnecessarySeqFocus false`
warning: CGLMP5/ScalarTableRow12.lean:168:4: Used `tac1 <;> tac2` where `(tac1; tac2)` would suffice

Note: This linter can be disabled with `set_option linter.unnecessarySeqFocus false`
warning: CGLMP5/ScalarTableRow12.lean:172:4: Used `tac1 <;> tac2` where `(tac1; tac2)` would suffice

Note: This linter can be disabled with `set_option linter.unnecessarySeqFocus false`
warning: CGLMP5/ScalarTableRow12.lean:176:4: Used `tac1 <;> tac2` where `(tac1; tac2)` would suffice

Note: This linter can be disabled with `set_option linter.unnecessarySeqFocus false`
warning: CGLMP5/ScalarTableRow12.lean:180:4: Used `tac1 <;> tac2` where `(tac1; tac2)` would suffice

Note: This linter can be disabled with `set_option linter.unnecessarySeqFocus false`
⚠ [2792/2834] Replayed CGLMP5.ScalarTableRow13
warning: CGLMP5/ScalarTableRow13.lean:88:8: Unused tactic linter: `ring` does nothing

Note: This linter can be disabled with `set_option linter.unusedTactic false`
warning: CGLMP5/ScalarTableRow13.lean:88:8: this tactic is never executed

Note: This linter can be disabled with `set_option linter.unreachableTactic false`
warning: CGLMP5/ScalarTableRow13.lean:92:4: Used `tac1 <;> tac2` where `(tac1; tac2)` would suffice

Note: This linter can be disabled with `set_option linter.unnecessarySeqFocus false`
warning: CGLMP5/ScalarTableRow13.lean:96:4: Used `tac1 <;> tac2` where `(tac1; tac2)` would suffice

Note: This linter can be disabled with `set_option linter.unnecessarySeqFocus false`
warning: CGLMP5/ScalarTableRow13.lean:100:4: Used `tac1 <;> tac2` where `(tac1; tac2)` would suffice

Note: This linter can be disabled with `set_option linter.unnecessarySeqFocus false`
warning: CGLMP5/ScalarTableRow13.lean:104:4: Used `tac1 <;> tac2` where `(tac1; tac2)` would suffice

Note: This linter can be disabled with `set_option linter.unnecessarySeqFocus false`
warning: CGLMP5/ScalarTableRow13.lean:108:4: Used `tac1 <;> tac2` where `(tac1; tac2)` would suffice

Note: This linter can be disabled with `set_option linter.unnecessarySeqFocus false`
warning: CGLMP5/ScalarTableRow13.lean:112:4: Used `tac1 <;> tac2` where `(tac1; tac2)` would suffice

Note: This linter can be disabled with `set_option linter.unnecessarySeqFocus false`
warning: CGLMP5/ScalarTableRow13.lean:116:4: Used `tac1 <;> tac2` where `(tac1; tac2)` would suffice

Note: This linter can be disabled with `set_option linter.unnecessarySeqFocus false`
warning: CGLMP5/ScalarTableRow13.lean:120:4: Used `tac1 <;> tac2` where `(tac1; tac2)` would suffice

Note: This linter can be disabled with `set_option linter.unnecessarySeqFocus false`
warning: CGLMP5/ScalarTableRow13.lean:124:4: Used `tac1 <;> tac2` where `(tac1; tac2)` would suffice

Note: This linter can be disabled with `set_option linter.unnecessarySeqFocus false`
warning: CGLMP5/ScalarTableRow13.lean:128:4: Used `tac1 <;> tac2` where `(tac1; tac2)` would suffice

Note: This linter can be disabled with `set_option linter.unnecessarySeqFocus false`
warning: CGLMP5/ScalarTableRow13.lean:132:4: Used `tac1 <;> tac2` where `(tac1; tac2)` would suffice

Note: This linter can be disabled with `set_option linter.unnecessarySeqFocus false`
warning: CGLMP5/ScalarTableRow13.lean:136:4: Used `tac1 <;> tac2` where `(tac1; tac2)` would suffice

Note: This linter can be disabled with `set_option linter.unnecessarySeqFocus false`
warning: CGLMP5/ScalarTableRow13.lean:140:4: Used `tac1 <;> tac2` where `(tac1; tac2)` would suffice

Note: This linter can be disabled with `set_option linter.unnecessarySeqFocus false`
warning: CGLMP5/ScalarTableRow13.lean:144:4: Used `tac1 <;> tac2` where `(tac1; tac2)` would suffice

Note: This linter can be disabled with `set_option linter.unnecessarySeqFocus false`
warning: CGLMP5/ScalarTableRow13.lean:148:4: Used `tac1 <;> tac2` where `(tac1; tac2)` would suffice

Note: This linter can be disabled with `set_option linter.unnecessarySeqFocus false`
warning: CGLMP5/ScalarTableRow13.lean:152:4: Used `tac1 <;> tac2` where `(tac1; tac2)` would suffice

Note: This linter can be disabled with `set_option linter.unnecessarySeqFocus false`
warning: CGLMP5/ScalarTableRow13.lean:156:4: Used `tac1 <;> tac2` where `(tac1; tac2)` would suffice

Note: This linter can be disabled with `set_option linter.unnecessarySeqFocus false`
warning: CGLMP5/ScalarTableRow13.lean:160:4: Used `tac1 <;> tac2` where `(tac1; tac2)` would suffice

Note: This linter can be disabled with `set_option linter.unnecessarySeqFocus false`
warning: CGLMP5/ScalarTableRow13.lean:164:4: Used `tac1 <;> tac2` where `(tac1; tac2)` would suffice

Note: This linter can be disabled with `set_option linter.unnecessarySeqFocus false`
warning: CGLMP5/ScalarTableRow13.lean:168:4: Used `tac1 <;> tac2` where `(tac1; tac2)` would suffice

Note: This linter can be disabled with `set_option linter.unnecessarySeqFocus false`
warning: CGLMP5/ScalarTableRow13.lean:172:4: Used `tac1 <;> tac2` where `(tac1; tac2)` would suffice

Note: This linter can be disabled with `set_option linter.unnecessarySeqFocus false`
warning: CGLMP5/ScalarTableRow13.lean:176:4: Used `tac1 <;> tac2` where `(tac1; tac2)` would suffice

Note: This linter can be disabled with `set_option linter.unnecessarySeqFocus false`
warning: CGLMP5/ScalarTableRow13.lean:180:4: Used `tac1 <;> tac2` where `(tac1; tac2)` would suffice

Note: This linter can be disabled with `set_option linter.unnecessarySeqFocus false`
⚠ [2793/2834] Replayed CGLMP5.ScalarTableRow14
warning: CGLMP5/ScalarTableRow14.lean:88:8: Unused tactic linter: `ring` does nothing

Note: This linter can be disabled with `set_option linter.unusedTactic false`
warning: CGLMP5/ScalarTableRow14.lean:88:8: this tactic is never executed

Note: This linter can be disabled with `set_option linter.unreachableTactic false`
warning: CGLMP5/ScalarTableRow14.lean:92:4: Used `tac1 <;> tac2` where `(tac1; tac2)` would suffice

Note: This linter can be disabled with `set_option linter.unnecessarySeqFocus false`
warning: CGLMP5/ScalarTableRow14.lean:96:4: Used `tac1 <;> tac2` where `(tac1; tac2)` would suffice

Note: This linter can be disabled with `set_option linter.unnecessarySeqFocus false`
warning: CGLMP5/ScalarTableRow14.lean:100:4: Used `tac1 <;> tac2` where `(tac1; tac2)` would suffice

Note: This linter can be disabled with `set_option linter.unnecessarySeqFocus false`
warning: CGLMP5/ScalarTableRow14.lean:104:4: Used `tac1 <;> tac2` where `(tac1; tac2)` would suffice

Note: This linter can be disabled with `set_option linter.unnecessarySeqFocus false`
warning: CGLMP5/ScalarTableRow14.lean:108:4: Used `tac1 <;> tac2` where `(tac1; tac2)` would suffice

Note: This linter can be disabled with `set_option linter.unnecessarySeqFocus false`
warning: CGLMP5/ScalarTableRow14.lean:112:4: Used `tac1 <;> tac2` where `(tac1; tac2)` would suffice

Note: This linter can be disabled with `set_option linter.unnecessarySeqFocus false`
warning: CGLMP5/ScalarTableRow14.lean:116:4: Used `tac1 <;> tac2` where `(tac1; tac2)` would suffice

Note: This linter can be disabled with `set_option linter.unnecessarySeqFocus false`
warning: CGLMP5/ScalarTableRow14.lean:120:4: Used `tac1 <;> tac2` where `(tac1; tac2)` would suffice

Note: This linter can be disabled with `set_option linter.unnecessarySeqFocus false`
warning: CGLMP5/ScalarTableRow14.lean:124:4: Used `tac1 <;> tac2` where `(tac1; tac2)` would suffice

Note: This linter can be disabled with `set_option linter.unnecessarySeqFocus false`
warning: CGLMP5/ScalarTableRow14.lean:128:4: Used `tac1 <;> tac2` where `(tac1; tac2)` would suffice

Note: This linter can be disabled with `set_option linter.unnecessarySeqFocus false`
warning: CGLMP5/ScalarTableRow14.lean:132:4: Used `tac1 <;> tac2` where `(tac1; tac2)` would suffice

Note: This linter can be disabled with `set_option linter.unnecessarySeqFocus false`
warning: CGLMP5/ScalarTableRow14.lean:136:4: Used `tac1 <;> tac2` where `(tac1; tac2)` would suffice

Note: This linter can be disabled with `set_option linter.unnecessarySeqFocus false`
warning: CGLMP5/ScalarTableRow14.lean:140:4: Used `tac1 <;> tac2` where `(tac1; tac2)` would suffice

Note: This linter can be disabled with `set_option linter.unnecessarySeqFocus false`
warning: CGLMP5/ScalarTableRow14.lean:144:4: Used `tac1 <;> tac2` where `(tac1; tac2)` would suffice

Note: This linter can be disabled with `set_option linter.unnecessarySeqFocus false`
warning: CGLMP5/ScalarTableRow14.lean:148:4: Used `tac1 <;> tac2` where `(tac1; tac2)` would suffice

Note: This linter can be disabled with `set_option linter.unnecessarySeqFocus false`
warning: CGLMP5/ScalarTableRow14.lean:152:4: Used `tac1 <;> tac2` where `(tac1; tac2)` would suffice

Note: This linter can be disabled with `set_option linter.unnecessarySeqFocus false`
warning: CGLMP5/ScalarTableRow14.lean:156:4: Used `tac1 <;> tac2` where `(tac1; tac2)` would suffice

Note: This linter can be disabled with `set_option linter.unnecessarySeqFocus false`
warning: CGLMP5/ScalarTableRow14.lean:160:4: Used `tac1 <;> tac2` where `(tac1; tac2)` would suffice

Note: This linter can be disabled with `set_option linter.unnecessarySeqFocus false`
warning: CGLMP5/ScalarTableRow14.lean:164:4: Used `tac1 <;> tac2` where `(tac1; tac2)` would suffice

Note: This linter can be disabled with `set_option linter.unnecessarySeqFocus false`
warning: CGLMP5/ScalarTableRow14.lean:168:4: Used `tac1 <;> tac2` where `(tac1; tac2)` would suffice

Note: This linter can be disabled with `set_option linter.unnecessarySeqFocus false`
warning: CGLMP5/ScalarTableRow14.lean:172:4: Used `tac1 <;> tac2` where `(tac1; tac2)` would suffice

Note: This linter can be disabled with `set_option linter.unnecessarySeqFocus false`
warning: CGLMP5/ScalarTableRow14.lean:176:4: Used `tac1 <;> tac2` where `(tac1; tac2)` would suffice

Note: This linter can be disabled with `set_option linter.unnecessarySeqFocus false`
warning: CGLMP5/ScalarTableRow14.lean:180:4: Used `tac1 <;> tac2` where `(tac1; tac2)` would suffice

Note: This linter can be disabled with `set_option linter.unnecessarySeqFocus false`
⚠ [2794/2834] Replayed CGLMP5.ScalarTableRow15
warning: CGLMP5/ScalarTableRow15.lean:88:8: Unused tactic linter: `ring` does nothing

Note: This linter can be disabled with `set_option linter.unusedTactic false`
warning: CGLMP5/ScalarTableRow15.lean:88:8: this tactic is never executed

Note: This linter can be disabled with `set_option linter.unreachableTactic false`
warning: CGLMP5/ScalarTableRow15.lean:92:4: Used `tac1 <;> tac2` where `(tac1; tac2)` would suffice

Note: This linter can be disabled with `set_option linter.unnecessarySeqFocus false`
warning: CGLMP5/ScalarTableRow15.lean:96:4: Used `tac1 <;> tac2` where `(tac1; tac2)` would suffice

Note: This linter can be disabled with `set_option linter.unnecessarySeqFocus false`
warning: CGLMP5/ScalarTableRow15.lean:100:4: Used `tac1 <;> tac2` where `(tac1; tac2)` would suffice

Note: This linter can be disabled with `set_option linter.unnecessarySeqFocus false`
warning: CGLMP5/ScalarTableRow15.lean:104:4: Used `tac1 <;> tac2` where `(tac1; tac2)` would suffice

Note: This linter can be disabled with `set_option linter.unnecessarySeqFocus false`
warning: CGLMP5/ScalarTableRow15.lean:108:4: Used `tac1 <;> tac2` where `(tac1; tac2)` would suffice

Note: This linter can be disabled with `set_option linter.unnecessarySeqFocus false`
warning: CGLMP5/ScalarTableRow15.lean:112:4: Used `tac1 <;> tac2` where `(tac1; tac2)` would suffice

Note: This linter can be disabled with `set_option linter.unnecessarySeqFocus false`
warning: CGLMP5/ScalarTableRow15.lean:116:4: Used `tac1 <;> tac2` where `(tac1; tac2)` would suffice

Note: This linter can be disabled with `set_option linter.unnecessarySeqFocus false`
warning: CGLMP5/ScalarTableRow15.lean:120:4: Used `tac1 <;> tac2` where `(tac1; tac2)` would suffice

Note: This linter can be disabled with `set_option linter.unnecessarySeqFocus false`
warning: CGLMP5/ScalarTableRow15.lean:124:4: Used `tac1 <;> tac2` where `(tac1; tac2)` would suffice

Note: This linter can be disabled with `set_option linter.unnecessarySeqFocus false`
warning: CGLMP5/ScalarTableRow15.lean:128:4: Used `tac1 <;> tac2` where `(tac1; tac2)` would suffice

Note: This linter can be disabled with `set_option linter.unnecessarySeqFocus false`
warning: CGLMP5/ScalarTableRow15.lean:132:4: Used `tac1 <;> tac2` where `(tac1; tac2)` would suffice

Note: This linter can be disabled with `set_option linter.unnecessarySeqFocus false`
warning: CGLMP5/ScalarTableRow15.lean:136:4: Used `tac1 <;> tac2` where `(tac1; tac2)` would suffice

Note: This linter can be disabled with `set_option linter.unnecessarySeqFocus false`
warning: CGLMP5/ScalarTableRow15.lean:140:4: Used `tac1 <;> tac2` where `(tac1; tac2)` would suffice

Note: This linter can be disabled with `set_option linter.unnecessarySeqFocus false`
warning: CGLMP5/ScalarTableRow15.lean:144:4: Used `tac1 <;> tac2` where `(tac1; tac2)` would suffice

Note: This linter can be disabled with `set_option linter.unnecessarySeqFocus false`
warning: CGLMP5/ScalarTableRow15.lean:148:4: Used `tac1 <;> tac2` where `(tac1; tac2)` would suffice

Note: This linter can be disabled with `set_option linter.unnecessarySeqFocus false`
warning: CGLMP5/ScalarTableRow15.lean:152:4: Used `tac1 <;> tac2` where `(tac1; tac2)` would suffice

Note: This linter can be disabled with `set_option linter.unnecessarySeqFocus false`
warning: CGLMP5/ScalarTableRow15.lean:156:4: Used `tac1 <;> tac2` where `(tac1; tac2)` would suffice

Note: This linter can be disabled with `set_option linter.unnecessarySeqFocus false`
warning: CGLMP5/ScalarTableRow15.lean:160:4: Used `tac1 <;> tac2` where `(tac1; tac2)` would suffice

Note: This linter can be disabled with `set_option linter.unnecessarySeqFocus false`
warning: CGLMP5/ScalarTableRow15.lean:164:4: Used `tac1 <;> tac2` where `(tac1; tac2)` would suffice

Note: This linter can be disabled with `set_option linter.unnecessarySeqFocus false`
warning: CGLMP5/ScalarTableRow15.lean:168:4: Used `tac1 <;> tac2` where `(tac1; tac2)` would suffice

Note: This linter can be disabled with `set_option linter.unnecessarySeqFocus false`
warning: CGLMP5/ScalarTableRow15.lean:172:4: Used `tac1 <;> tac2` where `(tac1; tac2)` would suffice

Note: This linter can be disabled with `set_option linter.unnecessarySeqFocus false`
warning: CGLMP5/ScalarTableRow15.lean:176:4: Used `tac1 <;> tac2` where `(tac1; tac2)` would suffice

Note: This linter can be disabled with `set_option linter.unnecessarySeqFocus false`
warning: CGLMP5/ScalarTableRow15.lean:180:4: Used `tac1 <;> tac2` where `(tac1; tac2)` would suffice

Note: This linter can be disabled with `set_option linter.unnecessarySeqFocus false`
⚠ [2795/2834] Replayed CGLMP5.ScalarTableRow16
warning: CGLMP5/ScalarTableRow16.lean:88:8: Unused tactic linter: `ring` does nothing

Note: This linter can be disabled with `set_option linter.unusedTactic false`
warning: CGLMP5/ScalarTableRow16.lean:88:8: this tactic is never executed

Note: This linter can be disabled with `set_option linter.unreachableTactic false`
warning: CGLMP5/ScalarTableRow16.lean:92:4: Used `tac1 <;> tac2` where `(tac1; tac2)` would suffice

Note: This linter can be disabled with `set_option linter.unnecessarySeqFocus false`
warning: CGLMP5/ScalarTableRow16.lean:96:4: Used `tac1 <;> tac2` where `(tac1; tac2)` would suffice

Note: This linter can be disabled with `set_option linter.unnecessarySeqFocus false`
warning: CGLMP5/ScalarTableRow16.lean:100:4: Used `tac1 <;> tac2` where `(tac1; tac2)` would suffice

Note: This linter can be disabled with `set_option linter.unnecessarySeqFocus false`
warning: CGLMP5/ScalarTableRow16.lean:104:4: Used `tac1 <;> tac2` where `(tac1; tac2)` would suffice

Note: This linter can be disabled with `set_option linter.unnecessarySeqFocus false`
warning: CGLMP5/ScalarTableRow16.lean:108:4: Used `tac1 <;> tac2` where `(tac1; tac2)` would suffice

Note: This linter can be disabled with `set_option linter.unnecessarySeqFocus false`
warning: CGLMP5/ScalarTableRow16.lean:112:4: Used `tac1 <;> tac2` where `(tac1; tac2)` would suffice

Note: This linter can be disabled with `set_option linter.unnecessarySeqFocus false`
warning: CGLMP5/ScalarTableRow16.lean:116:4: Used `tac1 <;> tac2` where `(tac1; tac2)` would suffice

Note: This linter can be disabled with `set_option linter.unnecessarySeqFocus false`
warning: CGLMP5/ScalarTableRow16.lean:120:4: Used `tac1 <;> tac2` where `(tac1; tac2)` would suffice

Note: This linter can be disabled with `set_option linter.unnecessarySeqFocus false`
warning: CGLMP5/ScalarTableRow16.lean:124:4: Used `tac1 <;> tac2` where `(tac1; tac2)` would suffice

Note: This linter can be disabled with `set_option linter.unnecessarySeqFocus false`
warning: CGLMP5/ScalarTableRow16.lean:128:4: Used `tac1 <;> tac2` where `(tac1; tac2)` would suffice

Note: This linter can be disabled with `set_option linter.unnecessarySeqFocus false`
warning: CGLMP5/ScalarTableRow16.lean:132:4: Used `tac1 <;> tac2` where `(tac1; tac2)` would suffice

Note: This linter can be disabled with `set_option linter.unnecessarySeqFocus false`
warning: CGLMP5/ScalarTableRow16.lean:136:4: Used `tac1 <;> tac2` where `(tac1; tac2)` would suffice

Note: This linter can be disabled with `set_option linter.unnecessarySeqFocus false`
warning: CGLMP5/ScalarTableRow16.lean:140:4: Used `tac1 <;> tac2` where `(tac1; tac2)` would suffice

Note: This linter can be disabled with `set_option linter.unnecessarySeqFocus false`
warning: CGLMP5/ScalarTableRow16.lean:144:4: Used `tac1 <;> tac2` where `(tac1; tac2)` would suffice

Note: This linter can be disabled with `set_option linter.unnecessarySeqFocus false`
warning: CGLMP5/ScalarTableRow16.lean:148:4: Used `tac1 <;> tac2` where `(tac1; tac2)` would suffice

Note: This linter can be disabled with `set_option linter.unnecessarySeqFocus false`
warning: CGLMP5/ScalarTableRow16.lean:152:4: Used `tac1 <;> tac2` where `(tac1; tac2)` would suffice

Note: This linter can be disabled with `set_option linter.unnecessarySeqFocus false`
warning: CGLMP5/ScalarTableRow16.lean:156:4: Used `tac1 <;> tac2` where `(tac1; tac2)` would suffice

Note: This linter can be disabled with `set_option linter.unnecessarySeqFocus false`
warning: CGLMP5/ScalarTableRow16.lean:160:4: Used `tac1 <;> tac2` where `(tac1; tac2)` would suffice

Note: This linter can be disabled with `set_option linter.unnecessarySeqFocus false`
warning: CGLMP5/ScalarTableRow16.lean:164:4: Used `tac1 <;> tac2` where `(tac1; tac2)` would suffice

Note: This linter can be disabled with `set_option linter.unnecessarySeqFocus false`
warning: CGLMP5/ScalarTableRow16.lean:168:4: Used `tac1 <;> tac2` where `(tac1; tac2)` would suffice

Note: This linter can be disabled with `set_option linter.unnecessarySeqFocus false`
warning: CGLMP5/ScalarTableRow16.lean:172:4: Used `tac1 <;> tac2` where `(tac1; tac2)` would suffice

Note: This linter can be disabled with `set_option linter.unnecessarySeqFocus false`
warning: CGLMP5/ScalarTableRow16.lean:176:4: Used `tac1 <;> tac2` where `(tac1; tac2)` would suffice

Note: This linter can be disabled with `set_option linter.unnecessarySeqFocus false`
warning: CGLMP5/ScalarTableRow16.lean:180:4: Used `tac1 <;> tac2` where `(tac1; tac2)` would suffice

Note: This linter can be disabled with `set_option linter.unnecessarySeqFocus false`
⚠ [2796/2834] Replayed CGLMP5.ScalarTableRow17
warning: CGLMP5/ScalarTableRow17.lean:88:8: Unused tactic linter: `ring` does nothing

Note: This linter can be disabled with `set_option linter.unusedTactic false`
warning: CGLMP5/ScalarTableRow17.lean:88:8: this tactic is never executed

Note: This linter can be disabled with `set_option linter.unreachableTactic false`
warning: CGLMP5/ScalarTableRow17.lean:92:4: Used `tac1 <;> tac2` where `(tac1; tac2)` would suffice

Note: This linter can be disabled with `set_option linter.unnecessarySeqFocus false`
warning: CGLMP5/ScalarTableRow17.lean:96:4: Used `tac1 <;> tac2` where `(tac1; tac2)` would suffice

Note: This linter can be disabled with `set_option linter.unnecessarySeqFocus false`
warning: CGLMP5/ScalarTableRow17.lean:100:4: Used `tac1 <;> tac2` where `(tac1; tac2)` would suffice

Note: This linter can be disabled with `set_option linter.unnecessarySeqFocus false`
warning: CGLMP5/ScalarTableRow17.lean:104:4: Used `tac1 <;> tac2` where `(tac1; tac2)` would suffice

Note: This linter can be disabled with `set_option linter.unnecessarySeqFocus false`
warning: CGLMP5/ScalarTableRow17.lean:108:4: Used `tac1 <;> tac2` where `(tac1; tac2)` would suffice

Note: This linter can be disabled with `set_option linter.unnecessarySeqFocus false`
warning: CGLMP5/ScalarTableRow17.lean:112:4: Used `tac1 <;> tac2` where `(tac1; tac2)` would suffice

Note: This linter can be disabled with `set_option linter.unnecessarySeqFocus false`
warning: CGLMP5/ScalarTableRow17.lean:116:4: Used `tac1 <;> tac2` where `(tac1; tac2)` would suffice

Note: This linter can be disabled with `set_option linter.unnecessarySeqFocus false`
warning: CGLMP5/ScalarTableRow17.lean:120:4: Used `tac1 <;> tac2` where `(tac1; tac2)` would suffice

Note: This linter can be disabled with `set_option linter.unnecessarySeqFocus false`
warning: CGLMP5/ScalarTableRow17.lean:124:4: Used `tac1 <;> tac2` where `(tac1; tac2)` would suffice

Note: This linter can be disabled with `set_option linter.unnecessarySeqFocus false`
warning: CGLMP5/ScalarTableRow17.lean:128:4: Used `tac1 <;> tac2` where `(tac1; tac2)` would suffice

Note: This linter can be disabled with `set_option linter.unnecessarySeqFocus false`
warning: CGLMP5/ScalarTableRow17.lean:132:4: Used `tac1 <;> tac2` where `(tac1; tac2)` would suffice

Note: This linter can be disabled with `set_option linter.unnecessarySeqFocus false`
warning: CGLMP5/ScalarTableRow17.lean:136:4: Used `tac1 <;> tac2` where `(tac1; tac2)` would suffice

Note: This linter can be disabled with `set_option linter.unnecessarySeqFocus false`
warning: CGLMP5/ScalarTableRow17.lean:140:4: Used `tac1 <;> tac2` where `(tac1; tac2)` would suffice

Note: This linter can be disabled with `set_option linter.unnecessarySeqFocus false`
warning: CGLMP5/ScalarTableRow17.lean:144:4: Used `tac1 <;> tac2` where `(tac1; tac2)` would suffice

Note: This linter can be disabled with `set_option linter.unnecessarySeqFocus false`
warning: CGLMP5/ScalarTableRow17.lean:148:4: Used `tac1 <;> tac2` where `(tac1; tac2)` would suffice

Note: This linter can be disabled with `set_option linter.unnecessarySeqFocus false`
warning: CGLMP5/ScalarTableRow17.lean:152:4: Used `tac1 <;> tac2` where `(tac1; tac2)` would suffice

Note: This linter can be disabled with `set_option linter.unnecessarySeqFocus false`
warning: CGLMP5/ScalarTableRow17.lean:156:4: Used `tac1 <;> tac2` where `(tac1; tac2)` would suffice

Note: This linter can be disabled with `set_option linter.unnecessarySeqFocus false`
warning: CGLMP5/ScalarTableRow17.lean:160:4: Used `tac1 <;> tac2` where `(tac1; tac2)` would suffice

Note: This linter can be disabled with `set_option linter.unnecessarySeqFocus false`
warning: CGLMP5/ScalarTableRow17.lean:164:4: Used `tac1 <;> tac2` where `(tac1; tac2)` would suffice

Note: This linter can be disabled with `set_option linter.unnecessarySeqFocus false`
warning: CGLMP5/ScalarTableRow17.lean:168:4: Used `tac1 <;> tac2` where `(tac1; tac2)` would suffice

Note: This linter can be disabled with `set_option linter.unnecessarySeqFocus false`
warning: CGLMP5/ScalarTableRow17.lean:172:4: Used `tac1 <;> tac2` where `(tac1; tac2)` would suffice

Note: This linter can be disabled with `set_option linter.unnecessarySeqFocus false`
warning: CGLMP5/ScalarTableRow17.lean:176:4: Used `tac1 <;> tac2` where `(tac1; tac2)` would suffice

Note: This linter can be disabled with `set_option linter.unnecessarySeqFocus false`
warning: CGLMP5/ScalarTableRow17.lean:180:4: Used `tac1 <;> tac2` where `(tac1; tac2)` would suffice

Note: This linter can be disabled with `set_option linter.unnecessarySeqFocus false`
⚠ [2797/2834] Replayed CGLMP5.ScalarTableRow18
warning: CGLMP5/ScalarTableRow18.lean:88:8: Unused tactic linter: `ring` does nothing

Note: This linter can be disabled with `set_option linter.unusedTactic false`
warning: CGLMP5/ScalarTableRow18.lean:88:8: this tactic is never executed

Note: This linter can be disabled with `set_option linter.unreachableTactic false`
warning: CGLMP5/ScalarTableRow18.lean:92:4: Used `tac1 <;> tac2` where `(tac1; tac2)` would suffice

Note: This linter can be disabled with `set_option linter.unnecessarySeqFocus false`
warning: CGLMP5/ScalarTableRow18.lean:96:4: Used `tac1 <;> tac2` where `(tac1; tac2)` would suffice

Note: This linter can be disabled with `set_option linter.unnecessarySeqFocus false`
warning: CGLMP5/ScalarTableRow18.lean:100:4: Used `tac1 <;> tac2` where `(tac1; tac2)` would suffice

Note: This linter can be disabled with `set_option linter.unnecessarySeqFocus false`
warning: CGLMP5/ScalarTableRow18.lean:104:4: Used `tac1 <;> tac2` where `(tac1; tac2)` would suffice

Note: This linter can be disabled with `set_option linter.unnecessarySeqFocus false`
warning: CGLMP5/ScalarTableRow18.lean:108:4: Used `tac1 <;> tac2` where `(tac1; tac2)` would suffice

Note: This linter can be disabled with `set_option linter.unnecessarySeqFocus false`
warning: CGLMP5/ScalarTableRow18.lean:112:4: Used `tac1 <;> tac2` where `(tac1; tac2)` would suffice

Note: This linter can be disabled with `set_option linter.unnecessarySeqFocus false`
warning: CGLMP5/ScalarTableRow18.lean:116:4: Used `tac1 <;> tac2` where `(tac1; tac2)` would suffice

Note: This linter can be disabled with `set_option linter.unnecessarySeqFocus false`
warning: CGLMP5/ScalarTableRow18.lean:120:4: Used `tac1 <;> tac2` where `(tac1; tac2)` would suffice

Note: This linter can be disabled with `set_option linter.unnecessarySeqFocus false`
warning: CGLMP5/ScalarTableRow18.lean:124:4: Used `tac1 <;> tac2` where `(tac1; tac2)` would suffice

Note: This linter can be disabled with `set_option linter.unnecessarySeqFocus false`
warning: CGLMP5/ScalarTableRow18.lean:128:4: Used `tac1 <;> tac2` where `(tac1; tac2)` would suffice

Note: This linter can be disabled with `set_option linter.unnecessarySeqFocus false`
warning: CGLMP5/ScalarTableRow18.lean:132:4: Used `tac1 <;> tac2` where `(tac1; tac2)` would suffice

Note: This linter can be disabled with `set_option linter.unnecessarySeqFocus false`
warning: CGLMP5/ScalarTableRow18.lean:136:4: Used `tac1 <;> tac2` where `(tac1; tac2)` would suffice

Note: This linter can be disabled with `set_option linter.unnecessarySeqFocus false`
warning: CGLMP5/ScalarTableRow18.lean:140:4: Used `tac1 <;> tac2` where `(tac1; tac2)` would suffice

Note: This linter can be disabled with `set_option linter.unnecessarySeqFocus false`
warning: CGLMP5/ScalarTableRow18.lean:144:4: Used `tac1 <;> tac2` where `(tac1; tac2)` would suffice

Note: This linter can be disabled with `set_option linter.unnecessarySeqFocus false`
warning: CGLMP5/ScalarTableRow18.lean:148:4: Used `tac1 <;> tac2` where `(tac1; tac2)` would suffice

Note: This linter can be disabled with `set_option linter.unnecessarySeqFocus false`
warning: CGLMP5/ScalarTableRow18.lean:152:4: Used `tac1 <;> tac2` where `(tac1; tac2)` would suffice

Note: This linter can be disabled with `set_option linter.unnecessarySeqFocus false`
warning: CGLMP5/ScalarTableRow18.lean:156:4: Used `tac1 <;> tac2` where `(tac1; tac2)` would suffice

Note: This linter can be disabled with `set_option linter.unnecessarySeqFocus false`
warning: CGLMP5/ScalarTableRow18.lean:160:4: Used `tac1 <;> tac2` where `(tac1; tac2)` would suffice

Note: This linter can be disabled with `set_option linter.unnecessarySeqFocus false`
warning: CGLMP5/ScalarTableRow18.lean:164:4: Used `tac1 <;> tac2` where `(tac1; tac2)` would suffice

Note: This linter can be disabled with `set_option linter.unnecessarySeqFocus false`
warning: CGLMP5/ScalarTableRow18.lean:168:4: Used `tac1 <;> tac2` where `(tac1; tac2)` would suffice

Note: This linter can be disabled with `set_option linter.unnecessarySeqFocus false`
warning: CGLMP5/ScalarTableRow18.lean:172:4: Used `tac1 <;> tac2` where `(tac1; tac2)` would suffice

Note: This linter can be disabled with `set_option linter.unnecessarySeqFocus false`
warning: CGLMP5/ScalarTableRow18.lean:176:4: Used `tac1 <;> tac2` where `(tac1; tac2)` would suffice

Note: This linter can be disabled with `set_option linter.unnecessarySeqFocus false`
warning: CGLMP5/ScalarTableRow18.lean:180:4: Used `tac1 <;> tac2` where `(tac1; tac2)` would suffice

Note: This linter can be disabled with `set_option linter.unnecessarySeqFocus false`
⚠ [2798/2834] Replayed CGLMP5.ScalarTableRow19
warning: CGLMP5/ScalarTableRow19.lean:88:8: Unused tactic linter: `ring` does nothing

Note: This linter can be disabled with `set_option linter.unusedTactic false`
warning: CGLMP5/ScalarTableRow19.lean:88:8: this tactic is never executed

Note: This linter can be disabled with `set_option linter.unreachableTactic false`
warning: CGLMP5/ScalarTableRow19.lean:92:4: Used `tac1 <;> tac2` where `(tac1; tac2)` would suffice

Note: This linter can be disabled with `set_option linter.unnecessarySeqFocus false`
warning: CGLMP5/ScalarTableRow19.lean:96:4: Used `tac1 <;> tac2` where `(tac1; tac2)` would suffice

Note: This linter can be disabled with `set_option linter.unnecessarySeqFocus false`
warning: CGLMP5/ScalarTableRow19.lean:100:4: Used `tac1 <;> tac2` where `(tac1; tac2)` would suffice

Note: This linter can be disabled with `set_option linter.unnecessarySeqFocus false`
warning: CGLMP5/ScalarTableRow19.lean:104:4: Used `tac1 <;> tac2` where `(tac1; tac2)` would suffice

Note: This linter can be disabled with `set_option linter.unnecessarySeqFocus false`
warning: CGLMP5/ScalarTableRow19.lean:108:4: Used `tac1 <;> tac2` where `(tac1; tac2)` would suffice

Note: This linter can be disabled with `set_option linter.unnecessarySeqFocus false`
warning: CGLMP5/ScalarTableRow19.lean:112:4: Used `tac1 <;> tac2` where `(tac1; tac2)` would suffice

Note: This linter can be disabled with `set_option linter.unnecessarySeqFocus false`
warning: CGLMP5/ScalarTableRow19.lean:116:4: Used `tac1 <;> tac2` where `(tac1; tac2)` would suffice

Note: This linter can be disabled with `set_option linter.unnecessarySeqFocus false`
warning: CGLMP5/ScalarTableRow19.lean:120:4: Used `tac1 <;> tac2` where `(tac1; tac2)` would suffice

Note: This linter can be disabled with `set_option linter.unnecessarySeqFocus false`
warning: CGLMP5/ScalarTableRow19.lean:124:4: Used `tac1 <;> tac2` where `(tac1; tac2)` would suffice

Note: This linter can be disabled with `set_option linter.unnecessarySeqFocus false`
warning: CGLMP5/ScalarTableRow19.lean:128:4: Used `tac1 <;> tac2` where `(tac1; tac2)` would suffice

Note: This linter can be disabled with `set_option linter.unnecessarySeqFocus false`
warning: CGLMP5/ScalarTableRow19.lean:132:4: Used `tac1 <;> tac2` where `(tac1; tac2)` would suffice

Note: This linter can be disabled with `set_option linter.unnecessarySeqFocus false`
warning: CGLMP5/ScalarTableRow19.lean:136:4: Used `tac1 <;> tac2` where `(tac1; tac2)` would suffice

Note: This linter can be disabled with `set_option linter.unnecessarySeqFocus false`
warning: CGLMP5/ScalarTableRow19.lean:140:4: Used `tac1 <;> tac2` where `(tac1; tac2)` would suffice

Note: This linter can be disabled with `set_option linter.unnecessarySeqFocus false`
warning: CGLMP5/ScalarTableRow19.lean:144:4: Used `tac1 <;> tac2` where `(tac1; tac2)` would suffice

Note: This linter can be disabled with `set_option linter.unnecessarySeqFocus false`
warning: CGLMP5/ScalarTableRow19.lean:148:4: Used `tac1 <;> tac2` where `(tac1; tac2)` would suffice

Note: This linter can be disabled with `set_option linter.unnecessarySeqFocus false`
warning: CGLMP5/ScalarTableRow19.lean:152:4: Used `tac1 <;> tac2` where `(tac1; tac2)` would suffice

Note: This linter can be disabled with `set_option linter.unnecessarySeqFocus false`
warning: CGLMP5/ScalarTableRow19.lean:156:4: Used `tac1 <;> tac2` where `(tac1; tac2)` would suffice

Note: This linter can be disabled with `set_option linter.unnecessarySeqFocus false`
warning: CGLMP5/ScalarTableRow19.lean:160:4: Used `tac1 <;> tac2` where `(tac1; tac2)` would suffice

Note: This linter can be disabled with `set_option linter.unnecessarySeqFocus false`
warning: CGLMP5/ScalarTableRow19.lean:164:4: Used `tac1 <;> tac2` where `(tac1; tac2)` would suffice

Note: This linter can be disabled with `set_option linter.unnecessarySeqFocus false`
warning: CGLMP5/ScalarTableRow19.lean:168:4: Used `tac1 <;> tac2` where `(tac1; tac2)` would suffice

Note: This linter can be disabled with `set_option linter.unnecessarySeqFocus false`
warning: CGLMP5/ScalarTableRow19.lean:172:4: Used `tac1 <;> tac2` where `(tac1; tac2)` would suffice

Note: This linter can be disabled with `set_option linter.unnecessarySeqFocus false`
warning: CGLMP5/ScalarTableRow19.lean:176:4: Used `tac1 <;> tac2` where `(tac1; tac2)` would suffice

Note: This linter can be disabled with `set_option linter.unnecessarySeqFocus false`
warning: CGLMP5/ScalarTableRow19.lean:180:4: Used `tac1 <;> tac2` where `(tac1; tac2)` would suffice

Note: This linter can be disabled with `set_option linter.unnecessarySeqFocus false`
⚠ [2799/2834] Replayed CGLMP5.ScalarTableRow20
warning: CGLMP5/ScalarTableRow20.lean:88:8: Unused tactic linter: `ring` does nothing

Note: This linter can be disabled with `set_option linter.unusedTactic false`
warning: CGLMP5/ScalarTableRow20.lean:88:8: this tactic is never executed

Note: This linter can be disabled with `set_option linter.unreachableTactic false`
warning: CGLMP5/ScalarTableRow20.lean:92:4: Used `tac1 <;> tac2` where `(tac1; tac2)` would suffice

Note: This linter can be disabled with `set_option linter.unnecessarySeqFocus false`
warning: CGLMP5/ScalarTableRow20.lean:96:4: Used `tac1 <;> tac2` where `(tac1; tac2)` would suffice

Note: This linter can be disabled with `set_option linter.unnecessarySeqFocus false`
warning: CGLMP5/ScalarTableRow20.lean:100:4: Used `tac1 <;> tac2` where `(tac1; tac2)` would suffice

Note: This linter can be disabled with `set_option linter.unnecessarySeqFocus false`
warning: CGLMP5/ScalarTableRow20.lean:104:4: Used `tac1 <;> tac2` where `(tac1; tac2)` would suffice

Note: This linter can be disabled with `set_option linter.unnecessarySeqFocus false`
warning: CGLMP5/ScalarTableRow20.lean:108:4: Used `tac1 <;> tac2` where `(tac1; tac2)` would suffice

Note: This linter can be disabled with `set_option linter.unnecessarySeqFocus false`
warning: CGLMP5/ScalarTableRow20.lean:112:4: Used `tac1 <;> tac2` where `(tac1; tac2)` would suffice

Note: This linter can be disabled with `set_option linter.unnecessarySeqFocus false`
warning: CGLMP5/ScalarTableRow20.lean:116:4: Used `tac1 <;> tac2` where `(tac1; tac2)` would suffice

Note: This linter can be disabled with `set_option linter.unnecessarySeqFocus false`
warning: CGLMP5/ScalarTableRow20.lean:120:4: Used `tac1 <;> tac2` where `(tac1; tac2)` would suffice

Note: This linter can be disabled with `set_option linter.unnecessarySeqFocus false`
warning: CGLMP5/ScalarTableRow20.lean:124:4: Used `tac1 <;> tac2` where `(tac1; tac2)` would suffice

Note: This linter can be disabled with `set_option linter.unnecessarySeqFocus false`
warning: CGLMP5/ScalarTableRow20.lean:128:4: Used `tac1 <;> tac2` where `(tac1; tac2)` would suffice

Note: This linter can be disabled with `set_option linter.unnecessarySeqFocus false`
warning: CGLMP5/ScalarTableRow20.lean:132:4: Used `tac1 <;> tac2` where `(tac1; tac2)` would suffice

Note: This linter can be disabled with `set_option linter.unnecessarySeqFocus false`
warning: CGLMP5/ScalarTableRow20.lean:136:4: Used `tac1 <;> tac2` where `(tac1; tac2)` would suffice

Note: This linter can be disabled with `set_option linter.unnecessarySeqFocus false`
warning: CGLMP5/ScalarTableRow20.lean:140:4: Used `tac1 <;> tac2` where `(tac1; tac2)` would suffice

Note: This linter can be disabled with `set_option linter.unnecessarySeqFocus false`
warning: CGLMP5/ScalarTableRow20.lean:144:4: Used `tac1 <;> tac2` where `(tac1; tac2)` would suffice

Note: This linter can be disabled with `set_option linter.unnecessarySeqFocus false`
warning: CGLMP5/ScalarTableRow20.lean:148:4: Used `tac1 <;> tac2` where `(tac1; tac2)` would suffice

Note: This linter can be disabled with `set_option linter.unnecessarySeqFocus false`
warning: CGLMP5/ScalarTableRow20.lean:152:4: Used `tac1 <;> tac2` where `(tac1; tac2)` would suffice

Note: This linter can be disabled with `set_option linter.unnecessarySeqFocus false`
warning: CGLMP5/ScalarTableRow20.lean:156:4: Used `tac1 <;> tac2` where `(tac1; tac2)` would suffice

Note: This linter can be disabled with `set_option linter.unnecessarySeqFocus false`
warning: CGLMP5/ScalarTableRow20.lean:160:4: Used `tac1 <;> tac2` where `(tac1; tac2)` would suffice

Note: This linter can be disabled with `set_option linter.unnecessarySeqFocus false`
warning: CGLMP5/ScalarTableRow20.lean:164:4: Used `tac1 <;> tac2` where `(tac1; tac2)` would suffice

Note: This linter can be disabled with `set_option linter.unnecessarySeqFocus false`
warning: CGLMP5/ScalarTableRow20.lean:168:4: Used `tac1 <;> tac2` where `(tac1; tac2)` would suffice

Note: This linter can be disabled with `set_option linter.unnecessarySeqFocus false`
warning: CGLMP5/ScalarTableRow20.lean:172:4: Used `tac1 <;> tac2` where `(tac1; tac2)` would suffice

Note: This linter can be disabled with `set_option linter.unnecessarySeqFocus false`
warning: CGLMP5/ScalarTableRow20.lean:176:4: Used `tac1 <;> tac2` where `(tac1; tac2)` would suffice

Note: This linter can be disabled with `set_option linter.unnecessarySeqFocus false`
warning: CGLMP5/ScalarTableRow20.lean:180:4: Used `tac1 <;> tac2` where `(tac1; tac2)` would suffice

Note: This linter can be disabled with `set_option linter.unnecessarySeqFocus false`
⚠ [2800/2834] Replayed CGLMP5.ScalarTableRow21
warning: CGLMP5/ScalarTableRow21.lean:88:8: Unused tactic linter: `ring` does nothing

Note: This linter can be disabled with `set_option linter.unusedTactic false`
warning: CGLMP5/ScalarTableRow21.lean:88:8: this tactic is never executed

Note: This linter can be disabled with `set_option linter.unreachableTactic false`
warning: CGLMP5/ScalarTableRow21.lean:92:4: Used `tac1 <;> tac2` where `(tac1; tac2)` would suffice

Note: This linter can be disabled with `set_option linter.unnecessarySeqFocus false`
warning: CGLMP5/ScalarTableRow21.lean:96:4: Used `tac1 <;> tac2` where `(tac1; tac2)` would suffice

Note: This linter can be disabled with `set_option linter.unnecessarySeqFocus false`
warning: CGLMP5/ScalarTableRow21.lean:100:4: Used `tac1 <;> tac2` where `(tac1; tac2)` would suffice

Note: This linter can be disabled with `set_option linter.unnecessarySeqFocus false`
warning: CGLMP5/ScalarTableRow21.lean:104:4: Used `tac1 <;> tac2` where `(tac1; tac2)` would suffice

Note: This linter can be disabled with `set_option linter.unnecessarySeqFocus false`
warning: CGLMP5/ScalarTableRow21.lean:108:4: Used `tac1 <;> tac2` where `(tac1; tac2)` would suffice

Note: This linter can be disabled with `set_option linter.unnecessarySeqFocus false`
warning: CGLMP5/ScalarTableRow21.lean:112:4: Used `tac1 <;> tac2` where `(tac1; tac2)` would suffice

Note: This linter can be disabled with `set_option linter.unnecessarySeqFocus false`
warning: CGLMP5/ScalarTableRow21.lean:116:4: Used `tac1 <;> tac2` where `(tac1; tac2)` would suffice

Note: This linter can be disabled with `set_option linter.unnecessarySeqFocus false`
warning: CGLMP5/ScalarTableRow21.lean:120:4: Used `tac1 <;> tac2` where `(tac1; tac2)` would suffice

Note: This linter can be disabled with `set_option linter.unnecessarySeqFocus false`
warning: CGLMP5/ScalarTableRow21.lean:124:4: Used `tac1 <;> tac2` where `(tac1; tac2)` would suffice

Note: This linter can be disabled with `set_option linter.unnecessarySeqFocus false`
warning: CGLMP5/ScalarTableRow21.lean:128:4: Used `tac1 <;> tac2` where `(tac1; tac2)` would suffice

Note: This linter can be disabled with `set_option linter.unnecessarySeqFocus false`
warning: CGLMP5/ScalarTableRow21.lean:132:4: Used `tac1 <;> tac2` where `(tac1; tac2)` would suffice

Note: This linter can be disabled with `set_option linter.unnecessarySeqFocus false`
warning: CGLMP5/ScalarTableRow21.lean:136:4: Used `tac1 <;> tac2` where `(tac1; tac2)` would suffice

Note: This linter can be disabled with `set_option linter.unnecessarySeqFocus false`
warning: CGLMP5/ScalarTableRow21.lean:140:4: Used `tac1 <;> tac2` where `(tac1; tac2)` would suffice

Note: This linter can be disabled with `set_option linter.unnecessarySeqFocus false`
warning: CGLMP5/ScalarTableRow21.lean:144:4: Used `tac1 <;> tac2` where `(tac1; tac2)` would suffice

Note: This linter can be disabled with `set_option linter.unnecessarySeqFocus false`
warning: CGLMP5/ScalarTableRow21.lean:148:4: Used `tac1 <;> tac2` where `(tac1; tac2)` would suffice

Note: This linter can be disabled with `set_option linter.unnecessarySeqFocus false`
warning: CGLMP5/ScalarTableRow21.lean:152:4: Used `tac1 <;> tac2` where `(tac1; tac2)` would suffice

Note: This linter can be disabled with `set_option linter.unnecessarySeqFocus false`
warning: CGLMP5/ScalarTableRow21.lean:156:4: Used `tac1 <;> tac2` where `(tac1; tac2)` would suffice

Note: This linter can be disabled with `set_option linter.unnecessarySeqFocus false`
warning: CGLMP5/ScalarTableRow21.lean:160:4: Used `tac1 <;> tac2` where `(tac1; tac2)` would suffice

Note: This linter can be disabled with `set_option linter.unnecessarySeqFocus false`
warning: CGLMP5/ScalarTableRow21.lean:164:4: Used `tac1 <;> tac2` where `(tac1; tac2)` would suffice

Note: This linter can be disabled with `set_option linter.unnecessarySeqFocus false`
warning: CGLMP5/ScalarTableRow21.lean:168:4: Used `tac1 <;> tac2` where `(tac1; tac2)` would suffice

Note: This linter can be disabled with `set_option linter.unnecessarySeqFocus false`
warning: CGLMP5/ScalarTableRow21.lean:172:4: Used `tac1 <;> tac2` where `(tac1; tac2)` would suffice

Note: This linter can be disabled with `set_option linter.unnecessarySeqFocus false`
warning: CGLMP5/ScalarTableRow21.lean:176:4: Used `tac1 <;> tac2` where `(tac1; tac2)` would suffice

Note: This linter can be disabled with `set_option linter.unnecessarySeqFocus false`
warning: CGLMP5/ScalarTableRow21.lean:180:4: Used `tac1 <;> tac2` where `(tac1; tac2)` would suffice

Note: This linter can be disabled with `set_option linter.unnecessarySeqFocus false`
⚠ [2801/2834] Replayed CGLMP5.ScalarTableRow22
warning: CGLMP5/ScalarTableRow22.lean:88:8: Unused tactic linter: `ring` does nothing

Note: This linter can be disabled with `set_option linter.unusedTactic false`
warning: CGLMP5/ScalarTableRow22.lean:88:8: this tactic is never executed

Note: This linter can be disabled with `set_option linter.unreachableTactic false`
warning: CGLMP5/ScalarTableRow22.lean:92:4: Used `tac1 <;> tac2` where `(tac1; tac2)` would suffice

Note: This linter can be disabled with `set_option linter.unnecessarySeqFocus false`
warning: CGLMP5/ScalarTableRow22.lean:96:4: Used `tac1 <;> tac2` where `(tac1; tac2)` would suffice

Note: This linter can be disabled with `set_option linter.unnecessarySeqFocus false`
warning: CGLMP5/ScalarTableRow22.lean:100:4: Used `tac1 <;> tac2` where `(tac1; tac2)` would suffice

Note: This linter can be disabled with `set_option linter.unnecessarySeqFocus false`
warning: CGLMP5/ScalarTableRow22.lean:104:4: Used `tac1 <;> tac2` where `(tac1; tac2)` would suffice

Note: This linter can be disabled with `set_option linter.unnecessarySeqFocus false`
warning: CGLMP5/ScalarTableRow22.lean:108:4: Used `tac1 <;> tac2` where `(tac1; tac2)` would suffice

Note: This linter can be disabled with `set_option linter.unnecessarySeqFocus false`
warning: CGLMP5/ScalarTableRow22.lean:112:4: Used `tac1 <;> tac2` where `(tac1; tac2)` would suffice

Note: This linter can be disabled with `set_option linter.unnecessarySeqFocus false`
warning: CGLMP5/ScalarTableRow22.lean:116:4: Used `tac1 <;> tac2` where `(tac1; tac2)` would suffice

Note: This linter can be disabled with `set_option linter.unnecessarySeqFocus false`
warning: CGLMP5/ScalarTableRow22.lean:120:4: Used `tac1 <;> tac2` where `(tac1; tac2)` would suffice

Note: This linter can be disabled with `set_option linter.unnecessarySeqFocus false`
warning: CGLMP5/ScalarTableRow22.lean:124:4: Used `tac1 <;> tac2` where `(tac1; tac2)` would suffice

Note: This linter can be disabled with `set_option linter.unnecessarySeqFocus false`
warning: CGLMP5/ScalarTableRow22.lean:128:4: Used `tac1 <;> tac2` where `(tac1; tac2)` would suffice

Note: This linter can be disabled with `set_option linter.unnecessarySeqFocus false`
warning: CGLMP5/ScalarTableRow22.lean:132:4: Used `tac1 <;> tac2` where `(tac1; tac2)` would suffice

Note: This linter can be disabled with `set_option linter.unnecessarySeqFocus false`
warning: CGLMP5/ScalarTableRow22.lean:136:4: Used `tac1 <;> tac2` where `(tac1; tac2)` would suffice

Note: This linter can be disabled with `set_option linter.unnecessarySeqFocus false`
warning: CGLMP5/ScalarTableRow22.lean:140:4: Used `tac1 <;> tac2` where `(tac1; tac2)` would suffice

Note: This linter can be disabled with `set_option linter.unnecessarySeqFocus false`
warning: CGLMP5/ScalarTableRow22.lean:144:4: Used `tac1 <;> tac2` where `(tac1; tac2)` would suffice

Note: This linter can be disabled with `set_option linter.unnecessarySeqFocus false`
warning: CGLMP5/ScalarTableRow22.lean:148:4: Used `tac1 <;> tac2` where `(tac1; tac2)` would suffice

Note: This linter can be disabled with `set_option linter.unnecessarySeqFocus false`
warning: CGLMP5/ScalarTableRow22.lean:152:4: Used `tac1 <;> tac2` where `(tac1; tac2)` would suffice

Note: This linter can be disabled with `set_option linter.unnecessarySeqFocus false`
warning: CGLMP5/ScalarTableRow22.lean:156:4: Used `tac1 <;> tac2` where `(tac1; tac2)` would suffice

Note: This linter can be disabled with `set_option linter.unnecessarySeqFocus false`
warning: CGLMP5/ScalarTableRow22.lean:160:4: Used `tac1 <;> tac2` where `(tac1; tac2)` would suffice

Note: This linter can be disabled with `set_option linter.unnecessarySeqFocus false`
warning: CGLMP5/ScalarTableRow22.lean:164:4: Used `tac1 <;> tac2` where `(tac1; tac2)` would suffice

Note: This linter can be disabled with `set_option linter.unnecessarySeqFocus false`
warning: CGLMP5/ScalarTableRow22.lean:168:4: Used `tac1 <;> tac2` where `(tac1; tac2)` would suffice

Note: This linter can be disabled with `set_option linter.unnecessarySeqFocus false`
warning: CGLMP5/ScalarTableRow22.lean:172:4: Used `tac1 <;> tac2` where `(tac1; tac2)` would suffice

Note: This linter can be disabled with `set_option linter.unnecessarySeqFocus false`
warning: CGLMP5/ScalarTableRow22.lean:176:4: Used `tac1 <;> tac2` where `(tac1; tac2)` would suffice

Note: This linter can be disabled with `set_option linter.unnecessarySeqFocus false`
warning: CGLMP5/ScalarTableRow22.lean:180:4: Used `tac1 <;> tac2` where `(tac1; tac2)` would suffice

Note: This linter can be disabled with `set_option linter.unnecessarySeqFocus false`
⚠ [2802/2834] Replayed CGLMP5.ScalarTableRow23
warning: CGLMP5/ScalarTableRow23.lean:88:8: Unused tactic linter: `ring` does nothing

Note: This linter can be disabled with `set_option linter.unusedTactic false`
warning: CGLMP5/ScalarTableRow23.lean:88:8: this tactic is never executed

Note: This linter can be disabled with `set_option linter.unreachableTactic false`
warning: CGLMP5/ScalarTableRow23.lean:92:4: Used `tac1 <;> tac2` where `(tac1; tac2)` would suffice

Note: This linter can be disabled with `set_option linter.unnecessarySeqFocus false`
warning: CGLMP5/ScalarTableRow23.lean:96:4: Used `tac1 <;> tac2` where `(tac1; tac2)` would suffice

Note: This linter can be disabled with `set_option linter.unnecessarySeqFocus false`
warning: CGLMP5/ScalarTableRow23.lean:100:4: Used `tac1 <;> tac2` where `(tac1; tac2)` would suffice

Note: This linter can be disabled with `set_option linter.unnecessarySeqFocus false`
warning: CGLMP5/ScalarTableRow23.lean:104:4: Used `tac1 <;> tac2` where `(tac1; tac2)` would suffice

Note: This linter can be disabled with `set_option linter.unnecessarySeqFocus false`
warning: CGLMP5/ScalarTableRow23.lean:108:4: Used `tac1 <;> tac2` where `(tac1; tac2)` would suffice

Note: This linter can be disabled with `set_option linter.unnecessarySeqFocus false`
warning: CGLMP5/ScalarTableRow23.lean:112:4: Used `tac1 <;> tac2` where `(tac1; tac2)` would suffice

Note: This linter can be disabled with `set_option linter.unnecessarySeqFocus false`
warning: CGLMP5/ScalarTableRow23.lean:116:4: Used `tac1 <;> tac2` where `(tac1; tac2)` would suffice

Note: This linter can be disabled with `set_option linter.unnecessarySeqFocus false`
warning: CGLMP5/ScalarTableRow23.lean:120:4: Used `tac1 <;> tac2` where `(tac1; tac2)` would suffice

Note: This linter can be disabled with `set_option linter.unnecessarySeqFocus false`
warning: CGLMP5/ScalarTableRow23.lean:124:4: Used `tac1 <;> tac2` where `(tac1; tac2)` would suffice

Note: This linter can be disabled with `set_option linter.unnecessarySeqFocus false`
warning: CGLMP5/ScalarTableRow23.lean:128:4: Used `tac1 <;> tac2` where `(tac1; tac2)` would suffice

Note: This linter can be disabled with `set_option linter.unnecessarySeqFocus false`
warning: CGLMP5/ScalarTableRow23.lean:132:4: Used `tac1 <;> tac2` where `(tac1; tac2)` would suffice

Note: This linter can be disabled with `set_option linter.unnecessarySeqFocus false`
warning: CGLMP5/ScalarTableRow23.lean:136:4: Used `tac1 <;> tac2` where `(tac1; tac2)` would suffice

Note: This linter can be disabled with `set_option linter.unnecessarySeqFocus false`
warning: CGLMP5/ScalarTableRow23.lean:140:4: Used `tac1 <;> tac2` where `(tac1; tac2)` would suffice

Note: This linter can be disabled with `set_option linter.unnecessarySeqFocus false`
warning: CGLMP5/ScalarTableRow23.lean:144:4: Used `tac1 <;> tac2` where `(tac1; tac2)` would suffice

Note: This linter can be disabled with `set_option linter.unnecessarySeqFocus false`
warning: CGLMP5/ScalarTableRow23.lean:148:4: Used `tac1 <;> tac2` where `(tac1; tac2)` would suffice

Note: This linter can be disabled with `set_option linter.unnecessarySeqFocus false`
warning: CGLMP5/ScalarTableRow23.lean:152:4: Used `tac1 <;> tac2` where `(tac1; tac2)` would suffice

Note: This linter can be disabled with `set_option linter.unnecessarySeqFocus false`
warning: CGLMP5/ScalarTableRow23.lean:156:4: Used `tac1 <;> tac2` where `(tac1; tac2)` would suffice

Note: This linter can be disabled with `set_option linter.unnecessarySeqFocus false`
warning: CGLMP5/ScalarTableRow23.lean:160:4: Used `tac1 <;> tac2` where `(tac1; tac2)` would suffice

Note: This linter can be disabled with `set_option linter.unnecessarySeqFocus false`
warning: CGLMP5/ScalarTableRow23.lean:164:4: Used `tac1 <;> tac2` where `(tac1; tac2)` would suffice

Note: This linter can be disabled with `set_option linter.unnecessarySeqFocus false`
warning: CGLMP5/ScalarTableRow23.lean:168:4: Used `tac1 <;> tac2` where `(tac1; tac2)` would suffice

Note: This linter can be disabled with `set_option linter.unnecessarySeqFocus false`
warning: CGLMP5/ScalarTableRow23.lean:172:4: Used `tac1 <;> tac2` where `(tac1; tac2)` would suffice

Note: This linter can be disabled with `set_option linter.unnecessarySeqFocus false`
warning: CGLMP5/ScalarTableRow23.lean:176:4: Used `tac1 <;> tac2` where `(tac1; tac2)` would suffice

Note: This linter can be disabled with `set_option linter.unnecessarySeqFocus false`
warning: CGLMP5/ScalarTableRow23.lean:180:4: Used `tac1 <;> tac2` where `(tac1; tac2)` would suffice

Note: This linter can be disabled with `set_option linter.unnecessarySeqFocus false`
⚠ [2806/2834] Replayed CGLMP5.SOSGramSemantics
warning: CGLMP5/SOSGramSemantics.lean:93:13: This simp argument is unused:
  Function.comp_apply

Hint: Omit it from the simp argument list.
  [apply] simp only [h]

Note: This linter can be disabled with `set_option linter.unusedSimpArgs false`
⚠ [2828/2834] Replayed CGLMP5.SOSSemanticsCore
warning: CGLMP5/SOSSemanticsCore.lean:26:60: This simp argument is unused:
  List.map_map

Hint: Omit it from the simp argument list.
  [apply] simp only [complexPolynomial, termReflectedPolynomial, computedFeatures, SOS.factoredGramExpand, featureValue,
    List.map_flatMap, Function.comp_def, List.map_cons, List.map_nil, hMul]

Note: This linter can be disabled with `set_option linter.unusedSimpArgs false`
warning: CGLMP5/SOSSemanticsCore.lean:27:4: This simp argument is unused:
  Function.comp_def

Hint: Omit it from the simp argument list.
  [apply] simp only [complexPolynomial, termReflectedPolynomial, computedFeatures, SOS.factoredGramExpand, featureValue,
    List.map_flatMap, List.map_map, List.map_cons, List.map_nil, hMul]

Note: This linter can be disabled with `set_option linter.unusedSimpArgs false`
⚠ [2832/2834] Replayed CGLMP5.SOSTargetCoefficients
warning: CGLMP5/SOSTargetCoefficients.lean:37:41: This simp argument is unused:
  Scalar.uC_sq

Hint: Omit it from the simp argument list.
  [apply] simp only [Scalar.sC_sq, Complex.I_sq]

Note: This linter can be disabled with `set_option linter.unusedSimpArgs false`
warning: CGLMP5/SOSTargetCoefficients.lean:37:55: This simp argument is unused:
  Complex.I_sq

Hint: Omit it from the simp argument list.
  [apply] simp only [Scalar.sC_sq, Scalar.uC_sq]

Note: This linter can be disabled with `set_option linter.unusedSimpArgs false`
⚠ [2833/2834] Replayed CGLMP5.SOSTarget
warning: CGLMP5/SOSTarget.lean:19:19: This simp argument is unused:
  Prod.fst

Hint: Omit it from the simp argument list.
  [apply] simp only [List.map_cons, List.map_flatMap, List.map_map, Function.comp_def, List.sum_cons, Prod.snd,
    Scalar.eval_mu, hone]

Note: This linter can be disabled with `set_option linter.unusedSimpArgs false`
warning: CGLMP5/SOSTarget.lean:19:29: This simp argument is unused:
  Prod.snd

Hint: Omit it from the simp argument list.
  [apply] simp only [List.map_cons, List.map_flatMap, List.map_map, Function.comp_def, List.sum_cons, Prod.fst,
    Scalar.eval_mu, hone]

Note: This linter can be disabled with `set_option linter.unusedSimpArgs false`
warning: CGLMP5/SOSTarget.lean:23:62: This simp argument is unused:
  zero_add

Hint: Omit it from the simp argument list.
  [apply] simp only [hfr, List.flatMap_cons, List.flatMap_nil, List.map_cons, List.map_nil, List.append_nil,
    List.cons_append, List.nil_append, List.sum_cons, List.sum_nil, SOS.bell, Fin.sum_univ_succ, Fin.sum_univ_zero,
    add_zero]

Note: This linter can be disabled with `set_option linter.unusedSimpArgs false`
✔ [2834/2834] Built CGLMP5.SOSIdentity (2.0s)
Build completed successfully (2834 jobs).
